sensor_ts,store_id,shelf_id,temperature_c,humidity_pct,battery_mv
2024-01-01T00:00:00,1,SHELF-D12,19.71,53.33,3106
2024-01-01T00:20:00,1,SHELF-D12,19.19,54.73,3106
2024-01-01T00:40:00,1,SHELF-D12,19.07,52.54,3106
2024-01-01T01:00:00,1,SHELF-D12,18.08,49.67,3106
2024-01-01T01:20:00,1,SHELF-D12,19.77,50.70,3106
2024-01-01T01:40:00,1,SHELF-D12,19.72,52.21,3106
2024-01-01T02:00:00,1,SHELF-D12,19.37,52.35,3106
2024-01-01T02:20:00,1,SHELF-D12,19.41,54.04,3106
2024-01-01T02:40:00,1,SHELF-D12,18.08,50.17,3106
2024-01-01T03:00:00,1,SHELF-D12,19.33,48.26,3106
2024-01-01T03:20:00,1,SHELF-D12,19.18,42.39,3106
2024-01-01T03:40:00,1,SHELF-D12,20.11,57.05,3106
2024-01-01T04:00:00,1,SHELF-D12,19.22,49.73,3106
2024-01-01T04:20:00,1,SHELF-D12,19.70,46.80,3106
2024-01-01T04:40:00,1,SHELF-D12,20.01,52.83,3106
2024-01-01T05:00:00,1,SHELF-D12,18.92,44.56,3106
2024-01-01T05:20:00,1,SHELF-D12,18.90,44.95,3106
2024-01-01T05:40:00,1,SHELF-D12,18.49,45.16,3106
2024-01-01T06:00:00,1,SHELF-D12,19.97,54.04,3106
2024-01-01T06:20:00,1,SHELF-D12,18.76,44.99,3106
2024-01-01T06:40:00,1,SHELF-D12,19.08,50.44,3106
2024-01-01T07:00:00,1,SHELF-D12,19.91,47.57,3106
2024-01-01T07:20:00,1,SHELF-D12,20.31,46.76,3106
2024-01-01T07:40:00,1,SHELF-D12,18.95,46.89,3106
2024-01-01T08:00:00,1,SHELF-D12,19.83,44.21,3106
2024-01-01T08:20:00,1,SHELF-D12,20.08,52.32,3106
2024-01-01T08:40:00,1,SHELF-D12,19.79,47.03,3106
2024-01-01T09:00:00,1,SHELF-D12,-0.92,57.42,3106
2024-01-01T09:20:00,1,SHELF-D12,20.30,48.65,3106
2024-01-01T09:40:00,1,SHELF-D12,19.10,42.49,3106
2024-01-01T10:00:00,1,SHELF-D12,19.61,50.60,3106
2024-01-01T10:20:00,1,SHELF-D12,20.54,54.25,3106
2024-01-01T10:40:00,1,SHELF-D12,19.29,54.40,3106
2024-01-01T11:00:00,1,SHELF-D12,20.83,42.67,3106
2024-01-01T11:20:00,1,SHELF-D12,21.16,43.64,3106
2024-01-01T11:40:00,1,SHELF-D12,19.78,57.99,3106
2024-01-01T12:00:00,1,SHELF-D12,20.94,49.03,3106
2024-01-01T12:20:00,1,SHELF-D12,19.78,54.97,3106
2024-01-01T12:40:00,1,SHELF-D12,20.73,52.12,3106
2024-01-01T13:00:00,1,SHELF-D12,19.85,45.31,3106
2024-01-01T13:20:00,1,SHELF-D12,19.99,50.62,3106
2024-01-01T13:40:00,1,SHELF-D12,20.01,46.28,3106
2024-01-01T14:00:00,1,SHELF-D12,20.92,43.52,3106
2024-01-01T14:20:00,1,SHELF-D12,21.40,57.88,3106
2024-01-01T14:40:00,1,SHELF-D12,21.29,45.99,3106
2024-01-01T15:00:00,1,SHELF-D12,21.21,52.82,3106
2024-01-01T15:20:00,1,SHELF-D12,20.22,48.63,3106
2024-01-01T15:40:00,1,SHELF-D12,21.44,43.49,3106
2024-01-01T16:00:00,1,SHELF-D12,21.68,47.91,3106
2024-01-01T16:20:00,1,SHELF-D12,19.81,54.39,3106
2024-01-01T16:40:00,1,SHELF-D12,20.72,52.63,3106
2024-01-01T17:00:00,1,SHELF-D12,21.00,45.49,3106
2024-01-01T17:20:00,1,SHELF-D12,20.47,55.25,3106
2024-01-01T17:40:00,1,SHELF-D12,21.06,49.77,3106
2024-01-01T18:00:00,1,SHELF-D12,20.15,43.59,3106
,1,SHELF-D12,20.31,55.72,3106
2024-01-01T18:40:00,1,SHELF-D12,21.97,45.24,3106
2024-01-01T19:00:00,1,SHELF-D12,20.45,52.40,3106
2024-01-01T19:20:00,1,SHELF-D12,22.05,46.38,3106
2024-01-01T19:40:00,1,SHELF-D12,20.68,47.95,3106
2024-01-01T20:00:00,1,SHELF-D12,20.64,48.34,3106
2024-01-01T20:20:00,1,SHELF-D12,21.71,45.75,3106
2024-01-01T20:40:00,1,SHELF-D12,21.72,42.02,3106
2024-01-01T21:00:00,1,SHELF-D12,20.70,45.62,3106
2024-01-01T21:20:00,1,SHELF-D12,20.45,53.13,3106
2024-01-01T21:40:00,1,SHELF-D12,22.41,48.76,3106
2024-01-01T22:00:00,1,SHELF-D12,20.70,48.13,3106
2024-01-01T22:20:00,1,SHELF-D12,20.76,47.01,3106
2024-01-01T22:40:00,1,SHELF-D12,20.83,54.38,3106
2024-01-01T23:00:00,1,SHELF-D12,20.95,57.89,3106
2024-01-01T23:20:00,1,SHELF-D12,21.74,42.14,3106
2024-01-01T23:40:00,1,SHELF-D12,21.56,53.56,3106
2024-01-01T00:00:00,1,SHELF-A19,19.65,51.86,3138
2024-01-01T00:20:00,1,SHELF-A19,18.24,56.35,3138
2024-01-01T00:40:00,1,SHELF-A19,18.05,53.68,3138
2024-01-01T01:00:00,1,SHELF-A19,18.79,54.66,3138
2024-01-01T01:20:00,1,SHELF-A19,19.22,45.97,3138
2024-01-01T01:40:00,1,SHELF-A19,19.38,46.56,3138
2024-01-01T02:00:00,1,SHELF-A19,18.11,55.55,3138
2024-01-01T02:20:00,1,SHELF-A19,18.47,51.71,3138
2024-01-01T02:40:00,1,SHELF-A19,18.84,52.34,3138
2024-01-01T03:00:00,1,SHELF-A19,19.77,45.83,3138
2024-01-01T03:20:00,1,SHELF-A19,18.66,52.21,3138
2024-01-01T03:40:00,1,SHELF-A19,19.96,42.19,3138
2024-01-01T04:00:00,1,SHELF-A19,18.94,48.19,3138
2024-01-01T04:20:00,1,SHELF-A19,19.15,50.74,3138
2024-01-01T04:40:00,1,SHELF-A19,19.25,57.80,3138
2024-01-01T05:00:00,1,SHELF-A19,19.61,42.22,3138
2024-01-01T05:20:00,1,SHELF-A19,20.28,57.18,3138
2024-01-01T05:40:00,1,SHELF-A19,19.01,53.40,3138
2024-01-01T06:00:00,1,SHELF-A19,19.40,48.44,3138
2024-01-01T06:20:00,1,SHELF-A19,19.63,44.44,3138
2024-01-01T06:40:00,1,SHELF-A19,18.72,56.73,3138
2024-01-01T07:00:00,1,SHELF-A19,18.99,47.23,3138
2024-01-01T07:20:00,1,SHELF-A19,20.21,52.40,3138
2024-01-01T07:40:00,1,SHELF-A19,19.30,49.00,3138
2024-01-01T08:00:00,1,SHELF-A19,19.28,45.91,3138
2024-01-01T08:20:00,1,SHELF-A19,19.04,51.80,3138
2024-01-01T08:40:00,1,SHELF-A19,20.14,52.53,3138
2024-01-01T09:00:00,1,SHELF-A19,18.96,44.20,3138
2024-01-01T09:20:00,1,SHELF-A19,19.93,47.55,3138
2024-01-01T09:40:00,1,SHELF-A19,20.58,46.15,3138
2024-01-01T10:00:00,1,SHELF-A19,20.56,55.98,3138
2024-01-01T10:20:00,1,SHELF-A19,19.29,56.40,3138
2024-01-01T10:40:00,1,SHELF-A19,19.92,50.38,3138
2024-01-01T11:00:00,1,SHELF-A19,21.13,52.04,3138
2024-01-01T11:20:00,1,SHELF-A19,20.20,42.89,3138
2024-01-01T11:40:00,1,SHELF-A19,19.52,44.52,3138
2024-01-01T12:00:00,1,SHELF-A19,21.10,52.79,3138
2024-01-01T12:20:00,1,SHELF-A19,20.79,42.04,3138
2024-01-01T12:40:00,1,SHELF-A19,19.33,42.74,3138
2024-01-01T13:00:00,1,SHELF-A19,21.27,44.86,3138
2024-01-01T13:20:00,1,SHELF-A19,19.50,54.85,3138
2024-01-01T13:40:00,1,SHELF-A19,20.74,45.59,3138
2024-01-01T14:00:00,1,SHELF-A19,21.39,47.12,3138
2024-01-01T14:20:00,1,SHELF-A19,20.70,43.91,3138
2024-01-01T14:40:00,1,SHELF-A19,19.66,45.57,3138
2024-01-01T15:00:00,1,SHELF-A19,19.77,48.41,3138
2024-01-01T15:20:00,1,SHELF-A19,21.41,54.38,3138
2024-01-01T15:40:00,1,SHELF-A19,19.86,49.31,3138
2024-01-01T16:00:00,1,SHELF-A19,20.39,54.55,3138
2024-01-01T16:20:00,1,SHELF-A19,20.29,47.89,3138
2024-01-01T16:40:00,1,SHELF-A19,21.80,54.41,3138
2024-01-01T17:00:00,1,SHELF-A19,21.03,54.74,3138
2024-01-01T17:20:00,1,SHELF-A19,21.80,42.38,3138
2024-01-01T17:40:00,1,SHELF-A19,21.20,8.79,3138
2024-01-01T18:00:00,1,SHELF-A19,20.81,53.81,3138
2024-01-01T18:20:00,1,SHELF-A19,20.67,45.28,3138
2024-01-01T18:40:00,1,SHELF-A19,22.02,48.72,3138
2024-01-01T19:00:00,1,SHELF-A19,22.11,57.56,3138
2024-01-01T19:20:00,1,SHELF-A19,20.47,46.48,3138
2024-01-01T19:40:00,1,SHELF-A19,20.27,45.70,3138
2024-01-01T20:00:00,1,SHELF-A19,22.00,48.61,3138
2024-01-01T20:20:00,1,SHELF-A19,22.10,49.34,3138
2024-01-01T20:40:00,1,SHELF-A19,21.80,51.29,3138
2024-01-01T21:00:00,1,SHELF-A19,21.44,52.20,3138
2024-01-01T21:20:00,1,SHELF-A19,21.22,51.47,3138
2024-01-01T21:40:00,1,SHELF-A19,20.56,52.60,3138
2024-01-01T22:00:00,1,SHELF-A19,20.82,46.67,3138
2024-01-01T22:20:00,1,SHELF-A19,22.26,56.82,3138
2024-01-01T22:40:00,1,SHELF-A19,21.34,55.31,3138
2024-01-01T23:00:00,1,SHELF-A19,21.34,49.24,3138
2024-01-01T23:20:00,1,SHELF-A19,21.15,57.10,3138
2024-01-01T23:40:00,1,SHELF-A19,20.95,54.32,3138
2024-01-01T00:00:00,1,SHELF-B19,18.12,44.63,3127
2024-01-01T00:20:00,1,SHELF-B19,18.74,48.50,3127
2024-01-01T00:40:00,1,SHELF-B19,18.88,57.43,3127
2024-01-01T01:00:00,1,SHELF-B19,18.35,46.93,3127
2024-01-01T01:20:00,1,SHELF-B19,18.46,43.92,3127
2024-01-01T01:40:00,1,SHELF-B19,18.25,52.98,3127
2024-01-01T02:00:00,1,SHELF-B19,19.71,53.15,3127
2024-01-01T02:20:00,1,SHELF-B19,18.14,55.37,3127
2024-01-01T02:40:00,1,SHELF-B19,18.71,43.46,3127
2024-01-01T03:00:00,1,SHELF-B19,18.68,47.69,3127
2024-01-01T03:20:00,1,SHELF-B19,19.21,52.83,3127
2024-01-01T03:40:00,1,SHELF-B19,18.70,57.85,3127
2024-01-01T04:00:00,1,SHELF-B19,18.37,48.47,3127
2024-01-01T04:20:00,1,SHELF-B19,19.21,53.97,3127
2024-01-01T04:40:00,1,SHELF-B19,18.81,49.39,3127
2024-01-01T05:00:00,1,SHELF-B19,20.04,44.24,3127
2024-01-01T05:20:00,1,SHELF-B19,18.46,55.29,3127
2024-01-01T05:40:00,1,SHELF-B19,20.40,44.09,3127
2024-01-01T06:00:00,1,SHELF-B19,20.21,47.96,3127
2024-01-01T06:20:00,1,SHELF-B19,19.82,52.31,3127
2024-01-01T06:40:00,1,SHELF-B19,19.72,46.14,3127
2024-01-01T07:00:00,1,SHELF-B19,20.31,42.35,3127
2024-01-01T07:20:00,1,SHELF-B19,18.81,56.44,3127
2024-01-01T07:40:00,1,SHELF-B19,19.57,44.06,3127
2024-01-01T08:00:00,1,SHELF-B19,20.62,55.27,3127
2024-01-01T08:20:00,1,SHELF-B19,19.47,42.68,3127
2024-01-01T08:40:00,1,SHELF-B19,19.73,44.69,3127
2024-01-01T09:00:00,1,SHELF-B19,20.08,55.15,3127
2024-01-01T09:20:00,1,SHELF-B19,19.72,42.47,3127
2024-01-01T09:40:00,1,SHELF-B19,20.30,44.76,3127
2024-01-01T10:00:00,1,SHELF-B19,19.49,44.99,3127
2024-01-01T10:20:00,1,SHELF-B19,19.62,56.13,3127
2024-01-01T10:40:00,1,SHELF-B19,19.13,51.91,3127
2024-01-01T11:00:00,1,SHELF-B19,19.67,46.72,3127
2024-01-01T11:20:00,1,SHELF-B19,20.01,50.81,3127
2024-01-01T11:40:00,1,SHELF-B19,19.30,46.48,3127
2024-01-01T12:00:00,1,SHELF-B19,19.58,45.19,3127
2024-01-01T12:20:00,1,SHELF-B19,21.08,50.41,3127
2024-01-01T12:40:00,1,SHELF-B19,20.57,54.83,3127
2024-01-01T13:00:00,1,SHELF-B19,21.02,57.83,3127
2024-01-01T13:20:00,1,SHELF-B19,21.00,47.75,3127
2024-01-01T13:40:00,1,SHELF-B19,20.52,49.75,3127
2024-01-01T14:00:00,1,SHELF-B19,21.38,50.04,3127
2024-01-01T14:20:00,1,SHELF-B19,20.33,44.88,3127
2024-01-01T14:40:00,1,SHELF-B19,20.20,45.50,3127
2024-01-01T15:00:00,1,SHELF-B19,21.47,54.46,3127
2024-01-01T15:20:00,1,SHELF-B19,19.80,57.86,3127
2024-01-01T15:40:00,1,SHELF-B19,20.74,54.27,3127
2024-01-01T16:00:00,1,SHELF-B19,21.81,57.58,3127
2024-01-01T16:20:00,1,SHELF-B19,20.01,52.51,3127
2024-01-01T16:40:00,1,SHELF-B19,20.34,55.06,3127
2024-01-01T17:00:00,1,SHELF-B19,21.77,42.89,3127
2024-01-01T17:20:00,1,SHELF-B19,21.93,45.51,3127
2024-01-01T17:40:00,1,SHELF-B19,21.63,54.76,3127
2024-01-01T18:00:00,1,SHELF-B19,20.77,55.43,3127
2024-01-01T18:20:00,1,SHELF-B19,21.75,44.82,3127
2024-01-01T18:40:00,1,SHELF-B19,21.24,54.90,3127
2024-01-01T19:00:00,1,SHELF-B19,21.58,56.62,3127
2024-01-01T19:20:00,1,SHELF-B19,20.24,53.21,3127
2024-01-01T19:40:00,1,SHELF-B19,22.08,51.02,3127
2024-01-01T20:00:00,1,SHELF-B19,21.43,45.01,3127
2024-01-01T20:20:00,1,SHELF-B19,22.28,56.11,3127
2024-01-01T20:40:00,1,SHELF-B19,21.29,46.94,3127
2024-01-01T21:00:00,1,SHELF-B19,21.41,43.44,3127
2024-01-01T21:20:00,1,SHELF-B19,20.90,45.50,3127
2024-01-01T21:40:00,1,SHELF-B19,21.49,42.01,3127
2024-01-01T22:00:00,1,SHELF-B19,22.39,45.22,3127
2024-01-01T22:20:00,1,SHELF-B19,20.82,53.47,3127
2024-01-01T22:40:00,1,SHELF-B19,22.40,55.51,3127
2024-01-01T23:00:00,1,SHELF-B19,21.33,42.35,3127
2024-01-01T23:20:00,1,SHELF-B19,21.86,56.68,3127
2024-01-01T23:40:00,1,SHELF-B19,22.23,55.54,3127
2024-01-01T00:00:00,1,SHELF-E06,19.73,47.98,3193
2024-01-01T00:20:00,1,SHELF-E06,19.69,48.33,3193
2024-01-01T00:40:00,1,SHELF-E06,18.01,46.83,3193
2024-01-01T01:00:00,1,SHELF-E06,18.21,44.52,3193
2024-01-01T01:20:00,1,SHELF-E06,19.83,54.67,3193
2024-01-01T01:40:00,1,SHELF-E06,19.85,52.39,3193
2024-01-01T02:00:00,1,SHELF-E06,18.41,57.50,3193
2024-01-01T02:20:00,1,SHELF-E06,19.44,56.86,3193
2024-01-01T02:40:00,1,SHELF-E06,19.63,45.57,3193
2024-01-01T03:00:00,1,SHELF-E06,19.36,44.81,3193
2024-01-01T03:20:00,1,SHELF-E06,18.80,53.02,3193
2024-01-01T03:40:00,1,SHELF-E06,18.44,53.66,3193
2024-01-01T04:00:00,1,SHELF-E06,20.21,57.18,3193
2024-01-01T04:20:00,1,SHELF-E06,19.09,57.91,3193
2024-01-01T04:40:00,1,SHELF-E06,20.24,42.52,3193
2024-01-01T05:00:00,1,SHELF-E06,19.64,56.74,3193
2024-01-01T05:20:00,1,SHELF-E06,20.37,45.53,3193
2024-01-01T05:40:00,1,SHELF-E06,19.56,56.99,3193
2024-01-01T06:00:00,1,SHELF-E06,18.84,53.93,3193
2024-01-01T06:20:00,1,SHELF-E06,19.03,57.72,3193
2024-01-01T06:40:00,1,SHELF-E06,18.89,56.17,3193
2024-01-01T07:00:00,1,SHELF-E06,18.86,53.34,3193
2024-01-01T07:20:00,1,SHELF-E06,19.96,56.19,3193
2024-01-01T07:40:00,1,SHELF-E06,19.58,46.24,3193
2024-01-01T08:00:00,1,SHELF-E06,19.31,43.08,3193
2024-01-01T08:20:00,1,SHELF-E06,19.32,43.73,3193
2024-01-01T08:40:00,1,SHELF-E06,18.81,48.17,3193
2024-01-01T09:00:00,1,SHELF-E06,20.40,57.51,3193
2024-01-01T09:20:00,1,SHELF-E06,20.70,49.89,3193
2024-01-01T09:40:00,1,SHELF-E06,19.69,50.74,3193
2024-01-01T10:00:00,1,SHELF-E06,19.26,49.67,3193
2024-01-01T10:20:00,1,SHELF-E06,20.79,52.42,3193
2024-01-01T10:40:00,1,SHELF-E06,20.43,44.60,3193
2024-01-01T11:00:00,1,SHELF-E06,19.33,55.53,3193
2024-01-01T11:20:00,1,SHELF-E06,19.77,47.10,3193
2024-01-01T11:40:00,1,SHELF-E06,21.09,43.19,3193
2024-01-01T12:00:00,1,SHELF-E06,19.65,48.01,3193
2024-01-01T12:20:00,1,SHELF-E06,20.77,50.75,3193
2024-01-01T12:40:00,1,SHELF-E06,21.10,43.49,3193
2024-01-01T13:00:00,1,SHELF-E06,20.62,51.82,3193
2024-01-01T13:20:00,1,SHELF-E06,20.40,42.50,3193
2024-01-01T13:40:00,1,SHELF-E06,21.32,44.64,3193
2024-01-01T14:00:00,1,SHELF-E06,21.34,44.51,3193
2024-01-01T14:20:00,1,SHELF-E06,19.76,45.29,3193
2024-01-01T14:40:00,1,SHELF-E06,19.94,53.16,3193
2024-01-01T15:00:00,1,SHELF-E06,21.13,53.68,3193
2024-01-01T15:20:00,1,SHELF-E06,20.21,46.50,3193
2024-01-01T15:40:00,1,SHELF-E06,20.16,42.79,3193
2024-01-01T16:00:00,1,SHELF-E06,20.95,55.44,3193
2024-01-01T16:20:00,1,SHELF-E06,20.11,47.77,3193
2024-01-01T16:40:00,1,SHELF-E06,20.66,46.71,3193
2024-01-01T17:00:00,1,SHELF-E06,21.26,51.60,3193
2024-01-01T17:20:00,1,SHELF-E06,20.33,42.41,3193
2024-01-01T17:40:00,1,SHELF-E06,20.27,46.67,3193
2024-01-01T18:00:00,1,SHELF-E06,20.22,55.50,3193
2024-01-01T18:20:00,1,SHELF-E06,20.67,48.36,3193
2024-01-01T18:40:00,1,SHELF-E06,21.04,52.58,3193
2024-01-01T19:00:00,1,SHELF-E06,20.36,50.71,3193
2024-01-01T19:20:00,1,SHELF-E06,20.55,56.17,3193
2024-01-01T19:40:00,1,SHELF-E06,20.92,49.13,3193
2024-01-01T20:00:00,1,SHELF-E06,20.83,49.44,3193
2024-01-01T20:20:00,1,SHELF-E06,20.76,46.30,3193
2024-01-01T20:40:00,1,SHELF-E06,20.43,54.04,3193
2024-01-01T21:00:00,1,SHELF-E06,21.77,43.37,3193
2024-01-01T21:20:00,1,SHELF-E06,21.12,50.66,3193
2024-01-01T21:40:00,1,SHELF-E06,22.37,51.44,3193
2024-01-01T22:00:00,1,SHELF-E06,21.66,55.45,3193
2024-01-01T22:20:00,1,SHELF-E06,22.19,48.70,3193
2024-01-01T22:40:00,1,SHELF-E06,21.63,55.87,3193
2024-01-01T23:00:00,1,SHELF-E06,21.63,56.11,3193
2024-01-01T23:20:00,1,SHELF-E06,21.64,43.26,3193
2024-01-01T23:40:00,1,SHELF-E06,22.49,53.43,3193
2024-01-01T00:00:00,1,SHELF-F18,18.95,50.27,3228
2024-01-01T00:20:00,1,SHELF-F18,18.95,57.72,3228
2024-01-01T00:40:00,1,SHELF-F18,18.10,57.19,3228
2024-01-01T01:00:00,1,SHELF-F18,18.83,57.18,3228
2024-01-01T01:20:00,1,SHELF-F18,18.27,45.39,3228
2024-01-01T01:40:00,1,SHELF-F18,18.32,42.68,3228
2024-01-01T02:00:00,1,SHELF-F18,18.21,52.93,3228
2024-01-01T02:20:00,1,SHELF-F18,18.46,55.16,3228
2024-01-01T02:40:00,1,SHELF-F18,18.35,51.52,3228
2024-01-01T03:00:00,1,SHELF-F18,18.82,53.63,3228
2024-01-01T03:20:00,1,SHELF-F18,19.80,43.39,3228
2024-01-01T03:40:00,1,SHELF-F18,19.30,50.83,3228
2024-01-01T04:00:00,1,SHELF-F18,20.02,50.32,3228
2024-01-01T04:20:00,1,SHELF-F18,20.14,42.20,3228
2024-01-01T04:40:00,1,SHELF-F18,19.71,51.40,3228
2024-01-01T05:00:00,1,SHELF-F18,20.00,43.80,3228
2024-01-01T05:20:00,1,SHELF-F18,18.73,51.07,3228
2024-01-01T05:40:00,1,SHELF-F18,19.60,57.44,3228
2024-01-01T06:00:00,1,SHELF-F18,18.76,43.69,3228
2024-01-01T06:20:00,1,SHELF-F18,20.12,54.57,3228
2024-01-01T06:40:00,1,SHELF-F18,20.29,56.08,3228
2024-01-01T07:00:00,1,SHELF-F18,20.44,46.23,3228
2024-01-01T07:20:00,1,SHELF-F18,19.99,51.15,3228
2024-01-01T07:40:00,1,SHELF-F18,19.63,44.76,3228
2024-01-01T08:00:00,1,SHELF-F18,19.61,51.89,3228
2024-01-01T08:20:00,1,SHELF-F18,20.17,48.43,3228
2024-01-01T08:40:00,1,SHELF-F18,19.60,56.06,3228
2024-01-01T09:00:00,1,SHELF-F18,20.31,42.79,3228
2024-01-01T09:20:00,1,SHELF-F18,19.88,46.30,3228
2024-01-01T09:40:00,1,SHELF-F18,19.68,47.41,3228
2024-01-01T10:00:00,1,SHELF-F18,20.64,46.98,3228
2024-01-01T10:20:00,1,SHELF-F18,20.74,55.73,3228
2024-01-01T10:40:00,1,SHELF-F18,20.43,57.56,3228
2024-01-01T11:00:00,1,SHELF-F18,19.64,46.81,3228
2024-01-01T11:20:00,1,SHELF-F18,20.67,54.38,3228
2024-01-01T11:40:00,1,SHELF-F18,19.82,53.66,3228
2024-01-01T12:00:00,1,SHELF-F18,20.52,43.43,3228
2024-01-01T12:20:00,1,SHELF-F18,20.19,56.61,3228
2024-01-01T12:40:00,1,SHELF-F18,20.12,49.75,3228
2024-01-01T13:00:00,1,SHELF-F18,20.47,47.98,3228
2024-01-01T13:20:00,1,SHELF-F18,19.55,54.66,3228
2024-01-01T13:40:00,1,SHELF-F18,19.56,53.35,3228
2024-01-01T14:00:00,1,SHELF-F18,20.36,54.49,3228
2024-01-01T14:20:00,1,SHELF-F18,20.61,51.10,3228
2024-01-01T14:40:00,1,SHELF-F18,19.91,56.00,3228
2024-01-01T15:00:00,1,SHELF-F18,20.08,42.92,3228
2024-01-01T15:20:00,1,SHELF-F18,19.75,42.81,3228
2024-01-01T15:40:00,1,SHELF-F18,20.40,45.19,3228
2024-01-01T16:00:00,1,SHELF-F18,20.54,49.43,3228
2024-01-01T16:20:00,1,SHELF-F18,20.60,56.77,3228
2024-01-01T16:40:00,1,SHELF-F18,21.17,45.87,3228
2024-01-01T17:00:00,1,SHELF-F18,20.91,49.14,3228
2024-01-01T17:20:00,1,SHELF-F18,21.85,49.59,3228
2024-01-01T17:40:00,1,SHELF-F18,21.04,47.51,3228
2024-01-01T18:00:00,1,SHELF-F18,21.73,46.14,3228
2024-01-01T18:20:00,1,SHELF-F18,21.72,43.45,3228
2024-01-01T18:40:00,1,SHELF-F18,20.11,42.79,3228
2024-01-01T19:00:00,1,SHELF-F18,21.89,54.48,3228
2024-01-01T19:20:00,1,SHELF-F18,20.61,45.54,3228
2024-01-01T19:40:00,1,SHELF-F18,20.63,45.31,3228
2024-01-01T20:00:00,1,SHELF-F18,21.61,50.21,3228
2024-01-01T20:20:00,1,SHELF-F18,22.04,57.47,3228
2024-01-01T20:40:00,1,SHELF-F18,21.67,49.59,3228
2024-01-01T21:00:00,1,SHELF-F18,20.70,44.77,3228
2024-01-01T21:20:00,1,SHELF-F18,22.03,45.58,3228
2024-01-01T21:40:00,1,SHELF-F18,21.65,57.09,3228
2024-01-01T22:00:00,1,SHELF-F18,21.98,53.35,3228
2024-01-01T22:20:00,1,SHELF-F18,21.11,56.33,3228
2024-01-01T22:40:00,1,SHELF-F18,22.26,49.34,3228
2024-01-01T23:00:00,1,SHELF-F18,21.12,46.83,3228
2024-01-01T23:20:00,1,SHELF-F18,21.72,51.98,3228
2024-01-01T23:40:00,1,SHELF-F18,21.85,42.12,3228
2024-01-02T00:00:00,1,SHELF-D12,19.74,55.43,3267
2024-01-02T00:20:00,1,SHELF-D12,18.93,51.50,3267
2024-01-02T00:40:00,1,SHELF-D12,18.37,52.95,3267
2024-01-02T01:00:00,1,SHELF-D12,18.90,47.38,3267
2024-01-02T01:20:00,1,SHELF-D12,18.49,47.20,3267
2024-01-02T01:40:00,1,SHELF-D12,18.49,52.50,3267
2024-01-02T02:00:00,1,SHELF-D12,19.96,52.42,3267
2024-01-02T02:20:00,1,SHELF-D12,18.43,50.28,3267
2024-01-02T02:40:00,1,SHELF-D12,18.54,42.91,3267
2024-01-02T03:00:00,1,SHELF-D12,19.90,54.96,3267
2024-01-02T03:20:00,1,SHELF-D12,18.99,47.11,3267
2024-01-02T03:40:00,1,SHELF-D12,18.46,42.41,3267
2024-01-02T04:00:00,1,SHELF-D12,19.30,46.73,3267
2024-01-02T04:20:00,1,SHELF-D12,20.12,48.47,3267
2024-01-02T04:40:00,1,SHELF-D12,19.78,51.33,3267
2024-01-02T05:00:00,1,SHELF-D12,20.42,55.06,3267
2024-01-02T05:20:00,1,SHELF-D12,19.12,53.41,3267
2024-01-02T05:40:00,1,SHELF-D12,19.81,52.21,3267
2024-01-02T06:00:00,1,SHELF-D12,19.51,57.05,3267
2024-01-02T06:20:00,1,SHELF-D12,19.27,46.80,3267
2024-01-02T06:40:00,1,SHELF-D12,18.90,52.52,3267
2024-01-02T07:00:00,1,SHELF-D12,19.80,46.70,3267
2024-01-02T07:20:00,1,SHELF-D12,19.62,53.85,3267
2024-01-02T07:40:00,1,SHELF-D12,20.13,50.94,3267
2024-01-02T08:00:00,1,SHELF-D12,20.63,57.15,3267
2024-01-02T08:20:00,1,SHELF-D12,20.61,52.47,3267
2024-01-02T08:40:00,1,SHELF-D12,19.25,45.57,3267
2024-01-02T09:00:00,1,SHELF-D12,20.68,48.73,3267
2024-01-02T09:20:00,1,SHELF-D12,20.71,47.95,3267
2024-01-02T09:40:00,1,SHELF-D12,20.10,49.42,3267
2024-01-02T10:00:00,1,SHELF-D12,19.29,42.86,3267
2024-01-02T10:20:00,1,SHELF-D12,20.33,51.29,3267
2024-01-02T10:40:00,1,SHELF-D12,20.30,49.56,3267
2024-01-02T11:00:00,1,SHELF-D12,19.57,43.92,3267
2024-01-02T11:20:00,1,SHELF-D12,20.54,50.48,3267
2024-01-02T11:40:00,1,SHELF-D12,20.01,55.93,3267
2024-01-02T12:00:00,1,SHELF-D12,19.61,57.88,3267
2024-01-02T12:20:00,1,SHELF-D12,19.99,57.80,3267
2024-01-02T12:40:00,1,SHELF-D12,21.09,57.79,3267
2024-01-02T13:00:00,1,SHELF-D12,19.72,55.80,3267
2024-01-02T13:20:00,1,SHELF-D12,19.79,43.29,3267
2024-01-02T13:40:00,1,SHELF-D12,20.10,57.79,3267
2024-01-02T14:00:00,1,SHELF-D12,20.18,42.93,3267
2024-01-02T14:20:00,1,SHELF-D12,20.46,45.35,3267
2024-01-02T14:40:00,1,SHELF-D12,21.10,51.22,3267
2024-01-02T15:00:00,1,SHELF-D12,20.00,54.56,3267
2024-01-02T15:20:00,1,SHELF-D12,21.24,44.07,3267
2024-01-02T15:40:00,1,SHELF-D12,20.55,48.87,3267
2024-01-02T16:00:00,1,SHELF-D12,20.67,49.64,3267
2024-01-02T16:20:00,1,SHELF-D12,19.82,50.54,3267
2024-01-02T16:40:00,1,SHELF-D12,21.27,57.20,3267
2024-01-02T17:00:00,1,SHELF-D12,21.72,54.11,3267
2024-01-02T17:20:00,1,SHELF-D12,20.99,42.29,3267
2024-01-02T17:40:00,1,SHELF-D12,19.94,53.74,3267
2024-01-02T18:00:00,1,SHELF-D12,20.51,56.03,3267
2024-01-02T18:20:00,1,SHELF-D12,20.68,43.64,3267
2024-01-02T18:40:00,1,SHELF-D12,21.06,46.90,3267
2024-01-02T19:00:00,1,SHELF-D12,20.31,42.73,3267
2024-01-02T19:20:00,1,SHELF-D12,22.08,49.29,3267
2024-01-02T19:40:00,1,SHELF-D12,21.22,50.39,3267
2024-01-02T20:00:00,1,SHELF-D12,21.18,52.99,3267
2024-01-02T20:20:00,1,SHELF-D12,20.58,57.94,3267
2024-01-02T20:40:00,1,SHELF-D12,21.29,54.00,3267
2024-01-02T21:00:00,1,SHELF-D12,20.76,56.51,3267
2024-01-02T21:20:00,1,SHELF-D12,22.06,42.31,3267
2024-01-02T21:40:00,1,SHELF-D12,20.88,57.76,3267
2024-01-02T22:00:00,1,SHELF-D12,20.98,42.35,3267
2024-01-02T22:20:00,1,SHELF-D12,21.57,43.97,3267
2024-01-02T22:40:00,1,SHELF-D12,21.98,54.67,3267
2024-01-02T23:00:00,1,SHELF-D12,21.43,52.25,3267
2024-01-02T23:20:00,1,SHELF-D12,22.23,51.97,3267
2024-01-02T23:40:00,1,SHELF-D12,21.87,42.77,3267
2024-01-02T00:00:00,1,SHELF-A19,19.11,42.32,3125
2024-01-02T00:20:00,1,SHELF-A19,19.19,48.67,3125
2024-01-02T00:40:00,1,SHELF-A19,18.57,50.76,3125
2024-01-02T01:00:00,1,SHELF-A19,18.88,44.45,3125
2024-01-02T01:20:00,1,SHELF-A19,19.32,52.08,3125
2024-01-02T01:40:00,1,SHELF-A19,18.53,52.59,3125
2024-01-02T02:00:00,1,SHELF-A19,19.38,46.32,3125
2024-01-02T02:20:00,1,SHELF-A19,19.27,44.19,3125
2024-01-02T02:40:00,1,SHELF-A19,19.72,43.68,3125
2024-01-02T03:00:00,1,SHELF-A19,19.62,43.88,3125
2024-01-02T03:20:00,1,SHELF-A19,18.41,43.70,3125
2024-01-02T03:40:00,1,SHELF-A19,18.58,45.20,3125
2024-01-02T04:00:00,1,SHELF-A19,18.83,50.37,3125
2024-01-02T04:20:00,1,SHELF-A19,18.71,53.25,3125
2024-01-02T04:40:00,1,SHELF-A19,18.90,42.63,3125
2024-01-02T05:00:00,1,SHELF-A19,19.43,45.32,3125
2024-01-02T05:20:00,1,SHELF-A19,20.30,47.29,3125
2024-01-02T05:40:00,1,SHELF-A19,18.44,52.75,3125
2024-01-02T06:00:00,1,SHELF-A19,20.37,55.36,3125
2024-01-02T06:20:00,1,SHELF-A19,19.90,44.39,3125
2024-01-02T06:40:00,1,SHELF-A19,18.74,50.19,3125
2024-01-02T07:00:00,1,SHELF-A19,20.13,43.62,3125
2024-01-02T07:20:00,1,SHELF-A19,19.19,45.70,3125
2024-01-02T07:40:00,1,SHELF-A19,20.66,46.74,3125
2024-01-02T08:00:00,1,SHELF-A19,19.74,43.60,3125
2024-01-02T08:20:00,1,SHELF-A19,19.16,42.63,3125
2024-01-02T08:40:00,1,SHELF-A19,19.39,54.83,3125
2024-01-02T09:00:00,1,SHELF-A19,19.56,53.82,3125
2024-01-02T09:20:00,1,SHELF-A19,19.12,54.13,3125
2024-01-02T09:40:00,1,SHELF-A19,19.02,55.63,3125
2024-01-02T10:00:00,1,SHELF-A19,20.38,44.73,3125
2024-01-02T10:20:00,1,SHELF-A19,19.77,49.00,3125
2024-01-02T10:40:00,1,SHELF-A19,20.30,56.06,3125
2024-01-02T11:00:00,1,SHELF-A19,19.37,55.04,3125
2024-01-02T11:20:00,1,SHELF-A19,19.55,48.41,3125
2024-01-02T11:40:00,1,SHELF-A19,21.11,46.35,3125
2024-01-02T12:00:00,1,SHELF-A19,20.08,55.61,3125
2024-01-02T12:20:00,1,SHELF-A19,20.91,52.38,3125
2024-01-02T12:40:00,1,SHELF-A19,20.90,43.81,3125
2024-01-02T13:00:00,1,SHELF-A19,20.83,42.94,3125
2024-01-02T13:20:00,1,SHELF-A19,21.32,44.55,3125
2024-01-02T13:40:00,1,SHELF-A19,20.26,51.45,3125
2024-01-02T14:00:00,1,SHELF-A19,21.16,52.85,3125
2024-01-02T14:20:00,1,SHELF-A19,19.92,48.08,3125
2024-01-02T14:40:00,1,SHELF-A19,20.27,42.46,3125
2024-01-02T15:00:00,1,SHELF-A19,21.05,55.42,3125
2024-01-02T15:20:00,1,SHELF-A19,21.63,44.09,3125
2024-01-02T15:40:00,1,SHELF-A19,21.52,43.81,3125
2024-01-02T16:00:00,1,SHELF-A19,20.63,42.74,3125
2024-01-02T16:20:00,1,SHELF-A19,20.33,47.03,3125
2024-01-02T16:40:00,1,SHELF-A19,21.22,52.85,3125
2024-01-02T17:00:00,1,SHELF-A19,21.47,51.23,3125
2024-01-02T17:20:00,1,SHELF-A19,21.06,57.65,3125
2024-01-02T17:40:00,1,SHELF-A19,21.27,47.41,3125
2024-01-02T18:00:00,1,SHELF-A19,21.10,53.21,3125
2024-01-02T18:20:00,1,SHELF-A19,20.25,52.59,3125
2024-01-02T18:40:00,1,SHELF-A19,20.55,47.53,3125
2024-01-02T19:00:00,1,SHELF-A19,21.54,48.16,3125
2024-01-02T19:20:00,1,SHELF-A19,21.86,50.93,3125
2024-01-02T19:40:00,1,SHELF-A19,22.16,42.87,3125
2024-01-02T20:00:00,1,SHELF-A19,21.59,44.51,3125
2024-01-02T20:20:00,1,SHELF-A19,22.01,55.63,3125
2024-01-02T20:40:00,1,SHELF-A19,22.05,43.20,3125
2024-01-02T21:00:00,1,SHELF-A19,21.42,45.85,3125
2024-01-02T21:20:00,1,SHELF-A19,22.37,42.81,3125
2024-01-02T21:40:00,1,SHELF-A19,20.88,52.29,3125
2024-01-02T22:00:00,1,SHELF-A19,21.36,45.76,3125
2024-01-02T22:20:00,1,SHELF-A19,21.48,54.82,3125
2024-01-02T22:40:00,1,SHELF-A19,21.45,55.71,3125
2024-01-02T23:00:00,1,SHELF-A19,21.58,43.90,3125
2024-01-02T23:20:00,1,SHELF-A19,21.68,52.45,3125
2024-01-02T23:40:00,1,SHELF-A19,20.89,48.60,3125
2024-01-02T00:00:00,1,SHELF-B19,18.91,55.21,3240
2024-01-02T00:20:00,1,SHELF-B19,19.39,57.41,3240
2024-01-02T00:40:00,1,SHELF-B19,19.08,56.24,3240
2024-01-02T01:00:00,1,SHELF-B19,19.06,52.47,3240
2024-01-02T01:20:00,1,SHELF-B19,18.85,47.45,3240
2024-01-02T01:40:00,1,SHELF-B19,19.58,55.07,3240
2024-01-02T02:00:00,1,SHELF-B19,19.75,47.31,3240
2024-01-02T02:20:00,1,SHELF-B19,19.59,51.60,3240
2024-01-02T02:40:00,1,SHELF-B19,19.49,47.81,3240
2024-01-02T03:00:00,1,SHELF-B19,19.09,43.56,3240
2024-01-02T03:20:00,1,SHELF-B19,19.50,42.04,3240
2024-01-02T03:40:00,1,SHELF-B19,18.89,52.14,3240
2024-01-02T04:00:00,1,SHELF-B19,19.91,50.76,3240
2024-01-02T04:20:00,1,SHELF-B19,19.06,43.70,3240
2024-01-02T04:40:00,1,SHELF-B19,20.10,49.88,3240
2024-01-02T05:00:00,1,SHELF-B19,20.08,53.88,3240
2024-01-02T05:20:00,1,SHELF-B19,19.25,46.07,3240
2024-01-02T05:40:00,1,SHELF-B19,18.82,43.93,3240
2024-01-02T06:00:00,1,SHELF-B19,20.26,45.45,3240
2024-01-02T06:20:00,1,SHELF-B19,20.21,45.05,3240
2024-01-02T06:40:00,1,SHELF-B19,19.23,54.11,3240
2024-01-02T07:00:00,1,SHELF-B19,18.78,52.13,3240
2024-01-02T07:20:00,1,SHELF-B19,20.03,43.97,3240
2024-01-02T07:40:00,1,SHELF-B19,20.47,49.32,3240
2024-01-02T08:00:00,1,SHELF-B19,19.99,50.07,3240
2024-01-02T08:20:00,1,SHELF-B19,20.74,42.07,3240
2024-01-02T08:40:00,1,SHELF-B19,20.28,50.85,3240
2024-01-02T09:00:00,1,SHELF-B19,19.80,51.36,3240
2024-01-02T09:20:00,1,SHELF-B19,20.78,54.50,3240
2024-01-02T09:40:00,1,SHELF-B19,20.75,53.07,3240
2024-01-02T10:00:00,1,SHELF-B19,19.40,55.04,3240
2024-01-02T10:20:00,1,SHELF-B19,19.26,52.52,3240
2024-01-02T10:40:00,1,SHELF-B19,20.27,47.15,3240
2024-01-02T11:00:00,1,SHELF-B19,20.95,48.70,3240
2024-01-02T11:20:00,1,SHELF-B19,20.40,53.08,3240
2024-01-02T11:40:00,1,SHELF-B19,19.68,48.37,3240
2024-01-02T12:00:00,1,SHELF-B19,19.99,46.71,3240
2024-01-02T12:20:00,1,SHELF-B19,20.92,44.21,3240
2024-01-02T12:40:00,1,SHELF-B19,20.51,56.18,3240
2024-01-02T13:00:00,1,SHELF-B19,20.46,55.49,3240
2024-01-02T13:20:00,1,SHELF-B19,20.53,47.02,3240
2024-01-02T13:40:00,1,SHELF-B19,20.91,50.86,3240
2024-01-02T14:00:00,1,SHELF-B19,19.99,45.36,3240
2024-01-02T14:20:00,1,SHELF-B19,20.99,52.99,3240
2024-01-02T14:40:00,1,SHELF-B19,21.40,44.12,3240
2024-01-02T15:00:00,1,SHELF-B19,21.10,57.60,3240
2024-01-02T15:20:00,1,SHELF-B19,20.04,50.68,3240
2024-01-02T15:40:00,1,SHELF-B19,20.96,53.37,3240
2024-01-02T16:00:00,1,SHELF-B19,21.33,51.00,3240
2024-01-02T16:20:00,1,SHELF-B19,20.97,57.08,3240
2024-01-02T16:40:00,1,SHELF-B19,21.23,52.79,3240
2024-01-02T17:00:00,1,SHELF-B19,21.72,50.54,3240
2024-01-02T17:20:00,1,SHELF-B19,21.69,48.76,3240
2024-01-02T17:40:00,1,SHELF-B19,19.96,43.70,3240
2024-01-02T18:00:00,1,SHELF-B19,20.82,42.85,3240
2024-01-02T18:20:00,1,SHELF-B19,20.17,46.27,3240
2024-01-02T18:40:00,1,SHELF-B19,21.63,57.74,3240
2024-01-02T19:00:00,1,SHELF-B19,21.55,44.34,3240
2024-01-02T19:20:00,1,SHELF-B19,20.31,54.55,3240
2024-01-02T19:40:00,1,SHELF-B19,20.59,50.66,3240
2024-01-02T20:00:00,1,SHELF-B19,21.03,49.24,3240
2024-01-02T20:20:00,1,SHELF-B19,21.54,52.81,3240
2024-01-02T20:40:00,1,SHELF-B19,21.43,45.59,3240
2024-01-02T21:00:00,1,SHELF-B19,21.73,48.22,3240
2024-01-02T21:20:00,1,SHELF-B19,21.45,54.75,3240
2024-01-02T21:40:00,1,SHELF-B19,21.82,53.09,3240
2024-01-02T22:00:00,1,SHELF-B19,20.65,48.11,3240
2024-01-02T22:20:00,1,SHELF-B19,21.39,54.61,3240
2024-01-02T22:40:00,1,SHELF-B19,21.93,57.45,3240
2024-01-02T23:00:00,1,SHELF-B19,20.79,53.90,3240
2024-01-02T23:20:00,1,SHELF-B19,21.09,55.90,3240
2024-01-02T23:40:00,1,SHELF-B19,22.40,49.09,3240
2024-01-02T00:00:00,1,SHELF-E06,19.63,53.27,3155
2024-01-02T00:20:00,1,SHELF-E06,19.10,54.08,3155
2024-01-02T00:40:00,1,SHELF-E06,18.90,51.65,3155
2024-01-02T01:00:00,1,SHELF-E06,19.48,57.43,3155
2024-01-02T01:20:00,1,SHELF-E06,18.52,44.84,3155
2024-01-02T01:40:00,1,SHELF-E06,19.30,44.99,3155
2024-01-02T02:00:00,1,SHELF-E06,18.41,50.22,3155
2024-01-02T02:20:00,1,SHELF-E06,18.81,48.86,3155
2024-01-02T02:40:00,1,SHELF-E06,19.17,44.08,3155
2024-01-02T03:00:00,1,SHELF-E06,19.35,46.08,3155
2024-01-02T03:20:00,1,SHELF-E06,18.84,53.36,3155
2024-01-02T03:40:00,1,SHELF-E06,18.49,44.46,3155
2024-01-02T04:00:00,1,SHELF-E06,18.95,42.81,3155
2024-01-02T04:20:00,1,SHELF-E06,20.17,51.85,3155
2024-01-02T04:40:00,1,SHELF-E06,19.63,49.85,3155
2024-01-02T05:00:00,1,SHELF-E06,19.58,47.73,3155
2024-01-02T05:20:00,1,SHELF-E06,20.00,47.09,3155
2024-01-02T05:40:00,1,SHELF-E06,18.87,44.94,3155
2024-01-02T06:00:00,1,SHELF-E06,18.69,50.08,3155
2024-01-02T06:20:00,1,SHELF-E06,19.39,50.59,3155
2024-01-02T06:40:00,1,SHELF-E06,18.74,45.54,3155
2024-01-02T07:00:00,1,SHELF-E06,19.11,47.31,3155
2024-01-02T07:20:00,1,SHELF-E06,19.40,45.50,3155
2024-01-02T07:40:00,1,SHELF-E06,20.19,50.49,3155
2024-01-02T08:00:00,1,SHELF-E06,20.80,55.18,3155
2024-01-02T08:20:00,1,SHELF-E06,20.77,42.14,3155
2024-01-02T08:40:00,1,SHELF-E06,20.15,49.13,3155
2024-01-02T09:00:00,1,SHELF-E06,20.74,51.82,3155
2024-01-02T09:20:00,1,SHELF-E06,20.17,57.34,3155
2024-01-02T09:40:00,1,SHELF-E06,20.30,47.13,3155
2024-01-02T10:00:00,1,SHELF-E06,20.89,57.12,3155
2024-01-02T10:20:00,1,SHELF-E06,19.83,50.64,3155
2024-01-02T10:40:00,1,SHELF-E06,19.62,56.58,3155
2024-01-02T11:00:00,1,SHELF-E06,20.83,48.00,3155
2024-01-02T11:20:00,1,SHELF-E06,20.79,49.13,3155
2024-01-02T11:40:00,1,SHELF-E06,19.27,56.37,3155
2024-01-02T12:00:00,1,SHELF-E06,19.69,50.22,3155
2024-01-02T12:20:00,1,SHELF-E06,21.20,44.68,3155
2024-01-02T12:40:00,1,SHELF-E06,21.22,50.61,3155
2024-01-02T13:00:00,1,SHELF-E06,19.45,43.05,3155
2024-01-02T13:20:00,1,SHELF-E06,20.77,54.38,3155
2024-01-02T13:40:00,1,SHELF-E06,21.16,48.79,3155
2024-01-02T14:00:00,1,SHELF-E06,19.77,50.60,3155
2024-01-02T14:20:00,1,SHELF-E06,20.96,57.62,3155
2024-01-02T14:40:00,1,SHELF-E06,21.11,52.34,3155
2024-01-02T15:00:00,1,SHELF-E06,21.56,53.95,3155
2024-01-02T15:20:00,1,SHELF-E06,19.99,49.35,3155
2024-01-02T15:40:00,1,SHELF-E06,20.35,43.40,3155
2024-01-02T16:00:00,1,SHELF-E06,19.92,54.71,3155
2024-01-02T16:20:00,1,SHELF-E06,20.92,51.20,3155
2024-01-02T16:40:00,1,SHELF-E06,20.26,46.14,3155
2024-01-02T17:00:00,1,SHELF-E06,20.71,52.08,3155
2024-01-02T17:20:00,1,SHELF-E06,20.80,42.27,3155
2024-01-02T17:40:00,1,SHELF-E06,21.28,50.56,3155
2024-01-02T18:00:00,1,SHELF-E06,21.34,51.89,3155
2024-01-02T18:20:00,1,SHELF-E06,21.57,51.37,3155
2024-01-02T18:40:00,1,SHELF-E06,21.46,43.16,3155
2024-01-02T19:00:00,1,SHELF-E06,22.04,43.70,3155
2024-01-02T19:20:00,1,SHELF-E06,21.76,46.82,3155
2024-01-02T19:40:00,1,SHELF-E06,20.36,54.24,3155
2024-01-02T20:00:00,1,SHELF-E06,21.18,48.32,3155
2024-01-02T20:20:00,1,SHELF-E06,21.63,49.58,3155
2024-01-02T20:40:00,1,SHELF-E06,21.37,44.18,3155
2024-01-02T21:00:00,1,SHELF-E06,21.21,54.76,3155
2024-01-02T21:20:00,1,SHELF-E06,21.52,57.36,3155
2024-01-02T21:40:00,1,SHELF-E06,20.72,52.84,3155
2024-01-02T22:00:00,1,SHELF-E06,22.39,54.72,3155
2024-01-02T22:20:00,1,SHELF-E06,22.02,47.97,3155
2024-01-02T22:40:00,1,SHELF-E06,22.46,50.86,3155
2024-01-02T23:00:00,1,SHELF-E06,21.79,43.97,3155
2024-01-02T23:20:00,1,SHELF-E06,20.69,51.55,3155
2024-01-02T23:40:00,1,SHELF-E06,21.76,57.15,3155
2024-01-02T00:00:00,1,SHELF-F18,18.23,53.86,3176
2024-01-02T00:20:00,1,SHELF-F18,19.26,45.39,3176
2024-01-02T00:40:00,1,SHELF-F18,19.62,55.62,3176
2024-01-02T01:00:00,1,SHELF-F18,18.22,44.94,3176
2024-01-02T01:20:00,1,SHELF-F18,19.17,46.04,3176
2024-01-02T01:40:00,1,SHELF-F18,18.16,52.74,3176
2024-01-02T02:00:00,1,SHELF-F18,19.19,42.87,3176
2024-01-02T02:20:00,1,SHELF-F18,19.56,57.84,3176
2024-01-02T02:40:00,1,SHELF-F18,19.16,52.31,3176
2024-01-02T03:00:00,1,SHELF-F18,18.33,52.75,3176
2024-01-02T03:20:00,1,SHELF-F18,18.68,45.16,3176
2024-01-02T03:40:00,1,SHELF-F18,19.34,57.22,3176
2024-01-02T04:00:00,1,SHELF-F18,19.02,52.74,3176
2024-01-02T04:20:00,1,SHELF-F18,18.78,46.56,3176
2024-01-02T04:40:00,1,SHELF-F18,18.45,45.10,3176
2024-01-02T05:00:00,1,SHELF-F18,19.40,47.25,3176
2024-01-02T05:20:00,1,SHELF-F18,19.75,53.10,3176
2024-01-02T05:40:00,1,SHELF-F18,18.74,51.07,3176
2024-01-02T06:00:00,1,SHELF-F18,20.17,57.34,3176
2024-01-02T06:20:00,1,SHELF-F18,18.89,47.01,3176
2024-01-02T06:40:00,1,SHELF-F18,20.13,53.40,3176
2024-01-02T07:00:00,1,SHELF-F18,19.96,46.43,3176
2024-01-02T07:20:00,1,SHELF-F18,19.40,52.87,3176
2024-01-02T07:40:00,1,SHELF-F18,19.35,49.68,3176
2024-01-02T08:00:00,1,SHELF-F18,19.70,54.40,3176
2024-01-02T08:20:00,1,SHELF-F18,19.78,43.74,3176
2024-01-02T08:40:00,1,SHELF-F18,20.10,43.31,3176
2024-01-02T09:00:00,1,SHELF-F18,19.49,55.22,3176
2024-01-02T09:20:00,1,SHELF-F18,20.72,45.14,3176
2024-01-02T09:40:00,1,SHELF-F18,20.40,52.03,3176
2024-01-02T10:00:00,1,SHELF-F18,20.51,56.27,3176
2024-01-02T10:20:00,1,SHELF-F18,20.76,52.11,3176
2024-01-02T10:40:00,1,SHELF-F18,20.68,51.26,3176
2024-01-02T11:00:00,1,SHELF-F18,20.72,45.40,3176
2024-01-02T11:20:00,1,SHELF-F18,19.26,46.17,3176
2024-01-02T11:40:00,1,SHELF-F18,20.97,50.63,3176
2024-01-02T12:00:00,1,SHELF-F18,20.62,44.38,3176
2024-01-02T12:20:00,1,SHELF-F18,20.09,56.26,3176
2024-01-02T12:40:00,1,SHELF-F18,20.49,55.71,3176
2024-01-02T13:00:00,1,SHELF-F18,19.70,50.02,3176
2024-01-02T13:20:00,1,SHELF-F18,19.61,47.82,3176
2024-01-02T13:40:00,1,SHELF-F18,19.45,45.82,3176
2024-01-02T14:00:00,1,SHELF-F18,21.49,57.71,3176
2024-01-02T14:20:00,1,SHELF-F18,20.93,54.12,3176
2024-01-02T14:40:00,1,SHELF-F18,19.84,44.55,3176
2024-01-02T15:00:00,1,SHELF-F18,20.82,51.05,3176
2024-01-02T15:20:00,1,SHELF-F18,21.43,44.34,3176
2024-01-02T15:40:00,1,SHELF-F18,21.15,57.03,3176
2024-01-02T16:00:00,1,SHELF-F18,19.89,54.18,3176
2024-01-02T16:20:00,1,SHELF-F18,20.27,46.23,3176
2024-01-02T16:40:00,1,SHELF-F18,20.28,52.70,3176
2024-01-02T17:00:00,1,SHELF-F18,20.97,54.66,3176
2024-01-02T17:20:00,1,SHELF-F18,20.71,56.69,3176
2024-01-02T17:40:00,1,SHELF-F18,21.70,42.64,3176
2024-01-02T18:00:00,1,SHELF-F18,21.35,43.65,3176
2024-01-02T18:20:00,1,SHELF-F18,21.99,52.14,3176
2024-01-02T18:40:00,1,SHELF-F18,20.60,53.87,3176
2024-01-02T19:00:00,1,SHELF-F18,21.34,51.12,3176
2024-01-02T19:20:00,1,SHELF-F18,20.94,48.06,3176
2024-01-02T19:40:00,1,SHELF-F18,21.36,56.37,3176
2024-01-02T20:00:00,1,SHELF-F18,20.46,46.03,3176
2024-01-02T20:20:00,1,SHELF-F18,22.25,45.57,3176
2024-01-02T20:40:00,1,SHELF-F18,21.12,55.08,3176
2024-01-02T21:00:00,1,SHELF-F18,21.12,54.68,3176
2024-01-02T21:20:00,1,SHELF-F18,22.21,42.11,3176
2024-01-02T21:40:00,1,SHELF-F18,22.20,49.04,3176
2024-01-02T22:00:00,1,SHELF-F18,21.02,50.23,3176
2024-01-02T22:20:00,1,SHELF-F18,21.12,44.40,3176
2024-01-02T22:40:00,1,SHELF-F18,20.87,51.63,3176
2024-01-02T23:00:00,1,SHELF-F18,22.32,52.58,3176
2024-01-02T23:20:00,1,SHELF-F18,21.51,47.28,3176
2024-01-02T23:40:00,1,SHELF-F18,20.91,52.80,3176
2024-01-03T00:00:00,1,SHELF-D12,18.23,44.58,3218
2024-01-03T00:20:00,1,SHELF-D12,19.47,42.36,3218
2024-01-03T00:40:00,1,SHELF-D12,17.89,51.18,3218
2024-01-03T01:00:00,1,SHELF-D12,18.25,52.07,3218
2024-01-03T01:20:00,1,SHELF-D12,18.01,51.16,3218
2024-01-03T01:40:00,1,SHELF-D12,18.04,46.13,3218
2024-01-03T02:00:00,1,SHELF-D12,18.42,57.33,3218
2024-01-03T02:20:00,1,SHELF-D12,19.26,51.02,3218
2024-01-03T02:40:00,1,SHELF-D12,18.09,53.51,3218
2024-01-03T03:00:00,1,SHELF-D12,19.51,46.54,3218
2024-01-03T03:20:00,1,SHELF-D12,18.35,49.19,3218
2024-01-03T03:40:00,1,SHELF-D12,20.17,55.88,3218
2024-01-03T04:00:00,1,SHELF-D12,18.65,55.29,3218
2024-01-03T04:20:00,1,SHELF-D12,19.51,54.71,3218
2024-01-03T04:40:00,1,SHELF-D12,19.95,44.91,3218
2024-01-03T05:00:00,1,SHELF-D12,19.75,46.23,3218
2024-01-03T05:20:00,1,SHELF-D12,19.88,47.48,3218
2024-01-03T05:40:00,1,SHELF-D12,19.34,51.45,3218
2024-01-03T06:00:00,1,SHELF-D12,19.02,48.17,3218
2024-01-03T06:20:00,1,SHELF-D12,18.77,45.24,3218
2024-01-03T06:40:00,1,SHELF-D12,20.28,50.07,3218
2024-01-03T07:00:00,1,SHELF-D12,19.52,44.39,3218
2024-01-03T07:20:00,1,SHELF-D12,18.88,49.61,3218
2024-01-03T07:40:00,1,SHELF-D12,19.91,42.62,3218
2024-01-03T08:00:00,1,SHELF-D12,20.38,50.05,3218
2024-01-03T08:20:00,1,SHELF-D12,19.04,49.72,3218
2024-01-03T08:40:00,1,SHELF-D12,19.07,51.66,3218
2024-01-03T09:00:00,1,SHELF-D12,20.59,56.35,3218
2024-01-03T09:20:00,1,SHELF-D12,20.48,52.39,3218
2024-01-03T09:40:00,1,SHELF-D12,19.98,47.93,3218
2024-01-03T10:00:00,1,SHELF-D12,19.14,50.48,3218
2024-01-03T10:20:00,1,SHELF-D12,19.52,54.84,3218
2024-01-03T10:40:00,1,SHELF-D12,20.64,48.10,3218
2024-01-03T11:00:00,1,SHELF-D12,20.36,53.86,3218
2024-01-03T11:20:00,1,SHELF-D12,20.71,53.15,3218
2024-01-03T11:40:00,1,SHELF-D12,19.38,44.14,3218
2024-01-03T12:00:00,1,SHELF-D12,20.26,45.72,3218
2024-01-03T12:20:00,1,SHELF-D12,21.03,46.53,3218
2024-01-03T12:40:00,1,SHELF-D12,21.06,48.54,3218
2024-01-03T13:00:00,1,SHELF-D12,19.81,53.35,3218
2024-01-03T13:20:00,1,SHELF-D12,21.01,51.25,3218
2024-01-03T13:40:00,1,SHELF-D12,19.67,42.12,3218
2024-01-03T14:00:00,1,SHELF-D12,20.87,53.00,3218
2024-01-03T14:20:00,1,SHELF-D12,20.19,47.80,3218
2024-01-03T14:40:00,1,SHELF-D12,19.87,52.43,3218
2024-01-03T15:00:00,1,SHELF-D12,20.19,55.68,3218
2024-01-03T15:20:00,1,SHELF-D12,20.53,47.85,3218
2024-01-03T15:40:00,1,SHELF-D12,20.23,52.89,3218
2024-01-03T16:00:00,1,SHELF-D12,21.32,48.61,3218
2024-01-03T16:20:00,1,SHELF-D12,21.38,49.72,3218
2024-01-03T16:40:00,1,SHELF-D12,20.55,50.88,3218
2024-01-03T17:00:00,1,SHELF-D12,20.44,46.91,3218
2024-01-03T17:20:00,1,SHELF-D12,20.62,53.29,3218
2024-01-03T17:40:00,1,SHELF-D12,21.40,55.68,3218
2024-01-03T18:00:00,1,SHELF-D12,21.38,53.97,3218
2024-01-03T18:20:00,1,SHELF-D12,20.95,53.19,3218
2024-01-03T18:40:00,1,SHELF-D12,20.38,45.43,3218
2024-01-03T19:00:00,1,SHELF-D12,20.98,47.42,3218
2024-01-03T19:20:00,1,SHELF-D12,21.28,53.15,3218
2024-01-03T19:40:00,1,SHELF-D12,21.60,44.57,3218
2024-01-03T20:00:00,1,SHELF-D12,22.24,42.08,3218
2024-01-03T20:20:00,1,SHELF-D12,20.49,44.33,3218
2024-01-03T20:40:00,1,SHELF-D12,22.16,48.97,3218
2024-01-03T21:00:00,1,SHELF-D12,20.56,45.55,3218
2024-01-03T21:20:00,1,SHELF-D12,20.59,42.60,3218
2024-01-03T21:40:00,1,SHELF-D12,21.20,57.75,3218
2024-01-03T22:00:00,1,SHELF-D12,21.79,50.34,3218
2024-01-03T22:20:00,1,SHELF-D12,21.98,51.56,3218
2024-01-03T22:40:00,1,SHELF-D12,22.45,55.12,3218
2024-01-03T23:00:00,1,SHELF-D12,21.96,49.02,3218
2024-01-03T23:20:00,1,SHELF-D12,21.09,52.51,3218
2024-01-03T23:40:00,1,SHELF-D12,22.29,46.58,3218
2024-01-03T00:00:00,1,SHELF-A19,19.38,50.17,3104
2024-01-03T00:20:00,1,SHELF-A19,19.20,51.84,3104
2024-01-03T00:40:00,1,SHELF-A19,19.16,47.76,3104
2024-01-03T01:00:00,1,SHELF-A19,19.24,57.61,3104
2024-01-03T01:20:00,1,SHELF-A19,18.11,46.41,3104
2024-01-03T01:40:00,1,SHELF-A19,18.73,52.71,3104
2024-01-03T02:00:00,1,SHELF-A19,18.87,45.20,3104
2024-01-03T02:20:00,1,SHELF-A19,18.09,53.26,3104
2024-01-03T02:40:00,1,SHELF-A19,19.90,50.79,3104
2024-01-03T03:00:00,1,SHELF-A19,19.63,50.95,3104
2024-01-03T03:20:00,1,SHELF-A19,19.35,47.56,3104
2024-01-03T03:40:00,1,SHELF-A19,19.81,45.62,3104
2024-01-03T04:00:00,1,SHELF-A19,20.23,49.28,3104
2024-01-03T04:20:00,1,SHELF-A19,19.12,42.07,3104
2024-01-03T04:40:00,1,SHELF-A19,18.66,50.10,3104
2024-01-03T05:00:00,1,SHELF-A19,19.55,50.05,3104
2024-01-03T05:20:00,1,SHELF-A19,19.11,43.87,3104
2024-01-03T05:40:00,1,SHELF-A19,19.46,46.12,3104
2024-01-03T06:00:00,1,SHELF-A19,19.63,54.69,3104
2024-01-03T06:20:00,1,SHELF-A19,19.06,49.08,3104
2024-01-03T06:40:00,1,SHELF-A19,19.31,49.74,3104
2024-01-03T07:00:00,1,SHELF-A19,19.17,47.43,3104
2024-01-03T07:20:00,1,SHELF-A19,20.23,52.91,3104
2024-01-03T07:40:00,1,SHELF-A19,20.48,55.79,3104
2024-01-03T08:00:00,1,SHELF-A19,19.77,46.13,3104
2024-01-03T08:20:00,1,SHELF-A19,19.57,54.62,3104
2024-01-03T08:40:00,1,SHELF-A19,19.25,53.22,3104
2024-01-03T09:00:00,1,SHELF-A19,20.53,48.60,3104
2024-01-03T09:20:00,1,SHELF-A19,19.64,50.57,3104
2024-01-03T09:40:00,1,SHELF-A19,20.33,46.21,3104
2024-01-03T10:00:00,1,SHELF-A19,19.63,48.38,3104
2024-01-03T10:20:00,1,SHELF-A19,20.56,47.47,3104
2024-01-03T10:40:00,1,SHELF-A19,20.17,44.86,3104
2024-01-03T11:00:00,1,SHELF-A19,19.81,45.50,3104
2024-01-03T11:20:00,1,SHELF-A19,20.33,44.92,3104
2024-01-03T11:40:00,1,SHELF-A19,20.68,56.88,3104
2024-01-03T12:00:00,1,SHELF-A19,19.69,53.79,3104
2024-01-03T12:20:00,1,SHELF-A19,19.78,45.87,3104
2024-01-03T12:40:00,1,SHELF-A19,19.84,45.67,3104
2024-01-03T13:00:00,1,SHELF-A19,21.10,55.38,3104
2024-01-03T13:20:00,1,SHELF-A19,20.14,54.46,3104
2024-01-03T13:40:00,1,SHELF-A19,19.67,43.26,3104
2024-01-03T14:00:00,1,SHELF-A19,21.47,49.88,3104
2024-01-03T14:20:00,1,SHELF-A19,19.57,55.71,3104
2024-01-03T14:40:00,1,SHELF-A19,21.47,55.57,3104
2024-01-03T15:00:00,1,SHELF-A19,20.43,47.05,3104
2024-01-03T15:20:00,1,SHELF-A19,21.48,56.10,3104
2024-01-03T15:40:00,1,SHELF-A19,20.83,46.40,3104
2024-01-03T16:00:00,1,SHELF-A19,20.17,54.23,3104
2024-01-03T16:20:00,1,SHELF-A19,20.83,48.37,3104
2024-01-03T16:40:00,1,SHELF-A19,21.31,44.05,3104
2024-01-03T17:00:00,1,SHELF-A19,20.98,48.77,3104
2024-01-03T17:20:00,1,SHELF-A19,21.81,42.52,3104
2024-01-03T17:40:00,1,SHELF-A19,20.63,55.77,3104
2024-01-03T18:00:00,1,SHELF-A19,21.61,49.32,3104
2024-01-03T18:20:00,1,SHELF-A19,20.30,50.29,3104
2024-01-03T18:40:00,1,SHELF-A19,20.69,42.13,3104
2024-01-03T19:00:00,1,SHELF-A19,21.53,48.07,3104
2024-01-03T19:20:00,1,SHELF-A19,20.38,47.79,3104
2024-01-03T19:40:00,1,SHELF-A19,21.91,44.99,3104
2024-01-03T20:00:00,1,SHELF-A19,20.83,46.31,3104
2024-01-03T20:20:00,1,SHELF-A19,22.22,47.49,3104
2024-01-03T20:40:00,1,SHELF-A19,20.68,48.78,3104
2024-01-03T21:00:00,1,SHELF-A19,21.27,54.04,3104
2024-01-03T21:20:00,1,SHELF-A19,21.16,48.41,3104
2024-01-03T21:40:00,1,SHELF-A19,21.33,51.14,3104
2024-01-03T22:00:00,1,SHELF-A19,22.52,52.98,3104
2024-01-03T22:20:00,1,SHELF-A19,22.19,53.53,3104
2024-01-03T22:40:00,1,SHELF-A19,22.17,50.89,3104
2024-01-03T23:00:00,1,SHELF-A19,22.40,45.14,3104
2024-01-03T23:20:00,1,SHELF-A19,22.28,53.82,3104
2024-01-03T23:40:00,1,SHELF-A19,21.63,42.16,3104
2024-01-03T00:00:00,1,SHELF-B19,18.81,57.93,3203
2024-01-03T00:20:00,1,SHELF-B19,19.51,50.27,3203
2024-01-03T00:40:00,1,SHELF-B19,19.25,54.57,3203
2024-01-03T01:00:00,1,SHELF-B19,18.53,50.99,3203
2024-01-03T01:20:00,1,SHELF-B19,19.07,48.37,3203
2024-01-03T01:40:00,1,SHELF-B19,19.31,42.96,3203
2024-01-03T02:00:00,1,SHELF-B19,19.69,49.62,3203
2024-01-03T02:20:00,1,SHELF-B19,19.32,49.20,3203
2024-01-03T02:40:00,1,SHELF-B19,18.73,47.78,3203
2024-01-03T03:00:00,1,SHELF-B19,19.30,56.91,3203
2024-01-03T03:20:00,1,SHELF-B19,18.70,42.32,3203
2024-01-03T03:40:00,1,SHELF-B19,18.43,55.88,3203
2024-01-03T04:00:00,1,SHELF-B19,20.23,45.18,3203
2024-01-03T04:20:00,1,SHELF-B19,19.46,52.39,3203
2024-01-03T04:40:00,1,SHELF-B19,18.66,54.48,3203
2024-01-03T05:00:00,1,SHELF-B19,19.14,52.77,3203
2024-01-03T05:20:00,1,SHELF-B19,19.41,53.78,3203
2024-01-03T05:40:00,1,SHELF-B19,20.21,48.10,3203
2024-01-03T06:00:00,1,SHELF-B19,19.13,52.11,3203
2024-01-03T06:20:00,1,SHELF-B19,18.85,44.68,3203
2024-01-03T06:40:00,1,SHELF-B19,20.17,47.40,3203
2024-01-03T07:00:00,1,SHELF-B19,19.95,51.15,3203
2024-01-03T07:20:00,1,SHELF-B19,20.38,43.14,3203
2024-01-03T07:40:00,1,SHELF-B19,19.01,45.65,3203
2024-01-03T08:00:00,1,SHELF-B19,19.44,46.66,3203
2024-01-03T08:20:00,1,SHELF-B19,19.34,52.31,3203
2024-01-03T08:40:00,1,SHELF-B19,19.35,49.12,3203
2024-01-03T09:00:00,1,SHELF-B19,20.66,47.81,3203
2024-01-03T09:20:00,1,SHELF-B19,20.11,57.45,3203
2024-01-03T09:40:00,1,SHELF-B19,19.76,44.94,3203
2024-01-03T10:00:00,1,SHELF-B19,19.10,53.64,3203
2024-01-03T10:20:00,1,SHELF-B19,20.38,57.05,3203
2024-01-03T10:40:00,1,SHELF-B19,20.46,43.28,3203
2024-01-03T11:00:00,1,SHELF-B19,19.52,43.65,3203
2024-01-03T11:20:00,1,SHELF-B19,19.31,56.06,3203
2024-01-03T11:40:00,1,SHELF-B19,20.28,42.42,3203
2024-01-03T12:00:00,1,SHELF-B19,20.10,54.24,3203
2024-01-03T12:20:00,1,SHELF-B19,19.47,46.20,3203
2024-01-03T12:40:00,1,SHELF-B19,19.62,52.48,3203
2024-01-03T13:00:00,1,SHELF-B19,21.20,46.95,3203
2024-01-03T13:20:00,1,SHELF-B19,19.93,46.55,3203
2024-01-03T13:40:00,1,SHELF-B19,20.69,44.10,3203
2024-01-03T14:00:00,1,SHELF-B19,21.23,42.46,3203
2024-01-03T14:20:00,1,SHELF-B19,20.88,55.77,3203
2024-01-03T14:40:00,1,SHELF-B19,20.21,49.62,3203
2024-01-03T15:00:00,1,SHELF-B19,21.63,50.65,3203
2024-01-03T15:20:00,1,SHELF-B19,20.23,49.12,3203
2024-01-03T15:40:00,1,SHELF-B19,21.62,53.16,3203
2024-01-03T16:00:00,1,SHELF-B19,20.16,51.56,3203
2024-01-03T16:20:00,1,SHELF-B19,21.07,52.17,3203
2024-01-03T16:40:00,1,SHELF-B19,20.94,50.38,3203
2024-01-03T17:00:00,1,SHELF-B19,21.21,46.95,3203
2024-01-03T17:20:00,1,SHELF-B19,20.63,50.63,3203
2024-01-03T17:40:00,1,SHELF-B19,21.54,49.07,3203
2024-01-03T18:00:00,1,SHELF-B19,20.79,46.16,3203
2024-01-03T18:20:00,1,SHELF-B19,20.66,42.00,3203
2024-01-03T18:40:00,1,SHELF-B19,21.69,55.57,3203
2024-01-03T19:00:00,1,SHELF-B19,20.87,49.51,3203
2024-01-03T19:20:00,1,SHELF-B19,20.20,56.75,3203
2024-01-03T19:40:00,1,SHELF-B19,22.08,49.63,3203
2024-01-03T20:00:00,1,SHELF-B19,20.33,48.89,3203
2024-01-03T20:20:00,1,SHELF-B19,20.89,45.70,3203
2024-01-03T20:40:00,1,SHELF-B19,20.32,47.98,3203
2024-01-03T21:00:00,1,SHELF-B19,21.26,50.97,3203
2024-01-03T21:20:00,1,SHELF-B19,21.22,44.61,3203
2024-01-03T21:40:00,1,SHELF-B19,21.91,48.24,3203
2024-01-03T22:00:00,1,SHELF-B19,21.31,46.21,3203
2024-01-03T22:20:00,1,SHELF-B19,21.40,45.83,3203
2024-01-03T22:40:00,1,SHELF-B19,22.09,56.56,3203
2024-01-03T23:00:00,1,SHELF-B19,22.30,52.95,3203
2024-01-03T23:20:00,1,SHELF-B19,21.25,53.89,3203
2024-01-03T23:40:00,1,SHELF-B19,22.30,48.61,3203
2024-01-03T00:00:00,1,SHELF-E06,18.17,46.63,3113
2024-01-03T00:20:00,1,SHELF-E06,19.08,51.88,3113
2024-01-03T00:40:00,1,SHELF-E06,18.35,51.96,3113
2024-01-03T01:00:00,1,SHELF-E06,18.31,42.31,3113
2024-01-03T01:20:00,1,SHELF-E06,18.03,50.56,3113
2024-01-03T01:40:00,1,SHELF-E06,18.30,43.64,3113
2024-01-03T02:00:00,1,SHELF-E06,18.60,53.44,3113
2024-01-03T02:20:00,1,SHELF-E06,19.51,45.72,3113
2024-01-03T02:40:00,1,SHELF-E06,18.36,49.90,3113
2024-01-03T03:00:00,1,SHELF-E06,18.87,46.99,3113
2024-01-03T03:20:00,1,SHELF-E06,19.78,57.97,3113
2024-01-03T03:40:00,1,SHELF-E06,19.11,54.66,3113
2024-01-03T04:00:00,1,SHELF-E06,18.97,55.50,3113
2024-01-03T04:20:00,1,SHELF-E06,20.21,42.90,3113
2024-01-03T04:40:00,1,SHELF-E06,19.86,43.14,3113
2024-01-03T05:00:00,1,SHELF-E06,19.37,45.08,3113
2024-01-03T05:20:00,1,SHELF-E06,20.12,55.08,3113
2024-01-03T05:40:00,1,SHELF-E06,20.09,43.95,3113
2024-01-03T06:00:00,1,SHELF-E06,20.09,45.98,3113
2024-01-03T06:20:00,1,SHELF-E06,20.10,49.09,3113
2024-01-03T06:40:00,1,SHELF-E06,20.03,42.54,3113
2024-01-03T07:00:00,1,SHELF-E06,19.60,54.34,3113
2024-01-03T07:20:00,1,SHELF-E06,19.72,57.71,3113
2024-01-03T07:40:00,1,SHELF-E06,19.63,52.90,3113
2024-01-03T08:00:00,1,SHELF-E06,19.43,47.17,3113
2024-01-03T08:20:00,1,SHELF-E06,20.07,42.67,3113
2024-01-03T08:40:00,1,SHELF-E06,20.68,50.33,3113
2024-01-03T09:00:00,1,SHELF-E06,19.44,52.22,3113
2024-01-03T09:20:00,1,SHELF-E06,19.33,56.20,3113
2024-01-03T09:40:00,1,SHELF-E06,20.66,45.48,3113
2024-01-03T10:00:00,1,SHELF-E06,19.28,52.13,3113
2024-01-03T10:20:00,1,SHELF-E06,19.71,44.68,3113
2024-01-03T10:40:00,1,SHELF-E06,19.61,43.91,3113
2024-01-03T11:00:00,1,SHELF-E06,20.76,42.14,3113
2024-01-03T11:20:00,1,SHELF-E06,19.27,54.54,3113
2024-01-03T11:40:00,1,SHELF-E06,20.13,51.54,3113
2024-01-03T12:00:00,1,SHELF-E06,20.05,43.43,3113
2024-01-03T12:20:00,1,SHELF-E06,19.62,43.46,3113
2024-01-03T12:40:00,1,SHELF-E06,20.54,56.89,3113
2024-01-03T13:00:00,1,SHELF-E06,21.43,52.00,3113
2024-01-03T13:20:00,1,SHELF-E06,19.55,52.31,3113
2024-01-03T13:40:00,1,SHELF-E06,20.84,54.66,3113
2024-01-03T14:00:00,1,SHELF-E06,19.81,45.72,3113
2024-01-03T14:20:00,1,SHELF-E06,21.52,54.62,3113
2024-01-03T14:40:00,1,SHELF-E06,21.07,54.89,3113
2024-01-03T15:00:00,1,SHELF-E06,20.56,45.09,3113
2024-01-03T15:20:00,1,SHELF-E06,21.06,47.73,3113
2024-01-03T15:40:00,1,SHELF-E06,19.95,56.38,3113
2024-01-03T16:00:00,1,SHELF-E06,20.78,49.00,3113
2024-01-03T16:20:00,1,SHELF-E06,20.40,53.15,3113
2024-01-03T16:40:00,1,SHELF-E06,20.19,44.99,3113
2024-01-03T17:00:00,1,SHELF-E06,20.63,53.72,3113
2024-01-03T17:20:00,1,SHELF-E06,20.48,55.30,3113
2024-01-03T17:40:00,1,SHELF-E06,21.76,50.87,3113
2024-01-03T18:00:00,1,SHELF-E06,20.20,44.48,3113
2024-01-03T18:20:00,1,SHELF-E06,20.65,46.21,3113
2024-01-03T18:40:00,1,SHELF-E06,20.79,42.01,3113
2024-01-03T19:00:00,1,SHELF-E06,21.46,48.06,3113
2024-01-03T19:20:00,1,SHELF-E06,20.55,42.30,3113
2024-01-03T19:40:00,1,SHELF-E06,21.90,54.42,3113
2024-01-03T20:00:00,1,SHELF-E06,20.79,53.54,3113
2024-01-03T20:20:00,1,SHELF-E06,21.62,50.62,3113
2024-01-03T20:40:00,1,SHELF-E06,21.08,50.39,3113
2024-01-03T21:00:00,1,SHELF-E06,21.43,50.82,3113
2024-01-03T21:20:00,1,SHELF-E06,21.66,47.16,3113
2024-01-03T21:40:00,1,SHELF-E06,21.71,43.77,3113
2024-01-03T22:00:00,1,SHELF-E06,21.60,43.07,3113
2024-01-03T22:20:00,1,SHELF-E06,22.23,44.08,3113
2024-01-03T22:40:00,1,SHELF-E06,22.30,45.23,3113
2024-01-03T23:00:00,1,SHELF-E06,21.65,43.58,3113
2024-01-03T23:20:00,1,SHELF-E06,21.82,55.38,3113
2024-01-03T23:40:00,1,SHELF-E06,22.00,50.41,3113
2024-01-03T00:00:00,1,SHELF-F18,18.99,42.79,3275
2024-01-03T00:20:00,1,SHELF-F18,18.25,53.49,3275
2024-01-03T00:40:00,1,SHELF-F18,17.83,56.74,3275
2024-01-03T01:00:00,1,SHELF-F18,19.24,56.85,3275
2024-01-03T01:20:00,1,SHELF-F18,19.60,49.49,3275
2024-01-03T01:40:00,1,SHELF-F18,19.21,47.77,3275
2024-01-03T02:00:00,1,SHELF-F18,19.54,56.25,3275
2024-01-03T02:20:00,1,SHELF-F18,19.70,54.71,3275
2024-01-03T02:40:00,1,SHELF-F18,18.17,51.87,3275
2024-01-03T03:00:00,1,SHELF-F18,19.24,53.75,3275
2024-01-03T03:20:00,1,SHELF-F18,19.85,43.25,3275
2024-01-03T03:40:00,1,SHELF-F18,18.61,50.31,3275
2024-01-03T04:00:00,1,SHELF-F18,18.51,45.70,3275
2024-01-03T04:20:00,1,SHELF-F18,19.08,45.09,3275
2024-01-03T04:40:00,1,SHELF-F18,19.62,51.12,3275
2024-01-03T05:00:00,1,SHELF-F18,20.33,50.93,3275
2024-01-03T05:20:00,1,SHELF-F18,19.55,53.94,3275
2024-01-03T05:40:00,1,SHELF-F18,19.97,51.23,3275
2024-01-03T06:00:00,1,SHELF-F18,19.91,53.24,3275
2024-01-03T06:20:00,1,SHELF-F18,19.41,43.67,3275
2024-01-03T06:40:00,1,SHELF-F18,20.14,50.80,3275
2024-01-03T07:00:00,1,SHELF-F18,19.69,52.52,3275
2024-01-03T07:20:00,1,SHELF-F18,19.75,51.60,3275
2024-01-03T07:40:00,1,SHELF-F18,20.55,56.44,3275
2024-01-03T08:00:00,1,SHELF-F18,19.91,57.95,3275
2024-01-03T08:20:00,1,SHELF-F18,20.50,48.60,3275
2024-01-03T08:40:00,1,SHELF-F18,20.07,55.22,3275
2024-01-03T09:00:00,1,SHELF-F18,19.58,45.85,3275
2024-01-03T09:20:00,1,SHELF-F18,20.02,48.00,3275
2024-01-03T09:40:00,1,SHELF-F18,20.03,53.91,3275
2024-01-03T10:00:00,1,SHELF-F18,19.78,49.24,3275
2024-01-03T10:20:00,1,SHELF-F18,20.98,42.00,3275
2024-01-03T10:40:00,1,SHELF-F18,19.13,46.55,3275
2024-01-03T11:00:00,1,SHELF-F18,19.22,44.16,3275
2024-01-03T11:20:00,1,SHELF-F18,20.96,42.11,3275
2024-01-03T11:40:00,1,SHELF-F18,21.15,45.44,3275
2024-01-03T12:00:00,1,SHELF-F18,19.94,54.34,3275
2024-01-03T12:20:00,1,SHELF-F18,21.19,55.16,3275
2024-01-03T12:40:00,1,SHELF-F18,21.15,50.18,3275
2024-01-03T13:00:00,1,SHELF-F18,20.57,51.15,3275
2024-01-03T13:20:00,1,SHELF-F18,19.62,49.37,3275
2024-01-03T13:40:00,1,SHELF-F18,19.74,46.24,3275
2024-01-03T14:00:00,1,SHELF-F18,21.34,46.00,3275
2024-01-03T14:20:00,1,SHELF-F18,20.07,46.80,3275
2024-01-03T14:40:00,1,SHELF-F18,20.70,51.11,3275
2024-01-03T15:00:00,1,SHELF-F18,20.12,43.24,3275
2024-01-03T15:20:00,1,SHELF-F18,20.33,49.72,3275
2024-01-03T15:40:00,1,SHELF-F18,20.66,56.38,3275
2024-01-03T16:00:00,1,SHELF-F18,21.21,55.11,3275
2024-01-03T16:20:00,1,SHELF-F18,20.00,52.28,3275
2024-01-03T16:40:00,1,SHELF-F18,19.88,54.93,3275
2024-01-03T17:00:00,1,SHELF-F18,20.70,54.48,3275
2024-01-03T17:20:00,1,SHELF-F18,21.78,47.35,3275
2024-01-03T17:40:00,1,SHELF-F18,21.69,48.95,3275
2024-01-03T18:00:00,1,SHELF-F18,21.92,43.93,3275
2024-01-03T18:20:00,1,SHELF-F18,21.60,53.96,3275
2024-01-03T18:40:00,1,SHELF-F18,21.76,56.86,3275
2024-01-03T19:00:00,1,SHELF-F18,21.45,52.12,3275
2024-01-03T19:20:00,1,SHELF-F18,20.29,50.39,3275
2024-01-03T19:40:00,1,SHELF-F18,20.82,51.04,3275
2024-01-03T20:00:00,1,SHELF-F18,20.96,53.16,3275
2024-01-03T20:20:00,1,SHELF-F18,20.61,52.78,3275
2024-01-03T20:40:00,1,SHELF-F18,22.30,57.54,3275
2024-01-03T21:00:00,1,SHELF-F18,21.94,51.20,3275
2024-01-03T21:20:00,1,SHELF-F18,20.61,48.91,3275
2024-01-03T21:40:00,1,SHELF-F18,22.01,44.37,3275
2024-01-03T22:00:00,1,SHELF-F18,21.23,49.61,3275
2024-01-03T22:20:00,1,SHELF-F18,22.05,50.77,3275
2024-01-03T22:40:00,1,SHELF-F18,21.08,48.38,3275
2024-01-03T23:00:00,1,SHELF-F18,21.55,53.17,3275
2024-01-03T23:20:00,1,SHELF-F18,22.21,49.69,3275
2024-01-03T23:40:00,1,SHELF-F18,21.08,48.33,3275
2024-01-04T00:00:00,1,SHELF-D12,18.20,51.86,3240
2024-01-04T00:20:00,1,SHELF-D12,19.28,45.94,3240
2024-01-04T00:40:00,1,SHELF-D12,17.95,54.43,3240
2024-01-04T01:00:00,1,SHELF-D12,18.58,56.79,3240
2024-01-04T01:20:00,1,SHELF-D12,18.11,52.75,3240
2024-01-04T01:40:00,1,SHELF-D12,18.78,47.57,3240
2024-01-04T02:00:00,1,SHELF-D12,18.70,51.50,3240
2024-01-04T02:20:00,1,SHELF-D12,18.11,46.88,3240
2024-01-04T02:40:00,1,SHELF-D12,20.03,51.86,3240
2024-01-04T03:00:00,1,SHELF-D12,20.16,49.08,3240
2024-01-04T03:20:00,1,SHELF-D12,18.47,42.72,3240
2024-01-04T03:40:00,1,SHELF-D12,19.82,45.19,3240
2024-01-04T04:00:00,1,SHELF-D12,19.06,54.12,3240
2024-01-04T04:20:00,1,SHELF-D12,20.01,43.80,3240
2024-01-04T04:40:00,1,SHELF-D12,18.42,57.18,3240
2024-01-04T05:00:00,1,SHELF-D12,20.29,55.90,3240
2024-01-04T05:20:00,1,SHELF-D12,20.07,42.22,3240
2024-01-04T05:40:00,1,SHELF-D12,19.82,43.78,3240
2024-01-04T06:00:00,1,SHELF-D12,19.46,42.36,3240
2024-01-04T06:20:00,1,SHELF-D12,18.98,50.61,3240
2024-01-04T06:40:00,1,SHELF-D12,18.97,50.37,3240
2024-01-04T07:00:00,1,SHELF-D12,19.20,49.73,3240
2024-01-04T07:20:00,1,SHELF-D12,20.14,44.26,3240
2024-01-04T07:40:00,1,SHELF-D12,20.08,42.29,3240
2024-01-04T08:00:00,1,SHELF-D12,19.97,52.62,3240
2024-01-04T08:20:00,1,SHELF-D12,18.89,44.73,3240
2024-01-04T08:40:00,1,SHELF-D12,19.38,54.63,3240
2024-01-04T09:00:00,1,SHELF-D12,20.17,42.85,3240
2024-01-04T09:20:00,1,SHELF-D12,20.24,42.13,3240
2024-01-04T09:40:00,1,SHELF-D12,19.71,46.34,3240
2024-01-04T10:00:00,1,SHELF-D12,20.76,52.56,3240
2024-01-04T10:20:00,1,SHELF-D12,20.79,42.31,3240
2024-01-04T10:40:00,1,SHELF-D12,20.79,52.39,3240
2024-01-04T11:00:00,1,SHELF-D12,19.65,48.09,3240
2024-01-04T11:20:00,1,SHELF-D12,21.14,43.59,3240
2024-01-04T11:40:00,1,SHELF-D12,19.81,55.87,3240
2024-01-04T12:00:00,1,SHELF-D12,20.37,44.98,3240
2024-01-04T12:20:00,1,SHELF-D12,20.31,49.33,3240
2024-01-04T12:40:00,1,SHELF-D12,21.16,42.34,3240
2024-01-04T13:00:00,1,SHELF-D12,19.93,50.47,3240
2024-01-04T13:20:00,1,SHELF-D12,20.10,48.29,3240
2024-01-04T13:40:00,1,SHELF-D12,19.75,47.55,3240
2024-01-04T14:00:00,1,SHELF-D12,20.26,52.00,3240
2024-01-04T14:20:00,1,SHELF-D12,20.03,57.65,3240
2024-01-04T14:40:00,1,SHELF-D12,20.56,54.99,3240
2024-01-04T15:00:00,1,SHELF-D12,20.93,56.06,3240
2024-01-04T15:20:00,1,SHELF-D12,21.46,55.04,3240
2024-01-04T15:40:00,1,SHELF-D12,19.74,50.88,3240
2024-01-04T16:00:00,1,SHELF-D12,20.37,44.43,3240
2024-01-04T16:20:00,1,SHELF-D12,21.60,52.51,3240
2024-01-04T16:40:00,1,SHELF-D12,19.98,48.12,3240
2024-01-04T17:00:00,1,SHELF-D12,21.85,51.80,3240
2024-01-04T17:20:00,1,SHELF-D12,21.18,45.64,3240
2024-01-04T17:40:00,1,SHELF-D12,20.41,44.44,3240
2024-01-04T18:00:00,1,SHELF-D12,22.00,56.56,3240
2024-01-04T18:20:00,1,SHELF-D12,20.72,50.68,3240
2024-01-04T18:40:00,1,SHELF-D12,20.47,44.22,3240
2024-01-04T19:00:00,1,SHELF-D12,21.27,54.80,3240
2024-01-04T19:20:00,1,SHELF-D12,21.91,46.94,3240
2024-01-04T19:40:00,1,SHELF-D12,21.59,50.38,3240
2024-01-04T20:00:00,1,SHELF-D12,20.58,57.93,3240
2024-01-04T20:20:00,1,SHELF-D12,22.26,44.32,3240
2024-01-04T20:40:00,1,SHELF-D12,22.17,56.67,3240
2024-01-04T21:00:00,1,SHELF-D12,21.07,50.92,3240
2024-01-04T21:20:00,1,SHELF-D12,22.33,43.89,3240
2024-01-04T21:40:00,1,SHELF-D12,21.07,56.07,3240
2024-01-04T22:00:00,1,SHELF-D12,22.01,54.25,3240
2024-01-04T22:20:00,1,SHELF-D12,22.32,48.62,3240
2024-01-04T22:40:00,1,SHELF-D12,21.38,49.09,3240
2024-01-04T23:00:00,1,SHELF-D12,22.55,56.31,3240
2024-01-04T23:20:00,1,SHELF-D12,22.55,46.38,3240
2024-01-04T23:40:00,1,SHELF-D12,22.24,43.71,3240
2024-01-04T00:00:00,1,SHELF-A19,17.86,57.78,3141
2024-01-04T00:20:00,1,SHELF-A19,19.04,51.69,3141
2024-01-04T00:40:00,1,SHELF-A19,19.03,51.54,3141
2024-01-04T01:00:00,1,SHELF-A19,18.39,42.42,3141
2024-01-04T01:20:00,1,SHELF-A19,18.09,54.48,3141
2024-01-04T01:40:00,1,SHELF-A19,18.20,55.54,3141
2024-01-04T02:00:00,1,SHELF-A19,19.00,52.39,3141
2024-01-04T02:20:00,1,SHELF-A19,18.43,48.20,3141
2024-01-04T02:40:00,1,SHELF-A19,19.01,44.62,3141
2024-01-04T03:00:00,1,SHELF-A19,18.64,48.54,3141
2024-01-04T03:20:00,1,SHELF-A19,20.12,56.81,3141
2024-01-04T03:40:00,1,SHELF-A19,20.08,45.56,3141
2024-01-04T04:00:00,1,SHELF-A19,19.65,45.25,3141
2024-01-04T04:20:00,1,SHELF-A19,18.72,44.83,3141
2024-01-04T04:40:00,1,SHELF-A19,20.22,49.03,3141
2024-01-04T05:00:00,1,SHELF-A19,19.67,53.01,3141
2024-01-04T05:20:00,1,SHELF-A19,20.17,56.20,3141
2024-01-04T05:40:00,1,SHELF-A19,19.29,54.42,3141
2024-01-04T06:00:00,1,SHELF-A19,19.77,55.19,3141
2024-01-04T06:20:00,1,SHELF-A19,20.00,48.31,3141
2024-01-04T06:40:00,1,SHELF-A19,20.44,51.15,3141
2024-01-04T07:00:00,1,SHELF-A19,19.76,52.26,3141
2024-01-04T07:20:00,1,SHELF-A19,20.09,42.62,3141
2024-01-04T07:40:00,1,SHELF-A19,18.90,49.31,3141
2024-01-04T08:00:00,1,SHELF-A19,20.56,56.04,3141
2024-01-04T08:20:00,1,SHELF-A19,19.30,50.61,3141
2024-01-04T08:40:00,1,SHELF-A19,20.78,42.63,3141
2024-01-04T09:00:00,1,SHELF-A19,19.71,54.24,3141
2024-01-04T09:20:00,1,SHELF-A19,20.86,45.04,3141
2024-01-04T09:40:00,1,SHELF-A19,19.81,56.15,3141
2024-01-04T10:00:00,1,SHELF-A19,20.61,46.57,3141
2024-01-04T10:20:00,1,SHELF-A19,19.39,46.71,3141
2024-01-04T10:40:00,1,SHELF-A19,20.90,53.04,3141
2024-01-04T11:00:00,1,SHELF-A19,20.99,49.42,3141
2024-01-04T11:20:00,1,SHELF-A19,20.47,43.45,3141
2024-01-04T11:40:00,1,SHELF-A19,20.18,44.88,3141
2024-01-04T12:00:00,1,SHELF-A19,20.48,56.31,3141
2024-01-04T12:20:00,1,SHELF-A19,20.40,48.29,3141
2024-01-04T12:40:00,1,SHELF-A19,19.95,42.40,3141
2024-01-04T13:00:00,1,SHELF-A19,20.34,56.35,3141
2024-01-04T13:20:00,1,SHELF-A19,21.22,56.12,3141
2024-01-04T13:40:00,1,SHELF-A19,19.61,47.19,3141
2024-01-04T14:00:00,1,SHELF-A19,20.85,53.38,3141
2024-01-04T14:20:00,1,SHELF-A19,19.89,53.73,3141
2024-01-04T14:40:00,1,SHELF-A19,19.74,53.30,3141
2024-01-04T15:00:00,1,SHELF-A19,20.95,43.36,3141
2024-01-04T15:20:00,1,SHELF-A19,21.10,53.63,3141
2024-01-04T15:40:00,1,SHELF-A19,21.63,51.79,3141
2024-01-04T16:00:00,1,SHELF-A19,20.13,50.81,3141
2024-01-04T16:20:00,1,SHELF-A19,19.90,44.73,3141
2024-01-04T16:40:00,1,SHELF-A19,20.48,55.94,3141
2024-01-04T17:00:00,1,SHELF-A19,21.66,44.59,3141
2024-01-04T17:20:00,1,SHELF-A19,20.22,54.31,3141
2024-01-04T17:40:00,1,SHELF-A19,20.04,46.93,3141
2024-01-04T18:00:00,1,SHELF-A19,21.52,57.38,3141
2024-01-04T18:20:00,1,SHELF-A19,20.64,44.89,3141
2024-01-04T18:40:00,1,SHELF-A19,21.85,57.37,3141
2024-01-04T19:00:00,1,SHELF-A19,20.19,54.25,3141
2024-01-04T19:20:00,1,SHELF-A19,20.21,49.96,3141
2024-01-04T19:40:00,1,SHELF-A19,21.18,54.92,3141
2024-01-04T20:00:00,1,SHELF-A19,21.52,49.90,3141
2024-01-04T20:20:00,1,SHELF-A19,20.74,52.55,3141
2024-01-04T20:40:00,1,SHELF-A19,21.22,49.07,3141
2024-01-04T21:00:00,1,SHELF-A19,21.64,42.11,3141
2024-01-04T21:20:00,1,SHELF-A19,22.20,46.45,3141
2024-01-04T21:40:00,1,SHELF-A19,21.69,55.12,3141
2024-01-04T22:00:00,1,SHELF-A19,20.97,44.96,3141
2024-01-04T22:20:00,1,SHELF-A19,20.67,47.58,3141
2024-01-04T22:40:00,1,SHELF-A19,20.85,42.52,3141
2024-01-04T23:00:00,1,SHELF-A19,21.84,51.65,3141
2024-01-04T23:20:00,1,SHELF-A19,21.34,43.40,3141
2024-01-04T23:40:00,1,SHELF-A19,20.90,57.90,3141
2024-01-04T00:00:00,1,SHELF-B19,19.15,51.78,3135
2024-01-04T00:20:00,1,SHELF-B19,19.19,51.52,3135
2024-01-04T00:40:00,1,SHELF-B19,19.38,44.84,3135
2024-01-04T01:00:00,1,SHELF-B19,18.84,51.26,3135
2024-01-04T01:20:00,1,SHELF-B19,19.80,43.49,3135
2024-01-04T01:40:00,1,SHELF-B19,18.53,47.90,3135
2024-01-04T02:00:00,1,SHELF-B19,18.82,43.08,3135
2024-01-04T02:20:00,1,SHELF-B19,18.91,50.81,3135
2024-01-04T02:40:00,1,SHELF-B19,18.64,44.15,3135
2024-01-04T03:00:00,1,SHELF-B19,19.57,46.39,3135
2024-01-04T03:20:00,1,SHELF-B19,19.24,50.39,3135
2024-01-04T03:40:00,1,SHELF-B19,19.57,51.79,3135
2024-01-04T04:00:00,1,SHELF-B19,18.53,53.68,3135
2024-01-04T04:20:00,1,SHELF-B19,19.57,57.80,3135
2024-01-04T04:40:00,1,SHELF-B19,19.28,53.02,3135
2024-01-04T05:00:00,1,SHELF-B19,20.30,57.78,3135
2024-01-04T05:20:00,1,SHELF-B19,19.01,51.74,3135
2024-01-04T05:40:00,1,SHELF-B19,19.07,50.41,3135
2024-01-04T06:00:00,1,SHELF-B19,20.55,47.66,3135
2024-01-04T06:20:00,1,SHELF-B19,18.82,51.00,3135
2024-01-04T06:40:00,1,SHELF-B19,19.60,52.11,3135
2024-01-04T07:00:00,1,SHELF-B19,19.67,44.88,3135
2024-01-04T07:20:00,1,SHELF-B19,19.90,53.34,3135
2024-01-04T07:40:00,1,SHELF-B19,20.64,42.03,3135
2024-01-04T08:00:00,1,SHELF-B19,18.86,52.01,3135
2024-01-04T08:20:00,1,SHELF-B19,19.04,55.57,3135
2024-01-04T08:40:00,1,SHELF-B19,20.41,57.98,3135
2024-01-04T09:00:00,1,SHELF-B19,19.76,47.34,3135
2024-01-04T09:20:00,1,SHELF-B19,20.05,52.20,3135
2024-01-04T09:40:00,1,SHELF-B19,18.96,45.22,3135
2024-01-04T10:00:00,1,SHELF-B19,19.62,54.64,3135
2024-01-04T10:20:00,1,SHELF-B19,19.67,50.11,3135
2024-01-04T10:40:00,1,SHELF-B19,19.71,42.10,3135
2024-01-04T11:00:00,1,SHELF-B19,20.55,47.46,3135
2024-01-04T11:20:00,1,SHELF-B19,20.63,51.86,3135
2024-01-04T11:40:00,1,SHELF-B19,19.24,44.81,3135
2024-01-04T12:00:00,1,SHELF-B19,19.97,47.41,3135
2024-01-04T12:20:00,1,SHELF-B19,20.65,56.66,3135
2024-01-04T12:40:00,1,SHELF-B19,20.90,52.33,3135
2024-01-04T13:00:00,1,SHELF-B19,20.40,52.04,3135
2024-01-04T13:20:00,1,SHELF-B19,21.22,50.59,3135
2024-01-04T13:40:00,1,SHELF-B19,20.10,54.54,3135
2024-01-04T14:00:00,1,SHELF-B19,20.39,53.88,3135
2024-01-04T14:20:00,1,SHELF-B19,21.23,46.79,3135
2024-01-04T14:40:00,1,SHELF-B19,21.01,47.05,3135
2024-01-04T15:00:00,1,SHELF-B19,20.75,45.33,3135
2024-01-04T15:20:00,1,SHELF-B19,21.05,54.79,3135
2024-01-04T15:40:00,1,SHELF-B19,21.46,47.66,3135
2024-01-04T16:00:00,1,SHELF-B19,21.75,46.49,3135
2024-01-04T16:20:00,1,SHELF-B19,19.87,57.74,3135
2024-01-04T16:40:00,1,SHELF-B19,21.06,55.48,3135
2024-01-04T17:00:00,1,SHELF-B19,21.07,48.23,3135
2024-01-04T17:20:00,1,SHELF-B19,21.12,55.83,3135
2024-01-04T17:40:00,1,SHELF-B19,21.44,53.28,3135
2024-01-04T18:00:00,1,SHELF-B19,20.69,42.51,3135
2024-01-04T18:20:00,1,SHELF-B19,20.89,49.95,3135
2024-01-04T18:40:00,1,SHELF-B19,20.53,49.23,3135
2024-01-04T19:00:00,1,SHELF-B19,22.08,45.46,3135
2024-01-04T19:20:00,1,SHELF-B19,20.79,43.80,3135
2024-01-04T19:40:00,1,SHELF-B19,21.75,54.44,3135
2024-01-04T20:00:00,1,SHELF-B19,22.13,49.10,3135
2024-01-04T20:20:00,1,SHELF-B19,20.36,49.72,3135
2024-01-04T20:40:00,1,SHELF-B19,21.31,45.04,3135
2024-01-04T21:00:00,1,SHELF-B19,22.28,53.72,3135
2024-01-04T21:20:00,1,SHELF-B19,21.48,54.41,3135
2024-01-04T21:40:00,1,SHELF-B19,20.72,55.95,3135
2024-01-04T22:00:00,1,SHELF-B19,22.20,57.01,3135
2024-01-04T22:20:00,1,SHELF-B19,21.91,44.12,3135
2024-01-04T22:40:00,1,SHELF-B19,22.01,49.35,3135
2024-01-04T23:00:00,1,SHELF-B19,22.11,50.36,3135
2024-01-04T23:20:00,1,SHELF-B19,20.69,56.92,3135
2024-01-04T23:40:00,1,SHELF-B19,22.06,51.51,3135
2024-01-04T00:00:00,1,SHELF-E06,18.47,56.23,3116
2024-01-04T00:20:00,1,SHELF-E06,18.01,54.26,3116
2024-01-04T00:40:00,1,SHELF-E06,19.30,42.36,3116
2024-01-04T01:00:00,1,SHELF-E06,19.45,52.22,3116
2024-01-04T01:20:00,1,SHELF-E06,18.35,45.21,3116
2024-01-04T01:40:00,1,SHELF-E06,18.51,50.52,3116
2024-01-04T02:00:00,1,SHELF-E06,19.60,52.74,3116
2024-01-04T02:20:00,1,SHELF-E06,18.60,44.52,3116
2024-01-04T02:40:00,1,SHELF-E06,18.29,57.33,3116
2024-01-04T03:00:00,1,SHELF-E06,19.30,43.64,3116
2024-01-04T03:20:00,1,SHELF-E06,19.27,50.79,3116
2024-01-04T03:40:00,1,SHELF-E06,18.72,57.09,3116
2024-01-04T04:00:00,1,SHELF-E06,19.92,51.19,3116
2024-01-04T04:20:00,1,SHELF-E06,18.65,46.98,3116
2024-01-04T04:40:00,1,SHELF-E06,20.09,50.65,3116
2024-01-04T05:00:00,1,SHELF-E06,18.53,42.46,3116
2024-01-04T05:20:00,1,SHELF-E06,20.24,42.81,3116
2024-01-04T05:40:00,1,SHELF-E06,19.20,43.38,3116
2024-01-04T06:00:00,1,SHELF-E06,19.34,53.27,3116
2024-01-04T06:20:00,1,SHELF-E06,20.34,52.07,3116
2024-01-04T06:40:00,1,SHELF-E06,19.94,49.13,3116
2024-01-04T07:00:00,1,SHELF-E06,19.39,47.32,3116
2024-01-04T07:20:00,1,SHELF-E06,19.08,54.13,3116
2024-01-04T07:40:00,1,SHELF-E06,20.30,43.26,3116
2024-01-04T08:00:00,1,SHELF-E06,20.65,54.23,3116
2024-01-04T08:20:00,1,SHELF-E06,19.94,43.49,3116
2024-01-04T08:40:00,1,SHELF-E06,20.41,53.18,3116
2024-01-04T09:00:00,1,SHELF-E06,19.13,46.97,3116
2024-01-04T09:20:00,1,SHELF-E06,20.22,54.26,3116
2024-01-04T09:40:00,1,SHELF-E06,19.87,57.16,3116
2024-01-04T10:00:00,1,SHELF-E06,19.35,56.33,3116
2024-01-04T10:20:00,1,SHELF-E06,19.57,47.82,3116
2024-01-04T10:40:00,1,SHELF-E06,19.42,56.68,3116
2024-01-04T11:00:00,1,SHELF-E06,19.84,55.77,3116
2024-01-04T11:20:00,1,SHELF-E06,19.83,49.80,3116
2024-01-04T11:40:00,1,SHELF-E06,19.31,43.81,3116
2024-01-04T12:00:00,1,SHELF-E06,20.26,55.53,3116
2024-01-04T12:20:00,1,SHELF-E06,19.87,47.58,3116
2024-01-04T12:40:00,1,SHELF-E06,20.46,50.13,3116
2024-01-04T13:00:00,1,SHELF-E06,20.24,53.43,3116
2024-01-04T13:20:00,1,SHELF-E06,19.65,50.90,3116
2024-01-04T13:40:00,1,SHELF-E06,19.57,46.83,3116
2024-01-04T14:00:00,1,SHELF-E06,20.48,51.45,3116
2024-01-04T14:20:00,1,SHELF-E06,20.03,45.90,3116
2024-01-04T14:40:00,1,SHELF-E06,19.88,49.72,3116
2024-01-04T15:00:00,1,SHELF-E06,19.81,45.33,3116
2024-01-04T15:20:00,1,SHELF-E06,21.07,48.90,3116
2024-01-04T15:40:00,1,SHELF-E06,21.64,51.08,3116
2024-01-04T16:00:00,1,SHELF-E06,20.49,53.11,3116
2024-01-04T16:20:00,1,SHELF-E06,20.15,52.71,3116
2024-01-04T16:40:00,1,SHELF-E06,21.29,53.39,3116
2024-01-04T17:00:00,1,SHELF-E06,21.61,43.83,3116
2024-01-04T17:20:00,1,SHELF-E06,21.12,47.21,3116
2024-01-04T17:40:00,1,SHELF-E06,20.13,49.12,3116
2024-01-04T18:00:00,1,SHELF-E06,20.67,48.49,3116
2024-01-04T18:20:00,1,SHELF-E06,21.25,52.97,3116
2024-01-04T18:40:00,1,SHELF-E06,21.25,55.12,3116
2024-01-04T19:00:00,1,SHELF-E06,20.84,52.32,3116
2024-01-04T19:20:00,1,SHELF-E06,20.31,45.48,3116
2024-01-04T19:40:00,1,SHELF-E06,20.46,51.29,3116
2024-01-04T20:00:00,1,SHELF-E06,21.82,54.96,3116
2024-01-04T20:20:00,1,SHELF-E06,21.82,52.57,3116
2024-01-04T20:40:00,1,SHELF-E06,21.21,46.66,3116
2024-01-04T21:00:00,1,SHELF-E06,21.66,49.15,3116
2024-01-04T21:20:00,1,SHELF-E06,20.84,56.04,3116
2024-01-04T21:40:00,1,SHELF-E06,21.03,54.71,3116
2024-01-04T22:00:00,1,SHELF-E06,21.92,56.70,3116
2024-01-04T22:20:00,1,SHELF-E06,22.43,53.48,3116
2024-01-04T22:40:00,1,SHELF-E06,22.39,57.84,3116
2024-01-04T23:00:00,1,SHELF-E06,21.85,51.78,3116
2024-01-04T23:20:00,1,SHELF-E06,21.70,55.56,3116
2024-01-04T23:40:00,1,SHELF-E06,22.39,43.00,3116
2024-01-04T00:00:00,1,SHELF-F18,19.74,42.01,3234
2024-01-04T00:20:00,1,SHELF-F18,18.93,57.66,3234
2024-01-04T00:40:00,1,SHELF-F18,18.03,46.52,3234
2024-01-04T01:00:00,1,SHELF-F18,18.00,48.91,3234
2024-01-04T01:20:00,1,SHELF-F18,19.11,52.00,3234
2024-01-04T01:40:00,1,SHELF-F18,19.36,48.50,3234
2024-01-04T02:00:00,1,SHELF-F18,18.93,45.38,3234
2024-01-04T02:20:00,1,SHELF-F18,18.40,44.23,3234
2024-01-04T02:40:00,1,SHELF-F18,19.17,55.49,3234
2024-01-04T03:00:00,1,SHELF-F18,18.90,48.68,3234
2024-01-04T03:20:00,1,SHELF-F18,18.76,55.96,3234
2024-01-04T03:40:00,1,SHELF-F18,18.43,42.19,3234
2024-01-04T04:00:00,1,SHELF-F18,19.60,44.30,3234
2024-01-04T04:20:00,1,SHELF-F18,20.08,52.53,3234
2024-01-04T04:40:00,1,SHELF-F18,20.26,44.17,3234
2024-01-04T05:00:00,1,SHELF-F18,18.71,54.90,3234
2024-01-04T05:20:00,1,SHELF-F18,20.15,56.30,3234
2024-01-04T05:40:00,1,SHELF-F18,19.82,56.88,3234
2024-01-04T06:00:00,1,SHELF-F18,19.80,49.27,3234
2024-01-04T06:20:00,1,SHELF-F18,19.41,55.12,3234
2024-01-04T06:40:00,1,SHELF-F18,19.33,45.61,3234
2024-01-04T07:00:00,1,SHELF-F18,19.53,42.12,3234
2024-01-04T07:20:00,1,SHELF-F18,19.68,53.69,3234
2024-01-04T07:40:00,1,SHELF-F18,20.11,46.31,3234
2024-01-04T08:00:00,1,SHELF-F18,20.66,51.22,3234
2024-01-04T08:20:00,1,SHELF-F18,18.87,42.61,3234
2024-01-04T08:40:00,1,SHELF-F18,19.77,47.90,3234
2024-01-04T09:00:00,1,SHELF-F18,20.09,57.39,3234
2024-01-04T09:20:00,1,SHELF-F18,19.09,53.68,3234
2024-01-04T09:40:00,1,SHELF-F18,19.99,55.75,3234
2024-01-04T10:00:00,1,SHELF-F18,20.56,46.47,3234
2024-01-04T10:20:00,1,SHELF-F18,20.09,50.37,3234
2024-01-04T10:40:00,1,SHELF-F18,20.28,45.92,3234
2024-01-04T11:00:00,1,SHELF-F18,20.44,52.62,3234
2024-01-04T11:20:00,1,SHELF-F18,20.52,52.95,3234
2024-01-04T11:40:00,1,SHELF-F18,20.26,51.27,3234
2024-01-04T12:00:00,1,SHELF-F18,20.53,56.46,3234
2024-01-04T12:20:00,1,SHELF-F18,20.38,42.17,3234
2024-01-04T12:40:00,1,SHELF-F18,20.22,56.50,3234
2024-01-04T13:00:00,1,SHELF-F18,20.58,47.30,3234
2024-01-04T13:20:00,1,SHELF-F18,20.14,57.64,3234
2024-01-04T13:40:00,1,SHELF-F18,20.02,44.68,3234
2024-01-04T14:00:00,1,SHELF-F18,20.95,51.56,3234
2024-01-04T14:20:00,1,SHELF-F18,20.17,54.56,3234
2024-01-04T14:40:00,1,SHELF-F18,20.08,52.07,3234
2024-01-04T15:00:00,1,SHELF-F18,20.84,51.17,3234
2024-01-04T15:20:00,1,SHELF-F18,21.00,46.67,3234
2024-01-04T15:40:00,1,SHELF-F18,21.16,42.44,3234
2024-01-04T16:00:00,1,SHELF-F18,20.78,44.03,3234
2024-01-04T16:20:00,1,SHELF-F18,19.96,54.54,3234
2024-01-04T16:40:00,1,SHELF-F18,20.31,51.85,3234
2024-01-04T17:00:00,1,SHELF-F18,20.48,46.11,3234
2024-01-04T17:20:00,1,SHELF-F18,21.42,51.66,3234
2024-01-04T17:40:00,1,SHELF-F18,21.75,53.82,3234
2024-01-04T18:00:00,1,SHELF-F18,21.38,47.92,3234
2024-01-04T18:20:00,1,SHELF-F18,20.41,54.52,3234
2024-01-04T18:40:00,1,SHELF-F18,20.53,44.89,3234
2024-01-04T19:00:00,1,SHELF-F18,21.24,42.53,3234
2024-01-04T19:20:00,1,SHELF-F18,22.15,57.48,3234
2024-01-04T19:40:00,1,SHELF-F18,21.37,55.15,3234
2024-01-04T20:00:00,1,SHELF-F18,21.98,54.04,3234
2024-01-04T20:20:00,1,SHELF-F18,21.13,48.13,3234
2024-01-04T20:40:00,1,SHELF-F18,21.63,53.62,3234
2024-01-04T21:00:00,1,SHELF-F18,20.77,51.24,3234
2024-01-04T21:20:00,1,SHELF-F18,22.12,42.87,3234
2024-01-04T21:40:00,1,SHELF-F18,20.96,55.11,3234
2024-01-04T22:00:00,1,SHELF-F18,20.66,49.42,3234
2024-01-04T22:20:00,1,SHELF-F18,21.51,49.62,3234
2024-01-04T22:40:00,1,SHELF-F18,22.45,56.76,3234
2024-01-04T23:00:00,1,SHELF-F18,21.15,52.94,3234
2024-01-04T23:20:00,1,SHELF-F18,21.46,46.20,3234
2024-01-04T23:40:00,1,SHELF-F18,21.74,48.96,3234
2024-01-05T00:00:00,1,SHELF-D12,19.66,49.18,3165
2024-01-05T00:20:00,1,SHELF-D12,19.16,57.39,3165
2024-01-05T00:40:00,1,SHELF-D12,19.17,42.66,3165
2024-01-05T01:00:00,1,SHELF-D12,19.77,52.20,3165
2024-01-05T01:20:00,1,SHELF-D12,19.85,48.91,3165
2024-01-05T01:40:00,1,SHELF-D12,19.77,55.73,3165
2024-01-05T02:00:00,1,SHELF-D12,18.73,46.27,3165
2024-01-05T02:20:00,1,SHELF-D12,18.25,52.47,3165
2024-01-05T02:40:00,1,SHELF-D12,18.84,54.37,3165
2024-01-05T03:00:00,1,SHELF-D12,19.68,53.75,3165
2024-01-05T03:20:00,1,SHELF-D12,19.36,45.12,3165
2024-01-05T03:40:00,1,SHELF-D12,18.86,53.04,3165
2024-01-05T04:00:00,1,SHELF-D12,18.67,50.76,3165
2024-01-05T04:20:00,1,SHELF-D12,19.65,55.31,3165
2024-01-05T04:40:00,1,SHELF-D12,18.33,43.56,3165
2024-01-05T05:00:00,1,SHELF-D12,18.64,49.14,3165
2024-01-05T05:20:00,1,SHELF-D12,18.87,46.53,3165
2024-01-05T05:40:00,1,SHELF-D12,18.82,42.38,3165
2024-01-05T06:00:00,1,SHELF-D12,18.74,57.02,3165
2024-01-05T06:20:00,1,SHELF-D12,19.87,55.37,3165
2024-01-05T06:40:00,1,SHELF-D12,20.46,52.21,3165
2024-01-05T07:00:00,1,SHELF-D12,20.10,43.92,3165
2024-01-05T07:20:00,1,SHELF-D12,20.40,44.08,3165
2024-01-05T07:40:00,1,SHELF-D12,20.00,56.40,3165
2024-01-05T08:00:00,1,SHELF-D12,19.94,57.47,3165
2024-01-05T08:20:00,1,SHELF-D12,20.60,53.13,3165
2024-01-05T08:40:00,1,SHELF-D12,19.31,49.47,3165
2024-01-05T09:00:00,1,SHELF-D12,20.81,52.22,3165
2024-01-05T09:20:00,1,SHELF-D12,20.78,46.42,3165
2024-01-05T09:40:00,1,SHELF-D12,19.79,56.45,3165
2024-01-05T10:00:00,1,SHELF-D12,20.60,47.17,3165
2024-01-05T10:20:00,1,SHELF-D12,19.38,43.18,3165
2024-01-05T10:40:00,1,SHELF-D12,20.61,48.12,3165
2024-01-05T11:00:00,1,SHELF-D12,19.85,42.96,3165
2024-01-05T11:20:00,1,SHELF-D12,21.09,46.23,3165
2024-01-05T11:40:00,1,SHELF-D12,20.06,49.87,3165
2024-01-05T12:00:00,1,SHELF-D12,21.16,51.76,3165
2024-01-05T12:20:00,1,SHELF-D12,19.66,49.87,3165
2024-01-05T12:40:00,1,SHELF-D12,19.60,54.30,3165
2024-01-05T13:00:00,1,SHELF-D12,19.87,52.29,3165
2024-01-05T13:20:00,1,SHELF-D12,21.26,53.45,3165
2024-01-05T13:40:00,1,SHELF-D12,19.64,43.17,3165
2024-01-05T14:00:00,1,SHELF-D12,20.70,46.01,3165
2024-01-05T14:20:00,1,SHELF-D12,20.45,56.34,3165
2024-01-05T14:40:00,1,SHELF-D12,19.86,52.25,3165
2024-01-05T15:00:00,1,SHELF-D12,21.55,52.63,3165
2024-01-05T15:20:00,1,SHELF-D12,20.22,53.20,3165
2024-01-05T15:40:00,1,SHELF-D12,21.49,51.19,3165
2024-01-05T16:00:00,1,SHELF-D12,20.84,57.04,3165
2024-01-05T16:20:00,1,SHELF-D12,20.79,48.98,3165
2024-01-05T16:40:00,1,SHELF-D12,21.50,54.49,3165
2024-01-05T17:00:00,1,SHELF-D12,21.50,50.64,3165
2024-01-05T17:20:00,1,SHELF-D12,19.94,57.27,3165
2024-01-05T17:40:00,1,SHELF-D12,21.57,49.71,3165
2024-01-05T18:00:00,1,SHELF-D12,21.19,56.96,3165
2024-01-05T18:20:00,1,SHELF-D12,20.78,52.91,3165
2024-01-05T18:40:00,1,SHELF-D12,20.86,52.12,3165
2024-01-05T19:00:00,1,SHELF-D12,22.10,43.45,3165
2024-01-05T19:20:00,1,SHELF-D12,21.25,57.37,3165
2024-01-05T19:40:00,1,SHELF-D12,20.34,49.35,3165
2024-01-05T20:00:00,1,SHELF-D12,21.84,52.36,3165
2024-01-05T20:20:00,1,SHELF-D12,20.66,42.63,3165
2024-01-05T20:40:00,1,SHELF-D12,21.08,45.06,3165
2024-01-05T21:00:00,1,SHELF-D12,21.82,56.34,3165
2024-01-05T21:20:00,1,SHELF-D12,21.69,47.75,3165
2024-01-05T21:40:00,1,SHELF-D12,20.60,52.12,3165
2024-01-05T22:00:00,1,SHELF-D12,22.03,44.24,3165
2024-01-05T22:20:00,1,SHELF-D12,20.94,53.52,3165
2024-01-05T22:40:00,1,SHELF-D12,21.74,49.83,3165
2024-01-05T23:00:00,1,SHELF-D12,20.81,50.65,3165
2024-01-05T23:20:00,1,SHELF-D12,21.30,50.54,3165
2024-01-05T23:40:00,1,SHELF-D12,22.35,49.19,3165
2024-01-05T00:00:00,1,SHELF-A19,17.88,42.90,3096
2024-01-05T00:20:00,1,SHELF-A19,19.38,42.69,3096
2024-01-05T00:40:00,1,SHELF-A19,18.04,54.91,3096
2024-01-05T01:00:00,1,SHELF-A19,19.27,49.33,3096
2024-01-05T01:20:00,1,SHELF-A19,19.29,55.99,3096
2024-01-05T01:40:00,1,SHELF-A19,18.23,51.27,3096
2024-01-05T02:00:00,1,SHELF-A19,19.91,42.59,3096
2024-01-05T02:20:00,1,SHELF-A19,18.34,52.46,3096
2024-01-05T02:40:00,1,SHELF-A19,19.00,56.69,3096
2024-01-05T03:00:00,1,SHELF-A19,18.27,53.22,3096
2024-01-05T03:20:00,1,SHELF-A19,18.44,44.76,3096
2024-01-05T03:40:00,1,SHELF-A19,18.28,46.92,3096
2024-01-05T04:00:00,1,SHELF-A19,19.90,49.30,3096
2024-01-05T04:20:00,1,SHELF-A19,18.65,51.46,3096
2024-01-05T04:40:00,1,SHELF-A19,19.94,43.70,3096
2024-01-05T05:00:00,1,SHELF-A19,19.43,54.79,3096
2024-01-05T05:20:00,1,SHELF-A19,18.87,54.87,3096
2024-01-05T05:40:00,1,SHELF-A19,19.29,54.98,3096
2024-01-05T06:00:00,1,SHELF-A19,20.52,52.85,3096
2024-01-05T06:20:00,1,SHELF-A19,19.21,57.61,3096
2024-01-05T06:40:00,1,SHELF-A19,19.71,44.20,3096
2024-01-05T07:00:00,1,SHELF-A19,20.36,54.69,3096
2024-01-05T07:20:00,1,SHELF-A19,20.21,51.49,3096
2024-01-05T07:40:00,1,SHELF-A19,19.35,43.93,3096
2024-01-05T08:00:00,1,SHELF-A19,19.09,48.64,3096
2024-01-05T08:20:00,1,SHELF-A19,20.20,50.85,3096
2024-01-05T08:40:00,1,SHELF-A19,19.69,56.81,3096
2024-01-05T09:00:00,1,SHELF-A19,19.01,43.60,3096
2024-01-05T09:20:00,1,SHELF-A19,20.63,51.80,3096
2024-01-05T09:40:00,1,SHELF-A19,20.49,42.25,3096
2024-01-05T10:00:00,1,SHELF-A19,20.03,42.10,3096
2024-01-05T10:20:00,1,SHELF-A19,19.42,43.43,3096
2024-01-05T10:40:00,1,SHELF-A19,20.36,56.19,3096
2024-01-05T11:00:00,1,SHELF-A19,20.02,54.92,3096
2024-01-05T11:20:00,1,SHELF-A19,20.73,53.08,3096
2024-01-05T11:40:00,1,SHELF-A19,19.60,52.24,3096
2024-01-05T12:00:00,1,SHELF-A19,20.35,48.59,3096
2024-01-05T12:20:00,1,SHELF-A19,21.18,51.77,3096
2024-01-05T12:40:00,1,SHELF-A19,19.38,44.88,3096
2024-01-05T13:00:00,1,SHELF-A19,20.43,57.20,3096
2024-01-05T13:20:00,1,SHELF-A19,20.69,54.52,3096
2024-01-05T13:40:00,1,SHELF-A19,20.13,42.07,3096
2024-01-05T14:00:00,1,SHELF-A19,20.03,43.88,3096
2024-01-05T14:20:00,1,SHELF-A19,20.62,43.53,3096
2024-01-05T14:40:00,1,SHELF-A19,20.28,54.18,3096
2024-01-05T15:00:00,1,SHELF-A19,20.76,45.51,3096
2024-01-05T15:20:00,1,SHELF-A19,21.22,52.55,3096
2024-01-05T15:40:00,1,SHELF-A19,20.24,45.10,3096
2024-01-05T16:00:00,1,SHELF-A19,21.40,52.96,3096
2024-01-05T16:20:00,1,SHELF-A19,21.74,49.59,3096
2024-01-05T16:40:00,1,SHELF-A19,20.16,52.72,3096
2024-01-05T17:00:00,1,SHELF-A19,20.02,52.32,3096
2024-01-05T17:20:00,1,SHELF-A19,20.50,48.95,3096
2024-01-05T17:40:00,1,SHELF-A19,20.60,54.88,3096
2024-01-05T18:00:00,1,SHELF-A19,21.57,42.69,3096
2024-01-05T18:20:00,1,SHELF-A19,21.54,56.80,3096
2024-01-05T18:40:00,1,SHELF-A19,20.41,54.57,3096
2024-01-05T19:00:00,1,SHELF-A19,21.15,43.86,3096
2024-01-05T19:20:00,1,SHELF-A19,21.97,53.54,3096
2024-01-05T19:40:00,1,SHELF-A19,21.37,47.22,3096
2024-01-05T20:00:00,1,SHELF-A19,20.71,52.83,3096
2024-01-05T20:20:00,1,SHELF-A19,20.96,54.46,3096
2024-01-05T20:40:00,1,SHELF-A19,20.96,43.57,3096
2024-01-05T21:00:00,1,SHELF-A19,21.91,55.92,3096
2024-01-05T21:20:00,1,SHELF-A19,21.18,45.53,3096
2024-01-05T21:40:00,1,SHELF-A19,21.37,49.75,3096
2024-01-05T22:00:00,1,SHELF-A19,22.34,44.32,3096
2024-01-05T22:20:00,1,SHELF-A19,22.41,49.28,3096
2024-01-05T22:40:00,1,SHELF-A19,21.33,44.18,3096
2024-01-05T23:00:00,1,SHELF-A19,22.12,52.11,3096
2024-01-05T23:20:00,1,SHELF-A19,22.63,45.24,3096
2024-01-05T23:40:00,1,SHELF-A19,20.94,53.08,3096
2024-01-05T00:00:00,1,SHELF-B19,18.37,43.78,3107
2024-01-05T00:20:00,1,SHELF-B19,18.74,48.69,3107
2024-01-05T00:40:00,1,SHELF-B19,19.33,45.52,3107
2024-01-05T01:00:00,1,SHELF-B19,18.52,44.51,3107
2024-01-05T01:20:00,1,SHELF-B19,19.52,57.24,3107
2024-01-05T01:40:00,1,SHELF-B19,19.74,51.25,3107
2024-01-05T02:00:00,1,SHELF-B19,19.16,45.68,3107
2024-01-05T02:20:00,1,SHELF-B19,18.88,50.35,3107
2024-01-05T02:40:00,1,SHELF-B19,19.78,45.46,3107
2024-01-05T03:00:00,1,SHELF-B19,19.13,49.40,3107
2024-01-05T03:20:00,1,SHELF-B19,18.21,48.85,3107
2024-01-05T03:40:00,1,SHELF-B19,19.93,45.97,3107
2024-01-05T04:00:00,1,SHELF-B19,19.18,45.56,3107
2024-01-05T04:20:00,1,SHELF-B19,20.16,57.14,3107
2024-01-05T04:40:00,1,SHELF-B19,20.14,56.37,3107
2024-01-05T05:00:00,1,SHELF-B19,19.27,42.71,3107
2024-01-05T05:20:00,1,SHELF-B19,20.42,53.74,3107
2024-01-05T05:40:00,1,SHELF-B19,19.44,48.81,3107
2024-01-05T06:00:00,1,SHELF-B19,19.35,54.96,3107
2024-01-05T06:20:00,1,SHELF-B19,19.95,43.57,3107
2024-01-05T06:40:00,1,SHELF-B19,19.55,43.33,3107
2024-01-05T07:00:00,1,SHELF-B19,20.19,53.09,3107
2024-01-05T07:20:00,1,SHELF-B19,19.50,45.49,3107
2024-01-05T07:40:00,1,SHELF-B19,19.40,45.82,3107
2024-01-05T08:00:00,1,SHELF-B19,20.81,42.25,3107
2024-01-05T08:20:00,1,SHELF-B19,20.15,44.59,3107
2024-01-05T08:40:00,1,SHELF-B19,19.73,51.13,3107
2024-01-05T09:00:00,1,SHELF-B19,20.10,57.62,3107
2024-01-05T09:20:00,1,SHELF-B19,19.86,44.22,3107
2024-01-05T09:40:00,1,SHELF-B19,20.34,44.96,3107
2024-01-05T10:00:00,1,SHELF-B19,20.80,52.03,3107
2024-01-05T10:20:00,1,SHELF-B19,20.47,42.02,3107
2024-01-05T10:40:00,1,SHELF-B19,20.31,48.16,3107
2024-01-05T11:00:00,1,SHELF-B19,20.56,50.49,3107
2024-01-05T11:20:00,1,SHELF-B19,19.78,54.05,3107
2024-01-05T11:40:00,1,SHELF-B19,20.58,51.80,3107
2024-01-05T12:00:00,1,SHELF-B19,20.46,45.31,3107
2024-01-05T12:20:00,1,SHELF-B19,20.68,51.93,3107
2024-01-05T12:40:00,1,SHELF-B19,19.98,56.92,3107
2024-01-05T13:00:00,1,SHELF-B19,20.46,56.56,3107
2024-01-05T13:20:00,1,SHELF-B19,20.16,42.83,3107
2024-01-05T13:40:00,1,SHELF-B19,20.20,49.45,3107
2024-01-05T14:00:00,1,SHELF-B19,19.64,47.86,3107
2024-01-05T14:20:00,1,SHELF-B19,20.85,53.28,3107
2024-01-05T14:40:00,1,SHELF-B19,20.68,54.38,3107
2024-01-05T15:00:00,1,SHELF-B19,19.96,47.36,3107
2024-01-05T15:20:00,1,SHELF-B19,20.76,52.38,3107
2024-01-05T15:40:00,1,SHELF-B19,21.16,54.04,3107
2024-01-05T16:00:00,1,SHELF-B19,21.55,53.25,3107
2024-01-05T16:20:00,1,SHELF-B19,21.31,54.17,3107
2024-01-05T16:40:00,1,SHELF-B19,20.45,56.37,3107
2024-01-05T17:00:00,1,SHELF-B19,20.94,48.77,3107
2024-01-05T17:20:00,1,SHELF-B19,20.04,47.97,3107
2024-01-05T17:40:00,1,SHELF-B19,20.84,50.02,3107
2024-01-05T18:00:00,1,SHELF-B19,21.72,49.52,3107
2024-01-05T18:20:00,1,SHELF-B19,21.12,55.21,3107
2024-01-05T18:40:00,1,SHELF-B19,21.86,49.23,3107
2024-01-05T19:00:00,1,SHELF-B19,20.92,52.77,3107
2024-01-05T19:20:00,1,SHELF-B19,21.57,57.65,3107
2024-01-05T19:40:00,1,SHELF-B19,21.95,45.01,3107
2024-01-05T20:00:00,1,SHELF-B19,22.08,43.40,3107
2024-01-05T20:20:00,1,SHELF-B19,21.09,44.86,3107
2024-01-05T20:40:00,1,SHELF-B19,22.22,43.23,3107
2024-01-05T21:00:00,1,SHELF-B19,20.76,43.79,3107
2024-01-05T21:20:00,1,SHELF-B19,20.73,44.41,3107
2024-01-05T21:40:00,1,SHELF-B19,20.84,57.23,3107
2024-01-05T22:00:00,1,SHELF-B19,20.60,48.66,3107
2024-01-05T22:20:00,1,SHELF-B19,21.92,56.91,3107
2024-01-05T22:40:00,1,SHELF-B19,21.51,48.72,3107
2024-01-05T23:00:00,1,SHELF-B19,22.16,42.34,3107
2024-01-05T23:20:00,1,SHELF-B19,21.06,42.35,3107
2024-01-05T23:40:00,1,SHELF-B19,22.29,55.36,3107
2024-01-05T00:00:00,1,SHELF-E06,19.10,48.59,3225
2024-01-05T00:20:00,1,SHELF-E06,18.49,52.34,3225
2024-01-05T00:40:00,1,SHELF-E06,18.46,51.49,3225
2024-01-05T01:00:00,1,SHELF-E06,19.33,55.47,3225
2024-01-05T01:20:00,1,SHELF-E06,18.82,46.87,3225
2024-01-05T01:40:00,1,SHELF-E06,18.20,54.63,3225
2024-01-05T02:00:00,1,SHELF-E06,18.40,46.16,3225
2024-01-05T02:20:00,1,SHELF-E06,19.03,57.53,3225
2024-01-05T02:40:00,1,SHELF-E06,19.60,42.76,3225
2024-01-05T03:00:00,1,SHELF-E06,18.89,49.29,3225
2024-01-05T03:20:00,1,SHELF-E06,18.52,56.79,3225
2024-01-05T03:40:00,1,SHELF-E06,19.61,46.56,3225
2024-01-05T04:00:00,1,SHELF-E06,20.25,55.43,3225
2024-01-05T04:20:00,1,SHELF-E06,19.69,52.66,3225
2024-01-05T04:40:00,1,SHELF-E06,18.61,45.81,3225
2024-01-05T05:00:00,1,SHELF-E06,18.51,47.07,3225
2024-01-05T05:20:00,1,SHELF-E06,18.69,46.17,3225
2024-01-05T05:40:00,1,SHELF-E06,18.80,51.00,3225
2024-01-05T06:00:00,1,SHELF-E06,18.63,47.07,3225
2024-01-05T06:20:00,1,SHELF-E06,19.25,47.97,3225
2024-01-05T06:40:00,1,SHELF-E06,19.64,44.60,3225
2024-01-05T07:00:00,1,SHELF-E06,19.29,56.73,3225
2024-01-05T07:20:00,1,SHELF-E06,19.49,49.99,3225
2024-01-05T07:40:00,1,SHELF-E06,18.97,49.33,3225
2024-01-05T08:00:00,1,SHELF-E06,19.45,42.07,3225
2024-01-05T08:20:00,1,SHELF-E06,20.28,57.61,3225
2024-01-05T08:40:00,1,SHELF-E06,19.47,53.29,3225
2024-01-05T09:00:00,1,SHELF-E06,19.88,46.64,3225
2024-01-05T09:20:00,1,SHELF-E06,20.82,57.69,3225
2024-01-05T09:40:00,1,SHELF-E06,20.08,44.35,3225
2024-01-05T10:00:00,1,SHELF-E06,20.19,56.51,3225
2024-01-05T10:20:00,1,SHELF-E06,19.94,53.03,3225
2024-01-05T10:40:00,1,SHELF-E06,20.52,56.40,3225
2024-01-05T11:00:00,1,SHELF-E06,19.46,50.82,3225
2024-01-05T11:20:00,1,SHELF-E06,19.80,48.43,3225
2024-01-05T11:40:00,1,SHELF-E06,20.86,49.14,3225
2024-01-05T12:00:00,1,SHELF-E06,19.49,42.88,3225
2024-01-05T12:20:00,1,SHELF-E06,20.59,51.33,3225
2024-01-05T12:40:00,1,SHELF-E06,19.75,56.97,3225
2024-01-05T13:00:00,1,SHELF-E06,19.99,42.36,3225
2024-01-05T13:20:00,1,SHELF-E06,20.51,49.13,3225
2024-01-05T13:40:00,1,SHELF-E06,20.78,43.40,3225
2024-01-05T14:00:00,1,SHELF-E06,20.58,45.11,3225
2024-01-05T14:20:00,1,SHELF-E06,20.19,51.68,3225
2024-01-05T14:40:00,1,SHELF-E06,21.44,56.54,3225
2024-01-05T15:00:00,1,SHELF-E06,20.40,44.37,3225
2024-01-05T15:20:00,1,SHELF-E06,21.39,47.91,3225
2024-01-05T15:40:00,1,SHELF-E06,20.43,46.55,3225
2024-01-05T16:00:00,1,SHELF-E06,20.51,57.64,3225
2024-01-05T16:20:00,1,SHELF-E06,21.56,43.40,3225
2024-01-05T16:40:00,1,SHELF-E06,21.26,49.11,3225
2024-01-05T17:00:00,1,SHELF-E06,21.92,54.86,3225
2024-01-05T17:20:00,1,SHELF-E06,20.51,54.89,3225
2024-01-05T17:40:00,1,SHELF-E06,21.87,48.78,3225
2024-01-05T18:00:00,1,SHELF-E06,21.85,44.23,3225
2024-01-05T18:20:00,1,SHELF-E06,21.23,43.38,3225
2024-01-05T18:40:00,1,SHELF-E06,20.47,49.59,3225
2024-01-05T19:00:00,1,SHELF-E06,21.92,57.79,3225
2024-01-05T19:20:00,1,SHELF-E06,20.31,57.36,3225
2024-01-05T19:40:00,1,SHELF-E06,21.69,43.42,3225
2024-01-05T20:00:00,1,SHELF-E06,21.13,56.63,3225
2024-01-05T20:20:00,1,SHELF-E06,21.14,50.89,3225
2024-01-05T20:40:00,1,SHELF-E06,21.73,54.08,3225
2024-01-05T21:00:00,1,SHELF-E06,20.71,44.98,3225
2024-01-05T21:20:00,1,SHELF-E06,21.20,50.86,3225
2024-01-05T21:40:00,1,SHELF-E06,20.52,55.22,3225
2024-01-05T22:00:00,1,SHELF-E06,22.23,46.86,3225
2024-01-05T22:20:00,1,SHELF-E06,21.68,49.42,3225
2024-01-05T22:40:00,1,SHELF-E06,20.61,42.04,3225
2024-01-05T23:00:00,1,SHELF-E06,21.21,57.30,3225
2024-01-05T23:20:00,1,SHELF-E06,22.35,49.56,3225
2024-01-05T23:40:00,1,SHELF-E06,21.99,56.28,3225
2024-01-05T00:00:00,1,SHELF-F18,18.17,56.51,3198
2024-01-05T00:20:00,1,SHELF-F18,19.10,42.46,3198
2024-01-05T00:40:00,1,SHELF-F18,19.34,49.89,3198
2024-01-05T01:00:00,1,SHELF-F18,19.87,51.58,3198
2024-01-05T01:20:00,1,SHELF-F18,18.66,49.69,3198
2024-01-05T01:40:00,1,SHELF-F18,18.80,46.13,3198
2024-01-05T02:00:00,1,SHELF-F18,19.43,57.59,3198
2024-01-05T02:20:00,1,SHELF-F18,19.69,47.97,3198
2024-01-05T02:40:00,1,SHELF-F18,19.52,42.28,3198
2024-01-05T03:00:00,1,SHELF-F18,18.70,51.31,3198
2024-01-05T03:20:00,1,SHELF-F18,18.47,49.38,3198
2024-01-05T03:40:00,1,SHELF-F18,19.57,47.72,3198
2024-01-05T04:00:00,1,SHELF-F18,18.41,47.78,3198
2024-01-05T04:20:00,1,SHELF-F18,19.58,57.28,3198
2024-01-05T04:40:00,1,SHELF-F18,18.41,46.67,3198
2024-01-05T05:00:00,1,SHELF-F18,19.71,43.23,3198
2024-01-05T05:20:00,1,SHELF-F18,18.82,52.05,3198
2024-01-05T05:40:00,1,SHELF-F18,19.96,51.58,3198
2024-01-05T06:00:00,1,SHELF-F18,18.89,47.16,3198
2024-01-05T06:20:00,1,SHELF-F18,19.19,55.52,3198
2024-01-05T06:40:00,1,SHELF-F18,20.16,46.34,3198
2024-01-05T07:00:00,1,SHELF-F18,20.08,47.80,3198
2024-01-05T07:20:00,1,SHELF-F18,19.75,47.63,3198
2024-01-05T07:40:00,1,SHELF-F18,18.97,44.19,3198
2024-01-05T08:00:00,1,SHELF-F18,19.37,54.46,3198
2024-01-05T08:20:00,1,SHELF-F18,19.63,56.73,3198
2024-01-05T08:40:00,1,SHELF-F18,19.13,45.49,3198
2024-01-05T09:00:00,1,SHELF-F18,19.94,55.31,3198
2024-01-05T09:20:00,1,SHELF-F18,20.52,50.94,3198
2024-01-05T09:40:00,1,SHELF-F18,20.31,57.24,3198
2024-01-05T10:00:00,1,SHELF-F18,20.75,53.40,3198
2024-01-05T10:20:00,1,SHELF-F18,20.46,54.84,3198
2024-01-05T10:40:00,1,SHELF-F18,19.89,56.66,3198
2024-01-05T11:00:00,1,SHELF-F18,19.42,44.10,3198
2024-01-05T11:20:00,1,SHELF-F18,19.22,47.57,3198
2024-01-05T11:40:00,1,SHELF-F18,20.56,44.22,3198
2024-01-05T12:00:00,1,SHELF-F18,20.19,57.80,3198
2024-01-05T12:20:00,1,SHELF-F18,20.35,57.52,3198
2024-01-05T12:40:00,1,SHELF-F18,19.65,46.87,3198
2024-01-05T13:00:00,1,SHELF-F18,20.92,43.90,3198
2024-01-05T13:20:00,1,SHELF-F18,19.69,53.11,3198
2024-01-05T13:40:00,1,SHELF-F18,20.81,46.92,3198
2024-01-05T14:00:00,1,SHELF-F18,19.98,57.70,3198
2024-01-05T14:20:00,1,SHELF-F18,20.41,54.21,3198
2024-01-05T14:40:00,1,SHELF-F18,19.78,42.30,3198
2024-01-05T15:00:00,1,SHELF-F18,20.65,48.90,3198
2024-01-05T15:20:00,1,SHELF-F18,20.08,42.52,3198
2024-01-05T15:40:00,1,SHELF-F18,21.00,51.49,3198
2024-01-05T16:00:00,1,SHELF-F18,20.75,56.54,3198
2024-01-05T16:20:00,1,SHELF-F18,19.89,46.83,3198
2024-01-05T16:40:00,1,SHELF-F18,19.83,43.54,3198
2024-01-05T17:00:00,1,SHELF-F18,20.18,51.63,3198
2024-01-05T17:20:00,1,SHELF-F18,21.11,45.20,3198
2024-01-05T17:40:00,1,SHELF-F18,21.27,42.47,3198
2024-01-05T18:00:00,1,SHELF-F18,20.35,53.94,3198
2024-01-05T18:20:00,1,SHELF-F18,20.61,51.28,3198
2024-01-05T18:40:00,1,SHELF-F18,20.76,55.68,3198
2024-01-05T19:00:00,1,SHELF-F18,21.74,51.81,3198
2024-01-05T19:20:00,1,SHELF-F18,21.19,43.09,3198
2024-01-05T19:40:00,1,SHELF-F18,21.82,54.21,3198
2024-01-05T20:00:00,1,SHELF-F18,21.37,53.45,3198
2024-01-05T20:20:00,1,SHELF-F18,22.24,44.75,3198
2024-01-05T20:40:00,1,SHELF-F18,21.82,42.07,3198
2024-01-05T21:00:00,1,SHELF-F18,21.88,56.79,3198
2024-01-05T21:20:00,1,SHELF-F18,22.27,55.62,3198
2024-01-05T21:40:00,1,SHELF-F18,21.38,53.17,3198
2024-01-05T22:00:00,1,SHELF-F18,20.93,52.78,3198
2024-01-05T22:20:00,1,SHELF-F18,20.77,55.36,3198
2024-01-05T22:40:00,1,SHELF-F18,22.52,48.79,3198
2024-01-05T23:00:00,1,SHELF-F18,21.71,48.52,3198
2024-01-05T23:20:00,1,SHELF-F18,22.21,47.03,3198
2024-01-05T23:40:00,1,SHELF-F18,21.61,50.32,3198
2024-01-06T00:00:00,1,SHELF-D12,19.33,53.28,3216
2024-01-06T00:20:00,1,SHELF-D12,18.92,42.65,3216
2024-01-06T00:40:00,1,SHELF-D12,18.46,43.85,3216
2024-01-06T01:00:00,1,SHELF-D12,18.50,51.61,3216
2024-01-06T01:20:00,1,SHELF-D12,18.56,57.62,3216
2024-01-06T01:40:00,1,SHELF-D12,18.82,50.86,3216
2024-01-06T02:00:00,1,SHELF-D12,18.64,55.69,3216
2024-01-06T02:20:00,1,SHELF-D12,18.44,43.11,3216
2024-01-06T02:40:00,1,SHELF-D12,19.74,49.61,3216
2024-01-06T03:00:00,1,SHELF-D12,19.54,44.87,3216
2024-01-06T03:20:00,1,SHELF-D12,20.18,49.87,3216
2024-01-06T03:40:00,1,SHELF-D12,18.39,49.01,3216
2024-01-06T04:00:00,1,SHELF-D12,19.62,43.36,3216
2024-01-06T04:20:00,1,SHELF-D12,18.59,48.41,3216
2024-01-06T04:40:00,1,SHELF-D12,19.49,43.63,3216
2024-01-06T05:00:00,1,SHELF-D12,20.28,57.65,3216
2024-01-06T05:20:00,1,SHELF-D12,18.56,57.60,3216
2024-01-06T05:40:00,1,SHELF-D12,19.11,51.52,3216
2024-01-06T06:00:00,1,SHELF-D12,20.54,43.96,3216
2024-01-06T06:20:00,1,SHELF-D12,20.23,53.60,3216
2024-01-06T06:40:00,1,SHELF-D12,19.11,53.42,3216
2024-01-06T07:00:00,1,SHELF-D12,19.85,46.37,3216
2024-01-06T07:20:00,1,SHELF-D12,20.26,52.30,3216
2024-01-06T07:40:00,1,SHELF-D12,19.48,49.61,3216
2024-01-06T08:00:00,1,SHELF-D12,20.01,48.47,3216
2024-01-06T08:20:00,1,SHELF-D12,19.78,46.46,3216
2024-01-06T08:40:00,1,SHELF-D12,20.34,43.73,3216
2024-01-06T09:00:00,1,SHELF-D12,19.43,49.96,3216
2024-01-06T09:20:00,1,SHELF-D12,20.19,44.15,3216
2024-01-06T09:40:00,1,SHELF-D12,19.13,42.85,3216
2024-01-06T10:00:00,1,SHELF-D12,19.19,52.85,3216
2024-01-06T10:20:00,1,SHELF-D12,21.00,48.12,3216
2024-01-06T10:40:00,1,SHELF-D12,20.42,44.44,3216
2024-01-06T11:00:00,1,SHELF-D12,20.43,43.54,3216
2024-01-06T11:20:00,1,SHELF-D12,19.34,54.03,3216
2024-01-06T11:40:00,1,SHELF-D12,20.72,54.68,3216
2024-01-06T12:00:00,1,SHELF-D12,19.71,52.59,3216
2024-01-06T12:20:00,1,SHELF-D12,20.29,46.19,3216
2024-01-06T12:40:00,1,SHELF-D12,19.99,55.75,3216
2024-01-06T13:00:00,1,SHELF-D12,20.53,57.24,3216
2024-01-06T13:20:00,1,SHELF-D12,19.50,48.89,3216
2024-01-06T13:40:00,1,SHELF-D12,21.26,48.14,3216
2024-01-06T14:00:00,1,SHELF-D12,20.19,48.02,3216
2024-01-06T14:20:00,1,SHELF-D12,20.48,42.53,3216
2024-01-06T14:40:00,1,SHELF-D12,20.67,55.77,3216
2024-01-06T15:00:00,1,SHELF-D12,20.29,53.30,3216
2024-01-06T15:20:00,1,SHELF-D12,20.67,44.15,3216
2024-01-06T15:40:00,1,SHELF-D12,21.11,49.80,3216
2024-01-06T16:00:00,1,SHELF-D12,20.03,52.80,3216
2024-01-06T16:20:00,1,SHELF-D12,21.13,52.97,3216
2024-01-06T16:40:00,1,SHELF-D12,20.95,49.61,3216
2024-01-06T17:00:00,1,SHELF-D12,21.64,50.11,3216
2024-01-06T17:20:00,1,SHELF-D12,20.72,49.92,3216
2024-01-06T17:40:00,1,SHELF-D12,21.87,51.87,3216
2024-01-06T18:00:00,1,SHELF-D12,20.76,57.64,3216
2024-01-06T18:20:00,1,SHELF-D12,20.70,42.45,3216
2024-01-06T18:40:00,1,SHELF-D12,20.15,55.39,3216
2024-01-06T19:00:00,1,SHELF-D12,20.88,53.87,3216
2024-01-06T19:20:00,1,SHELF-D12,20.24,56.26,3216
2024-01-06T19:40:00,1,SHELF-D12,20.87,43.56,3216
2024-01-06T20:00:00,1,SHELF-D12,21.00,47.72,3216
2024-01-06T20:20:00,1,SHELF-D12,21.01,52.58,3216
2024-01-06T20:40:00,1,SHELF-D12,20.80,52.37,3216
2024-01-06T21:00:00,1,SHELF-D12,21.62,56.57,3216
2024-01-06T21:20:00,1,SHELF-D12,20.56,46.88,3216
2024-01-06T21:40:00,1,SHELF-D12,21.11,42.32,3216
2024-01-06T22:00:00,1,SHELF-D12,21.21,49.37,3216
2024-01-06T22:20:00,1,SHELF-D12,22.28,51.09,3216
2024-01-06T22:40:00,1,SHELF-D12,22.36,46.27,3216
2024-01-06T23:00:00,1,SHELF-D12,22.07,51.41,3216
2024-01-06T23:20:00,1,SHELF-D12,22.65,48.04,3216
2024-01-06T23:40:00,1,SHELF-D12,21.46,51.16,3216
2024-01-06T00:00:00,1,SHELF-A19,18.01,52.80,3215
2024-01-06T00:20:00,1,SHELF-A19,18.48,50.04,3215
2024-01-06T00:40:00,1,SHELF-A19,19.34,47.43,3215
2024-01-06T01:00:00,1,SHELF-A19,19.16,47.81,3215
2024-01-06T01:20:00,1,SHELF-A19,18.80,49.95,3215
2024-01-06T01:40:00,1,SHELF-A19,19.63,54.59,3215
2024-01-06T02:00:00,1,SHELF-A19,19.74,50.57,3215
2024-01-06T02:20:00,1,SHELF-A19,18.63,42.76,3215
2024-01-06T02:40:00,1,SHELF-A19,20.05,48.43,3215
2024-01-06T03:00:00,1,SHELF-A19,18.63,53.89,3215
2024-01-06T03:20:00,1,SHELF-A19,18.37,55.51,3215
2024-01-06T03:40:00,1,SHELF-A19,18.37,47.39,3215
2024-01-06T04:00:00,1,SHELF-A19,18.44,54.82,3215
2024-01-06T04:20:00,1,SHELF-A19,19.26,45.36,3215
2024-01-06T04:40:00,1,SHELF-A19,19.90,52.42,3215
2024-01-06T05:00:00,1,SHELF-A19,19.04,54.87,3215
2024-01-06T05:20:00,1,SHELF-A19,19.30,50.64,3215
2024-01-06T05:40:00,1,SHELF-A19,18.83,48.44,3215
2024-01-06T06:00:00,1,SHELF-A19,19.81,49.25,3215
2024-01-06T06:20:00,1,SHELF-A19,20.08,44.89,3215
2024-01-06T06:40:00,1,SHELF-A19,18.59,53.25,3215
2024-01-06T07:00:00,1,SHELF-A19,20.41,51.23,3215
2024-01-06T07:20:00,1,SHELF-A19,19.11,57.39,3215
2024-01-06T07:40:00,1,SHELF-A19,20.17,49.48,3215
2024-01-06T08:00:00,1,SHELF-A19,20.68,50.52,3215
2024-01-06T08:20:00,1,SHELF-A19,20.04,54.31,3215
2024-01-06T08:40:00,1,SHELF-A19,19.68,51.06,3215
2024-01-06T09:00:00,1,SHELF-A19,20.19,50.36,3215
2024-01-06T09:20:00,1,SHELF-A19,19.66,44.36,3215
2024-01-06T09:40:00,1,SHELF-A19,19.23,52.96,3215
2024-01-06T10:00:00,1,SHELF-A19,19.66,48.97,3215
2024-01-06T10:20:00,1,SHELF-A19,19.69,55.28,3215
2024-01-06T10:40:00,1,SHELF-A19,19.19,45.26,3215
2024-01-06T11:00:00,1,SHELF-A19,20.01,55.18,3215
2024-01-06T11:20:00,1,SHELF-A19,20.47,46.10,3215
2024-01-06T11:40:00,1,SHELF-A19,20.39,48.49,3215
2024-01-06T12:00:00,1,SHELF-A19,19.53,45.07,3215
2024-01-06T12:20:00,1,SHELF-A19,19.80,55.24,3215
2024-01-06T12:40:00,1,SHELF-A19,20.24,50.96,3215
2024-01-06T13:00:00,1,SHELF-A19,20.30,52.35,3215
2024-01-06T13:20:00,1,SHELF-A19,19.51,44.55,3215
2024-01-06T13:40:00,1,SHELF-A19,19.71,46.13,3215
2024-01-06T14:00:00,1,SHELF-A19,21.16,52.54,3215
2024-01-06T14:20:00,1,SHELF-A19,19.91,55.64,3215
2024-01-06T14:40:00,1,SHELF-A19,21.49,49.77,3215
2024-01-06T15:00:00,1,SHELF-A19,19.72,55.75,3215
2024-01-06T15:20:00,1,SHELF-A19,19.85,51.63,3215
2024-01-06T15:40:00,1,SHELF-A19,21.42,56.41,3215
2024-01-06T16:00:00,1,SHELF-A19,20.62,47.81,3215
2024-01-06T16:20:00,1,SHELF-A19,21.12,43.44,3215
2024-01-06T16:40:00,1,SHELF-A19,21.69,53.59,3215
2024-01-06T17:00:00,1,SHELF-A19,20.21,43.79,3215
2024-01-06T17:20:00,1,SHELF-A19,21.40,56.93,3215
2024-01-06T17:40:00,1,SHELF-A19,20.98,55.26,3215
2024-01-06T18:00:00,1,SHELF-A19,21.96,56.90,3215
2024-01-06T18:20:00,1,SHELF-A19,20.56,56.15,3215
2024-01-06T18:40:00,1,SHELF-A19,20.53,43.96,3215
2024-01-06T19:00:00,1,SHELF-A19,21.80,47.27,3215
2024-01-06T19:20:00,1,SHELF-A19,21.35,48.24,3215
2024-01-06T19:40:00,1,SHELF-A19,21.68,45.78,3215
2024-01-06T20:00:00,1,SHELF-A19,21.15,44.31,3215
2024-01-06T20:20:00,1,SHELF-A19,20.66,57.52,3215
2024-01-06T20:40:00,1,SHELF-A19,21.19,46.07,3215
2024-01-06T21:00:00,1,SHELF-A19,21.61,49.85,3215
2024-01-06T21:20:00,1,SHELF-A19,21.18,57.18,3215
2024-01-06T21:40:00,1,SHELF-A19,21.07,48.78,3215
2024-01-06T22:00:00,1,SHELF-A19,21.92,57.41,3215
2024-01-06T22:20:00,1,SHELF-A19,22.32,56.99,3215
2024-01-06T22:40:00,1,SHELF-A19,21.28,53.45,3215
2024-01-06T23:00:00,1,SHELF-A19,22.33,42.34,3215
2024-01-06T23:20:00,1,SHELF-A19,22.62,51.69,3215
2024-01-06T23:40:00,1,SHELF-A19,22.37,52.60,3215
2024-01-06T00:00:00,1,SHELF-B19,19.19,54.62,3103
2024-01-06T00:20:00,1,SHELF-B19,18.29,50.84,3103
2024-01-06T00:40:00,1,SHELF-B19,18.43,57.34,3103
2024-01-06T01:00:00,1,SHELF-B19,18.66,55.00,3103
2024-01-06T01:20:00,1,SHELF-B19,18.18,55.87,3103
2024-01-06T01:40:00,1,SHELF-B19,19.65,48.22,3103
2024-01-06T02:00:00,1,SHELF-B19,19.88,48.29,3103
2024-01-06T02:20:00,1,SHELF-B19,20.01,46.09,3103
2024-01-06T02:40:00,1,SHELF-B19,18.24,55.16,3103
2024-01-06T03:00:00,1,SHELF-B19,18.65,45.37,3103
2024-01-06T03:20:00,1,SHELF-B19,19.96,56.65,3103
2024-01-06T03:40:00,1,SHELF-B19,19.45,56.07,3103
2024-01-06T04:00:00,1,SHELF-B19,19.84,48.50,3103
2024-01-06T04:20:00,1,SHELF-B19,18.38,55.86,3103
2024-01-06T04:40:00,1,SHELF-B19,19.95,57.05,3103
2024-01-06T05:00:00,1,SHELF-B19,19.37,48.61,3103
2024-01-06T05:20:00,1,SHELF-B19,20.12,53.48,3103
2024-01-06T05:40:00,1,SHELF-B19,20.19,55.12,3103
2024-01-06T06:00:00,1,SHELF-B19,20.21,53.18,3103
2024-01-06T06:20:00,1,SHELF-B19,19.57,47.63,3103
2024-01-06T06:40:00,1,SHELF-B19,19.76,55.01,3103
2024-01-06T07:00:00,1,SHELF-B19,20.16,49.25,3103
2024-01-06T07:20:00,1,SHELF-B19,18.74,42.83,3103
2024-01-06T07:40:00,1,SHELF-B19,19.97,52.08,3103
2024-01-06T08:00:00,1,SHELF-B19,20.39,44.18,3103
2024-01-06T08:20:00,1,SHELF-B19,19.61,52.05,3103
2024-01-06T08:40:00,1,SHELF-B19,19.44,43.32,3103
2024-01-06T09:00:00,1,SHELF-B19,19.25,50.26,3103
2024-01-06T09:20:00,1,SHELF-B19,20.87,55.29,3103
2024-01-06T09:40:00,1,SHELF-B19,20.46,55.55,3103
2024-01-06T10:00:00,1,SHELF-B19,20.43,54.68,3103
2024-01-06T10:20:00,1,SHELF-B19,19.70,49.65,3103
2024-01-06T10:40:00,1,SHELF-B19,20.53,46.17,3103
2024-01-06T11:00:00,1,SHELF-B19,20.56,55.23,3103
2024-01-06T11:20:00,1,SHELF-B19,20.78,45.18,3103
2024-01-06T11:40:00,1,SHELF-B19,20.01,44.91,3103
2024-01-06T12:00:00,1,SHELF-B19,21.06,57.12,3103
2024-01-06T12:20:00,1,SHELF-B19,21.08,45.59,3103
2024-01-06T12:40:00,1,SHELF-B19,21.20,56.77,3103
2024-01-06T13:00:00,1,SHELF-B19,20.73,52.03,3103
2024-01-06T13:20:00,1,SHELF-B19,21.25,57.59,3103
2024-01-06T13:40:00,1,SHELF-B19,19.83,53.22,3103
2024-01-06T14:00:00,1,SHELF-B19,19.90,48.42,3103
2024-01-06T14:20:00,1,SHELF-B19,20.42,46.16,3103
2024-01-06T14:40:00,1,SHELF-B19,19.74,47.89,3103
2024-01-06T15:00:00,1,SHELF-B19,21.58,43.88,3103
2024-01-06T15:20:00,1,SHELF-B19,21.12,48.96,3103
2024-01-06T15:40:00,1,SHELF-B19,21.52,49.26,3103
2024-01-06T16:00:00,1,SHELF-B19,21.15,43.90,3103
2024-01-06T16:20:00,1,SHELF-B19,21.23,45.05,3103
2024-01-06T16:40:00,1,SHELF-B19,21.53,54.51,3103
2024-01-06T17:00:00,1,SHELF-B19,20.51,49.91,3103
2024-01-06T17:20:00,1,SHELF-B19,20.19,55.70,3103
2024-01-06T17:40:00,1,SHELF-B19,21.13,57.92,3103
2024-01-06T18:00:00,1,SHELF-B19,20.62,52.84,3103
2024-01-06T18:20:00,1,SHELF-B19,20.89,48.54,3103
2024-01-06T18:40:00,1,SHELF-B19,20.35,46.64,3103
2024-01-06T19:00:00,1,SHELF-B19,20.71,51.88,3103
2024-01-06T19:20:00,1,SHELF-B19,22.00,47.91,3103
2024-01-06T19:40:00,1,SHELF-B19,21.55,49.33,3103
2024-01-06T20:00:00,1,SHELF-B19,20.33,44.13,3103
2024-01-06T20:20:00,1,SHELF-B19,20.95,53.09,3103
2024-01-06T20:40:00,1,SHELF-B19,21.68,53.41,3103
2024-01-06T21:00:00,1,SHELF-B19,21.85,53.78,3103
2024-01-06T21:20:00,1,SHELF-B19,20.95,43.52,3103
2024-01-06T21:40:00,1,SHELF-B19,20.55,47.33,3103
2024-01-06T22:00:00,1,SHELF-B19,21.03,56.53,3103
2024-01-06T22:20:00,1,SHELF-B19,22.55,57.03,3103
2024-01-06T22:40:00,1,SHELF-B19,22.49,51.57,3103
2024-01-06T23:00:00,1,SHELF-B19,22.18,42.73,3103
2024-01-06T23:20:00,1,SHELF-B19,21.19,51.91,3103
2024-01-06T23:40:00,1,SHELF-B19,21.29,48.32,3103
2024-01-06T00:00:00,1,SHELF-E06,18.07,56.28,3184
2024-01-06T00:20:00,1,SHELF-E06,17.89,44.87,3184
2024-01-06T00:40:00,1,SHELF-E06,18.15,49.89,3184
2024-01-06T01:00:00,1,SHELF-E06,18.61,49.49,3184
2024-01-06T01:20:00,1,SHELF-E06,18.11,53.36,3184
2024-01-06T01:40:00,1,SHELF-E06,18.80,46.17,3184
2024-01-06T02:00:00,1,SHELF-E06,18.68,57.66,3184
2024-01-06T02:20:00,1,SHELF-E06,19.06,57.57,3184
2024-01-06T02:40:00,1,SHELF-E06,18.62,47.77,3184
2024-01-06T03:00:00,1,SHELF-E06,19.04,56.44,3184
2024-01-06T03:20:00,1,SHELF-E06,18.71,55.27,3184
2024-01-06T03:40:00,1,SHELF-E06,20.04,50.27,3184
2024-01-06T04:00:00,1,SHELF-E06,19.18,44.64,3184
2024-01-06T04:20:00,1,SHELF-E06,19.78,49.86,3184
2024-01-06T04:40:00,1,SHELF-E06,20.21,50.89,3184
2024-01-06T05:00:00,1,SHELF-E06,20.28,52.19,3184
2024-01-06T05:20:00,1,SHELF-E06,19.31,45.02,3184
2024-01-06T05:40:00,1,SHELF-E06,18.54,44.93,3184
2024-01-06T06:00:00,1,SHELF-E06,19.50,44.62,3184
2024-01-06T06:20:00,1,SHELF-E06,19.49,43.86,3184
2024-01-06T06:40:00,1,SHELF-E06,20.35,49.92,3184
2024-01-06T07:00:00,1,SHELF-E06,19.57,57.82,3184
2024-01-06T07:20:00,1,SHELF-E06,19.80,49.32,3184
2024-01-06T07:40:00,1,SHELF-E06,18.91,53.52,3184
2024-01-06T08:00:00,1,SHELF-E06,19.10,47.59,3184
2024-01-06T08:20:00,1,SHELF-E06,19.22,46.55,3184
2024-01-06T08:40:00,1,SHELF-E06,20.48,54.00,3184
2024-01-06T09:00:00,1,SHELF-E06,20.58,51.01,3184
2024-01-06T09:20:00,1,SHELF-E06,20.26,45.40,3184
2024-01-06T09:40:00,1,SHELF-E06,20.93,42.07,3184
2024-01-06T10:00:00,1,SHELF-E06,20.59,44.89,3184
2024-01-06T10:20:00,1,SHELF-E06,20.90,45.94,3184
2024-01-06T10:40:00,1,SHELF-E06,20.05,43.51,3184
2024-01-06T11:00:00,1,SHELF-E06,19.84,46.55,3184
2024-01-06T11:20:00,1,SHELF-E06,21.15,43.95,3184
2024-01-06T11:40:00,1,SHELF-E06,19.93,56.87,3184
2024-01-06T12:00:00,1,SHELF-E06,19.52,47.18,3184
2024-01-06T12:20:00,1,SHELF-E06,19.37,49.36,3184
2024-01-06T12:40:00,1,SHELF-E06,20.72,49.68,3184
2024-01-06T13:00:00,1,SHELF-E06,20.69,46.31,3184
2024-01-06T13:20:00,1,SHELF-E06,20.75,47.27,3184
2024-01-06T13:40:00,1,SHELF-E06,19.52,51.96,3184
2024-01-06T14:00:00,1,SHELF-E06,20.46,57.16,3184
2024-01-06T14:20:00,1,SHELF-E06,21.56,56.51,3184
2024-01-06T14:40:00,1,SHELF-E06,21.15,44.07,3184
2024-01-06T15:00:00,1,SHELF-E06,21.41,54.82,3184
2024-01-06T15:20:00,1,SHELF-E06,20.25,54.77,3184
2024-01-06T15:40:00,1,SHELF-E06,21.17,50.75,3184
2024-01-06T16:00:00,1,SHELF-E06,21.01,43.48,3184
2024-01-06T16:20:00,1,SHELF-E06,20.32,45.84,3184
2024-01-06T16:40:00,1,SHELF-E06,21.35,48.38,3184
2024-01-06T17:00:00,1,SHELF-E06,19.97,45.33,3184
2024-01-06T17:20:00,1,SHELF-E06,20.71,48.44,3184
2024-01-06T17:40:00,1,SHELF-E06,21.23,57.27,3184
2024-01-06T18:00:00,1,SHELF-E06,20.37,46.78,3184
2024-01-06T18:20:00,1,SHELF-E06,21.66,53.77,3184
2024-01-06T18:40:00,1,SHELF-E06,21.90,56.46,3184
2024-01-06T19:00:00,1,SHELF-E06,21.39,47.74,3184
2024-01-06T19:20:00,1,SHELF-E06,20.37,47.88,3184
2024-01-06T19:40:00,1,SHELF-E06,20.58,49.13,3184
2024-01-06T20:00:00,1,SHELF-E06,21.08,46.30,3184
2024-01-06T20:20:00,1,SHELF-E06,21.51,43.44,3184
2024-01-06T20:40:00,1,SHELF-E06,21.15,47.89,3184
2024-01-06T21:00:00,1,SHELF-E06,20.81,52.09,3184
2024-01-06T21:20:00,1,SHELF-E06,20.62,50.21,3184
2024-01-06T21:40:00,1,SHELF-E06,22.38,52.82,3184
2024-01-06T22:00:00,1,SHELF-E06,21.85,53.42,3184
2024-01-06T22:20:00,1,SHELF-E06,22.42,50.44,3184
2024-01-06T22:40:00,1,SHELF-E06,21.85,43.34,3184
2024-01-06T23:00:00,1,SHELF-E06,21.62,43.27,3184
2024-01-06T23:20:00,1,SHELF-E06,22.29,46.81,3184
2024-01-06T23:40:00,1,SHELF-E06,22.65,52.95,3184
2024-01-06T00:00:00,1,SHELF-F18,19.49,50.37,3166
2024-01-06T00:20:00,1,SHELF-F18,18.40,42.76,3166
2024-01-06T00:40:00,1,SHELF-F18,17.96,42.72,3166
2024-01-06T01:00:00,1,SHELF-F18,18.15,48.80,3166
2024-01-06T01:20:00,1,SHELF-F18,18.12,52.57,3166
2024-01-06T01:40:00,1,SHELF-F18,19.07,46.05,3166
2024-01-06T02:00:00,1,SHELF-F18,18.57,43.31,3166
2024-01-06T02:20:00,1,SHELF-F18,19.06,43.82,3166
2024-01-06T02:40:00,1,SHELF-F18,19.38,44.87,3166
2024-01-06T03:00:00,1,SHELF-F18,18.55,48.29,3166
2024-01-06T03:20:00,1,SHELF-F18,18.35,56.03,3166
2024-01-06T03:40:00,1,SHELF-F18,18.78,51.40,3166
2024-01-06T04:00:00,1,SHELF-F18,19.22,52.72,3166
2024-01-06T04:20:00,1,SHELF-F18,19.56,46.24,3166
2024-01-06T04:40:00,1,SHELF-F18,20.24,55.94,3166
2024-01-06T05:00:00,1,SHELF-F18,18.81,44.96,3166
2024-01-06T05:20:00,1,SHELF-F18,19.93,51.66,3166
2024-01-06T05:40:00,1,SHELF-F18,20.18,43.70,3166
2024-01-06T06:00:00,1,SHELF-F18,19.63,42.09,3166
2024-01-06T06:20:00,1,SHELF-F18,18.79,44.75,3166
2024-01-06T06:40:00,1,SHELF-F18,19.51,53.07,3166
2024-01-06T07:00:00,1,SHELF-F18,20.42,57.45,3166
2024-01-06T07:20:00,1,SHELF-F18,19.89,49.79,3166
2024-01-06T07:40:00,1,SHELF-F18,19.92,57.58,3166
2024-01-06T08:00:00,1,SHELF-F18,19.53,52.78,3166
2024-01-06T08:20:00,1,SHELF-F18,20.19,48.32,3166
2024-01-06T08:40:00,1,SHELF-F18,19.41,44.00,3166
2024-01-06T09:00:00,1,SHELF-F18,18.96,43.79,3166
2024-01-06T09:20:00,1,SHELF-F18,18.96,57.53,3166
2024-01-06T09:40:00,1,SHELF-F18,20.65,45.35,3166
2024-01-06T10:00:00,1,SHELF-F18,20.35,52.40,3166
2024-01-06T10:20:00,1,SHELF-F18,19.93,52.02,3166
2024-01-06T10:40:00,1,SHELF-F18,20.64,45.05,3166
2024-01-06T11:00:00,1,SHELF-F18,19.78,49.41,3166
2024-01-06T11:20:00,1,SHELF-F18,20.13,42.35,3166
2024-01-06T11:40:00,1,SHELF-F18,19.51,44.44,3166
2024-01-06T12:00:00,1,SHELF-F18,20.71,57.42,3166
2024-01-06T12:20:00,1,SHELF-F18,20.25,55.76,3166
2024-01-06T12:40:00,1,SHELF-F18,20.48,45.22,3166
2024-01-06T13:00:00,1,SHELF-F18,20.57,55.34,3166
2024-01-06T13:20:00,1,SHELF-F18,19.53,42.13,3166
2024-01-06T13:40:00,1,SHELF-F18,20.69,53.41,3166
2024-01-06T14:00:00,1,SHELF-F18,21.52,55.58,3166
2024-01-06T14:20:00,1,SHELF-F18,21.03,51.53,3166
2024-01-06T14:40:00,1,SHELF-F18,20.67,46.65,3166
2024-01-06T15:00:00,1,SHELF-F18,20.66,49.78,3166
2024-01-06T15:20:00,1,SHELF-F18,20.86,51.78,3166
2024-01-06T15:40:00,1,SHELF-F18,21.04,55.07,3166
2024-01-06T16:00:00,1,SHELF-F18,20.78,53.43,3166
2024-01-06T16:20:00,1,SHELF-F18,20.86,48.75,3166
2024-01-06T16:40:00,1,SHELF-F18,20.44,43.02,3166
2024-01-06T17:00:00,1,SHELF-F18,21.72,48.67,3166
2024-01-06T17:20:00,1,SHELF-F18,20.88,49.92,3166
2024-01-06T17:40:00,1,SHELF-F18,21.81,47.55,3166
2024-01-06T18:00:00,1,SHELF-F18,21.45,42.33,3166
2024-01-06T18:20:00,1,SHELF-F18,20.63,45.08,3166
2024-01-06T18:40:00,1,SHELF-F18,20.75,45.71,3166
2024-01-06T19:00:00,1,SHELF-F18,20.62,56.55,3166
2024-01-06T19:20:00,1,SHELF-F18,20.86,51.63,3166
2024-01-06T19:40:00,1,SHELF-F18,21.87,52.51,3166
2024-01-06T20:00:00,1,SHELF-F18,20.57,46.69,3166
2024-01-06T20:20:00,1,SHELF-F18,21.73,57.36,3166
2024-01-06T20:40:00,1,SHELF-F18,21.97,52.77,3166
2024-01-06T21:00:00,1,SHELF-F18,21.90,54.74,3166
2024-01-06T21:20:00,1,SHELF-F18,22.03,55.51,3166
2024-01-06T21:40:00,1,SHELF-F18,21.68,46.52,3166
2024-01-06T22:00:00,1,SHELF-F18,22.06,52.67,3166
2024-01-06T22:20:00,1,SHELF-F18,20.82,45.19,3166
2024-01-06T22:40:00,1,SHELF-F18,21.77,43.61,3166
2024-01-06T23:00:00,1,SHELF-F18,21.51,57.90,3166
2024-01-06T23:20:00,1,SHELF-F18,21.29,45.35,3166
2024-01-06T23:40:00,1,SHELF-F18,20.78,42.29,3166
2024-01-07T00:00:00,1,SHELF-D12,18.52,44.54,3154
2024-01-07T00:20:00,1,SHELF-D12,19.46,56.31,3154
2024-01-07T00:40:00,1,SHELF-D12,17.87,43.02,3154
2024-01-07T01:00:00,1,SHELF-D12,18.79,51.88,3154
2024-01-07T01:20:00,1,SHELF-D12,18.17,45.59,3154
2024-01-07T01:40:00,1,SHELF-D12,18.45,47.45,3154
2024-01-07T02:00:00,1,SHELF-D12,18.77,42.75,3154
2024-01-07T02:20:00,1,SHELF-D12,19.81,46.28,3154
2024-01-07T02:40:00,1,SHELF-D12,18.36,53.04,3154
2024-01-07T03:00:00,1,SHELF-D12,19.21,52.71,3154
2024-01-07T03:20:00,1,SHELF-D12,19.60,56.83,3154
2024-01-07T03:40:00,1,SHELF-D12,19.06,49.31,3154
2024-01-07T04:00:00,1,SHELF-D12,19.99,43.77,3154
2024-01-07T04:20:00,1,SHELF-D12,18.52,51.77,3154
2024-01-07T04:40:00,1,SHELF-D12,19.87,57.16,3154
2024-01-07T05:00:00,1,SHELF-D12,20.08,42.67,3154
2024-01-07T05:20:00,1,SHELF-D12,18.64,52.08,3154
2024-01-07T05:40:00,1,SHELF-D12,20.17,56.58,3154
2024-01-07T06:00:00,1,SHELF-D12,18.87,46.67,3154
2024-01-07T06:20:00,1,SHELF-D12,19.44,50.09,3154
2024-01-07T06:40:00,1,SHELF-D12,20.02,43.59,3154
2024-01-07T07:00:00,1,SHELF-D12,19.98,47.35,3154
2024-01-07T07:20:00,1,SHELF-D12,18.96,55.58,3154
2024-01-07T07:40:00,1,SHELF-D12,19.56,48.65,3154
2024-01-07T08:00:00,1,SHELF-D12,20.35,45.93,3154
2024-01-07T08:20:00,1,SHELF-D12,20.43,47.46,3154
2024-01-07T08:40:00,1,SHELF-D12,19.82,43.36,3154
2024-01-07T09:00:00,1,SHELF-D12,19.68,54.08,3154
2024-01-07T09:20:00,1,SHELF-D12,19.65,52.64,3154
2024-01-07T09:40:00,1,SHELF-D12,19.24,54.06,3154
2024-01-07T10:00:00,1,SHELF-D12,19.90,45.65,3154
2024-01-07T10:20:00,1,SHELF-D12,20.66,48.61,3154
2024-01-07T10:40:00,1,SHELF-D12,19.88,49.34,3154
2024-01-07T11:00:00,1,SHELF-D12,20.89,54.71,3154
2024-01-07T11:20:00,1,SHELF-D12,19.91,42.48,3154
2024-01-07T11:40:00,1,SHELF-D12,19.47,42.16,3154
2024-01-07T12:00:00,1,SHELF-D12,20.92,57.10,3154
2024-01-07T12:20:00,1,SHELF-D12,19.48,47.04,3154
2024-01-07T12:40:00,1,SHELF-D12,21.27,44.63,3154
2024-01-07T13:00:00,1,SHELF-D12,19.56,54.15,3154
2024-01-07T13:20:00,1,SHELF-D12,20.75,52.26,3154
2024-01-07T13:40:00,1,SHELF-D12,21.24,42.92,3154
2024-01-07T14:00:00,1,SHELF-D12,20.82,53.41,3154
2024-01-07T14:20:00,1,SHELF-D12,20.88,50.32,3154
2024-01-07T14:40:00,1,SHELF-D12,20.15,48.43,3154
2024-01-07T15:00:00,1,SHELF-D12,21.04,50.86,3154
2024-01-07T15:20:00,1,SHELF-D12,20.29,53.88,3154
2024-01-07T15:40:00,1,SHELF-D12,21.50,42.13,3154
2024-01-07T16:00:00,1,SHELF-D12,20.37,50.44,3154
2024-01-07T16:20:00,1,SHELF-D12,21.65,53.20,3154
2024-01-07T16:40:00,1,SHELF-D12,20.70,45.28,3154
2024-01-07T17:00:00,1,SHELF-D12,21.02,54.61,3154
2024-01-07T17:20:00,1,SHELF-D12,21.24,53.16,3154
2024-01-07T17:40:00,1,SHELF-D12,21.71,54.51,3154
2024-01-07T18:00:00,1,SHELF-D12,20.87,45.16,3154
2024-01-07T18:20:00,1,SHELF-D12,20.66,42.59,3154
2024-01-07T18:40:00,1,SHELF-D12,20.73,53.60,3154
2024-01-07T19:00:00,1,SHELF-D12,21.66,44.02,3154
2024-01-07T19:20:00,1,SHELF-D12,22.17,46.54,3154
2024-01-07T19:40:00,1,SHELF-D12,20.37,50.83,3154
2024-01-07T20:00:00,1,SHELF-D12,21.35,54.11,3154
2024-01-07T20:20:00,1,SHELF-D12,20.63,42.45,3154
2024-01-07T20:40:00,1,SHELF-D12,21.90,51.48,3154
2024-01-07T21:00:00,1,SHELF-D12,20.92,54.39,3154
2024-01-07T21:20:00,1,SHELF-D12,21.89,57.79,3154
2024-01-07T21:40:00,1,SHELF-D12,20.65,42.96,3154
2024-01-07T22:00:00,1,SHELF-D12,21.30,52.03,3154
2024-01-07T22:20:00,1,SHELF-D12,21.27,42.76,3154
2024-01-07T22:40:00,1,SHELF-D12,21.86,44.00,3154
2024-01-07T23:00:00,1,SHELF-D12,21.28,53.79,3154
2024-01-07T23:20:00,1,SHELF-D12,21.59,57.73,3154
2024-01-07T23:40:00,1,SHELF-D12,22.29,57.82,3154
2024-01-07T00:00:00,1,SHELF-A19,19.24,57.00,3232
2024-01-07T00:20:00,1,SHELF-A19,19.14,55.51,3232
2024-01-07T00:40:00,1,SHELF-A19,18.28,46.79,3232
2024-01-07T01:00:00,1,SHELF-A19,19.27,55.04,3232
2024-01-07T01:20:00,1,SHELF-A19,19.08,44.24,3232
2024-01-07T01:40:00,1,SHELF-A19,18.69,53.80,3232
2024-01-07T02:00:00,1,SHELF-A19,18.27,50.26,3232
2024-01-07T02:20:00,1,SHELF-A19,18.44,54.46,3232
2024-01-07T02:40:00,1,SHELF-A19,18.97,44.34,3232
2024-01-07T03:00:00,1,SHELF-A19,19.03,48.59,3232
2024-01-07T03:20:00,1,SHELF-A19,18.37,48.80,3232
2024-01-07T03:40:00,1,SHELF-A19,18.44,45.44,3232
2024-01-07T04:00:00,1,SHELF-A19,18.46,52.83,3232
2024-01-07T04:20:00,1,SHELF-A19,19.11,50.94,3232
2024-01-07T04:40:00,1,SHELF-A19,19.87,55.95,3232
2024-01-07T05:00:00,1,SHELF-A19,19.60,52.18,3232
2024-01-07T05:20:00,1,SHELF-A19,20.43,53.02,3232
2024-01-07T05:40:00,1,SHELF-A19,20.33,53.71,3232
2024-01-07T06:00:00,1,SHELF-A19,19.39,44.61,3232
2024-01-07T06:20:00,1,SHELF-A19,19.57,49.76,3232
2024-01-07T06:40:00,1,SHELF-A19,19.47,57.49,3232
2024-01-07T07:00:00,1,SHELF-A19,19.71,50.47,3232
2024-01-07T07:20:00,1,SHELF-A19,20.07,49.29,3232
2024-01-07T07:40:00,1,SHELF-A19,18.75,44.51,3232
2024-01-07T08:00:00,1,SHELF-A19,19.93,56.75,3232
2024-01-07T08:20:00,1,SHELF-A19,19.05,55.64,3232
2024-01-07T08:40:00,1,SHELF-A19,19.03,47.91,3232
2024-01-07T09:00:00,1,SHELF-A19,19.51,50.36,3232
2024-01-07T09:20:00,1,SHELF-A19,19.17,46.88,3232
2024-01-07T09:40:00,1,SHELF-A19,19.68,46.70,3232
2024-01-07T10:00:00,1,SHELF-A19,19.11,44.29,3232
2024-01-07T10:20:00,1,SHELF-A19,20.63,48.75,3232
2024-01-07T10:40:00,1,SHELF-A19,20.93,46.88,3232
2024-01-07T11:00:00,1,SHELF-A19,19.75,44.93,3232
2024-01-07T11:20:00,1,SHELF-A19,20.66,42.03,3232
2024-01-07T11:40:00,1,SHELF-A19,20.28,43.08,3232
2024-01-07T12:00:00,1,SHELF-A19,19.40,49.70,3232
2024-01-07T12:20:00,1,SHELF-A19,19.93,49.24,3232
2024-01-07T12:40:00,1,SHELF-A19,19.98,48.04,3232
2024-01-07T13:00:00,1,SHELF-A19,21.10,55.34,3232
2024-01-07T13:20:00,1,SHELF-A19,19.70,44.22,3232
2024-01-07T13:40:00,1,SHELF-A19,20.71,54.19,3232
2024-01-07T14:00:00,1,SHELF-A19,20.89,44.38,3232
2024-01-07T14:20:00,1,SHELF-A19,21.01,43.43,3232
2024-01-07T14:40:00,1,SHELF-A19,20.81,51.98,3232
2024-01-07T15:00:00,1,SHELF-A19,20.46,56.40,3232
2024-01-07T15:20:00,1,SHELF-A19,20.36,42.73,3232
2024-01-07T15:40:00,1,SHELF-A19,21.02,49.09,3232
2024-01-07T16:00:00,1,SHELF-A19,20.36,43.42,3232
2024-01-07T16:20:00,1,SHELF-A19,20.14,42.40,3232
2024-01-07T16:40:00,1,SHELF-A19,21.07,54.35,3232
2024-01-07T17:00:00,1,SHELF-A19,20.55,52.32,3232
2024-01-07T17:20:00,1,SHELF-A19,21.22,43.36,3232
2024-01-07T17:40:00,1,SHELF-A19,21.84,50.67,3232
2024-01-07T18:00:00,1,SHELF-A19,21.57,57.32,3232
2024-01-07T18:20:00,1,SHELF-A19,21.10,54.01,3232
2024-01-07T18:40:00,1,SHELF-A19,21.06,42.30,3232
2024-01-07T19:00:00,1,SHELF-A19,21.50,50.51,3232
2024-01-07T19:20:00,1,SHELF-A19,22.11,46.40,3232
2024-01-07T19:40:00,1,SHELF-A19,20.59,55.28,3232
2024-01-07T20:00:00,1,SHELF-A19,21.99,51.27,3232
2024-01-07T20:20:00,1,SHELF-A19,20.48,50.54,3232
2024-01-07T20:40:00,1,SHELF-A19,20.95,51.42,3232
2024-01-07T21:00:00,1,SHELF-A19,21.42,56.94,3232
2024-01-07T21:20:00,1,SHELF-A19,21.11,44.89,3232
2024-01-07T21:40:00,1,SHELF-A19,20.48,50.45,3232
2024-01-07T22:00:00,1,SHELF-A19,21.32,43.46,3232
2024-01-07T22:20:00,1,SHELF-A19,22.52,50.67,3232
2024-01-07T22:40:00,1,SHELF-A19,21.13,44.92,3232
2024-01-07T23:00:00,1,SHELF-A19,22.22,44.47,3232
2024-01-07T23:20:00,1,SHELF-A19,22.59,52.86,3232
2024-01-07T23:40:00,1,SHELF-A19,20.80,57.38,3232
2024-01-07T00:00:00,1,SHELF-B19,17.86,42.94,3134
2024-01-07T00:20:00,1,SHELF-B19,18.59,47.12,3134
2024-01-07T00:40:00,1,SHELF-B19,18.63,47.19,3134
2024-01-07T01:00:00,1,SHELF-B19,18.68,55.24,3134
2024-01-07T01:20:00,1,SHELF-B19,18.17,45.24,3134
2024-01-07T01:40:00,1,SHELF-B19,19.44,51.38,3134
2024-01-07T02:00:00,1,SHELF-B19,19.04,54.04,3134
2024-01-07T02:20:00,1,SHELF-B19,18.83,43.84,3134
2024-01-07T02:40:00,1,SHELF-B19,18.18,49.44,3134
2024-01-07T03:00:00,1,SHELF-B19,19.00,49.75,3134
2024-01-07T03:20:00,1,SHELF-B19,19.00,45.74,3134
2024-01-07T03:40:00,1,SHELF-B19,19.96,46.31,3134
2024-01-07T04:00:00,1,SHELF-B19,20.23,52.80,3134
2024-01-07T04:20:00,1,SHELF-B19,18.80,50.88,3134
2024-01-07T04:40:00,1,SHELF-B19,19.88,46.87,3134
2024-01-07T05:00:00,1,SHELF-B19,19.25,43.34,3134
2024-01-07T05:20:00,1,SHELF-B19,19.70,45.26,3134
2024-01-07T05:40:00,1,SHELF-B19,20.37,47.97,3134
2024-01-07T06:00:00,1,SHELF-B19,20.53,54.51,3134
2024-01-07T06:20:00,1,SHELF-B19,19.63,48.78,3134
2024-01-07T06:40:00,1,SHELF-B19,20.38,49.23,3134
2024-01-07T07:00:00,1,SHELF-B19,18.68,49.43,3134
2024-01-07T07:20:00,1,SHELF-B19,20.34,46.63,3134
2024-01-07T07:40:00,1,SHELF-B19,20.63,42.01,3134
2024-01-07T08:00:00,1,SHELF-B19,20.67,49.71,3134
2024-01-07T08:20:00,1,SHELF-B19,20.00,55.43,3134
2024-01-07T08:40:00,1,SHELF-B19,19.57,47.62,3134
2024-01-07T09:00:00,1,SHELF-B19,20.20,51.36,3134
2024-01-07T09:20:00,1,SHELF-B19,19.95,42.73,3134
2024-01-07T09:40:00,1,SHELF-B19,20.41,51.01,3134
2024-01-07T10:00:00,1,SHELF-B19,19.66,48.32,3134
2024-01-07T10:20:00,1,SHELF-B19,19.30,44.23,3134
2024-01-07T10:40:00,1,SHELF-B19,20.17,46.47,3134
2024-01-07T11:00:00,1,SHELF-B19,20.05,51.77,3134
2024-01-07T11:20:00,1,SHELF-B19,21.10,47.09,3134
2024-01-07T11:40:00,1,SHELF-B19,20.55,47.48,3134
2024-01-07T12:00:00,1,SHELF-B19,19.83,54.04,3134
2024-01-07T12:20:00,1,SHELF-B19,20.21,45.93,3134
2024-01-07T12:40:00,1,SHELF-B19,21.27,47.47,3134
2024-01-07T13:00:00,1,SHELF-B19,20.35,51.59,3134
2024-01-07T13:20:00,1,SHELF-B19,19.46,53.07,3134
2024-01-07T13:40:00,1,SHELF-B19,20.73,42.03,3134
2024-01-07T14:00:00,1,SHELF-B19,20.51,56.42,3134
2024-01-07T14:20:00,1,SHELF-B19,20.90,48.61,3134
2024-01-07T14:40:00,1,SHELF-B19,21.35,53.25,3134
2024-01-07T15:00:00,1,SHELF-B19,21.21,50.61,3134
2024-01-07T15:20:00,1,SHELF-B19,21.26,52.39,3134
2024-01-07T15:40:00,1,SHELF-B19,19.84,42.50,3134
2024-01-07T16:00:00,1,SHELF-B19,21.47,52.75,3134
2024-01-07T16:20:00,1,SHELF-B19,21.15,47.65,3134
2024-01-07T16:40:00,1,SHELF-B19,21.43,55.24,3134
2024-01-07T17:00:00,1,SHELF-B19,20.65,44.83,3134
2024-01-07T17:20:00,1,SHELF-B19,21.47,53.15,3134
2024-01-07T17:40:00,1,SHELF-B19,19.95,49.40,3134
2024-01-07T18:00:00,1,SHELF-B19,21.93,49.11,3134
2024-01-07T18:20:00,1,SHELF-B19,20.50,42.32,3134
2024-01-07T18:40:00,1,SHELF-B19,20.62,56.74,3134
2024-01-07T19:00:00,1,SHELF-B19,20.90,43.44,3134
2024-01-07T19:20:00,1,SHELF-B19,21.41,46.85,3134
2024-01-07T19:40:00,1,SHELF-B19,21.62,45.75,3134
2024-01-07T20:00:00,1,SHELF-B19,21.30,47.81,3134
2024-01-07T20:20:00,1,SHELF-B19,20.87,56.47,3134
2024-01-07T20:40:00,1,SHELF-B19,21.72,45.35,3134
2024-01-07T21:00:00,1,SHELF-B19,20.82,55.14,3134
2024-01-07T21:20:00,1,SHELF-B19,21.22,55.92,3134
2024-01-07T21:40:00,1,SHELF-B19,21.57,49.90,3134
2024-01-07T22:00:00,1,SHELF-B19,21.66,52.56,3134
2024-01-07T22:20:00,1,SHELF-B19,21.69,52.92,3134
2024-01-07T22:40:00,1,SHELF-B19,21.69,43.05,3134
2024-01-07T23:00:00,1,SHELF-B19,20.94,43.04,3134
2024-01-07T23:20:00,1,SHELF-B19,21.20,51.12,3134
2024-01-07T23:40:00,1,SHELF-B19,21.14,50.37,3134
2024-01-07T00:00:00,1,SHELF-E06,18.36,55.56,3288
2024-01-07T00:20:00,1,SHELF-E06,17.85,57.52,3288
2024-01-07T00:40:00,1,SHELF-E06,19.16,51.83,3288
2024-01-07T01:00:00,1,SHELF-E06,19.29,56.13,3288
2024-01-07T01:20:00,1,SHELF-E06,17.94,48.83,3288
2024-01-07T01:40:00,1,SHELF-E06,19.28,52.40,3288
2024-01-07T02:00:00,1,SHELF-E06,19.77,47.17,3288
2024-01-07T02:20:00,1,SHELF-E06,19.75,48.51,3288
2024-01-07T02:40:00,1,SHELF-E06,18.30,50.29,3288
2024-01-07T03:00:00,1,SHELF-E06,19.17,50.28,3288
2024-01-07T03:20:00,1,SHELF-E06,18.27,53.54,3288
2024-01-07T03:40:00,1,SHELF-E06,18.28,56.69,3288
2024-01-07T04:00:00,1,SHELF-E06,19.37,47.06,3288
2024-01-07T04:20:00,1,SHELF-E06,19.09,47.36,3288
2024-01-07T04:40:00,1,SHELF-E06,20.07,54.92,3288
2024-01-07T05:00:00,1,SHELF-E06,20.41,45.61,3288
2024-01-07T05:20:00,1,SHELF-E06,19.81,57.32,3288
2024-01-07T05:40:00,1,SHELF-E06,20.27,45.15,3288
2024-01-07T06:00:00,1,SHELF-E06,19.22,43.01,3288
2024-01-07T06:20:00,1,SHELF-E06,19.81,42.45,3288
2024-01-07T06:40:00,1,SHELF-E06,19.42,42.38,3288
2024-01-07T07:00:00,1,SHELF-E06,20.28,56.96,3288
2024-01-07T07:20:00,1,SHELF-E06,20.36,45.95,3288
2024-01-07T07:40:00,1,SHELF-E06,19.63,57.34,3288
2024-01-07T08:00:00,1,SHELF-E06,20.47,55.15,3288
2024-01-07T08:20:00,1,SHELF-E06,19.85,45.79,3288
2024-01-07T08:40:00,1,SHELF-E06,18.95,51.60,3288
2024-01-07T09:00:00,1,SHELF-E06,19.81,43.53,3288
2024-01-07T09:20:00,1,SHELF-E06,19.83,44.00,3288
2024-01-07T09:40:00,1,SHELF-E06,20.88,56.67,3288
2024-01-07T10:00:00,1,SHELF-E06,19.81,56.24,3288
2024-01-07T10:20:00,1,SHELF-E06,20.44,54.52,3288
2024-01-07T10:40:00,1,SHELF-E06,19.18,54.84,3288
2024-01-07T11:00:00,1,SHELF-E06,19.29,51.77,3288
2024-01-07T11:20:00,1,SHELF-E06,20.05,43.63,3288
2024-01-07T11:40:00,1,SHELF-E06,19.29,42.84,3288
2024-01-07T12:00:00,1,SHELF-E06,21.01,48.43,3288
2024-01-07T12:20:00,1,SHELF-E06,20.54,48.58,3288
2024-01-07T12:40:00,1,SHELF-E06,21.04,54.60,3288
2024-01-07T13:00:00,1,SHELF-E06,20.68,49.25,3288
2024-01-07T13:20:00,1,SHELF-E06,20.36,48.85,3288
2024-01-07T13:40:00,1,SHELF-E06,20.67,43.62,3288
2024-01-07T14:00:00,1,SHELF-E06,20.86,52.81,3288
2024-01-07T14:20:00,1,SHELF-E06,19.61,50.28,3288
2024-01-07T14:40:00,1,SHELF-E06,20.73,43.73,3288
2024-01-07T15:00:00,1,SHELF-E06,19.71,53.41,3288
2024-01-07T15:20:00,1,SHELF-E06,20.87,55.45,3288
2024-01-07T15:40:00,1,SHELF-E06,21.49,44.02,3288
2024-01-07T16:00:00,1,SHELF-E06,20.83,47.69,3288
2024-01-07T16:20:00,1,SHELF-E06,20.77,51.93,3288
2024-01-07T16:40:00,1,SHELF-E06,20.18,44.20,3288
2024-01-07T17:00:00,1,SHELF-E06,20.02,44.04,3288
2024-01-07T17:20:00,1,SHELF-E06,21.10,50.21,3288
2024-01-07T17:40:00,1,SHELF-E06,21.24,47.72,3288
2024-01-07T18:00:00,1,SHELF-E06,21.23,50.66,3288
2024-01-07T18:20:00,1,SHELF-E06,20.35,49.51,3288
2024-01-07T18:40:00,1,SHELF-E06,21.26,46.66,3288
2024-01-07T19:00:00,1,SHELF-E06,22.12,50.28,3288
2024-01-07T19:20:00,1,SHELF-E06,21.50,44.31,3288
2024-01-07T19:40:00,1,SHELF-E06,20.66,55.11,3288
2024-01-07T20:00:00,1,SHELF-E06,21.43,42.87,3288
2024-01-07T20:20:00,1,SHELF-E06,21.00,57.62,3288
2024-01-07T20:40:00,1,SHELF-E06,21.59,45.22,3288
2024-01-07T21:00:00,1,SHELF-E06,20.57,45.03,3288
2024-01-07T21:20:00,1,SHELF-E06,21.38,53.07,3288
2024-01-07T21:40:00,1,SHELF-E06,21.37,53.08,3288
2024-01-07T22:00:00,1,SHELF-E06,22.26,51.06,3288
2024-01-07T22:20:00,1,SHELF-E06,21.23,46.79,3288
2024-01-07T22:40:00,1,SHELF-E06,21.21,43.68,3288
2024-01-07T23:00:00,1,SHELF-E06,22.43,56.57,3288
2024-01-07T23:20:00,1,SHELF-E06,21.67,56.72,3288
2024-01-07T23:40:00,1,SHELF-E06,21.96,53.09,3288
2024-01-07T00:00:00,1,SHELF-F18,19.06,45.82,3207
2024-01-07T00:20:00,1,SHELF-F18,19.28,57.24,3207
2024-01-07T00:40:00,1,SHELF-F18,18.47,53.84,3207
2024-01-07T01:00:00,1,SHELF-F18,18.34,44.95,3207
2024-01-07T01:20:00,1,SHELF-F18,19.91,47.81,3207
2024-01-07T01:40:00,1,SHELF-F18,18.08,42.48,3207
2024-01-07T02:00:00,1,SHELF-F18,18.29,46.65,3207
2024-01-07T02:20:00,1,SHELF-F18,18.45,51.37,3207
2024-01-07T02:40:00,1,SHELF-F18,19.59,42.70,3207
2024-01-07T03:00:00,1,SHELF-F18,18.24,45.17,3207
2024-01-07T03:20:00,1,SHELF-F18,18.53,56.17,3207
2024-01-07T03:40:00,1,SHELF-F18,19.62,47.44,3207
2024-01-07T04:00:00,1,SHELF-F18,19.42,44.86,3207
2024-01-07T04:20:00,1,SHELF-F18,18.35,55.49,3207
2024-01-07T04:40:00,1,SHELF-F18,20.13,42.34,3207
2024-01-07T05:00:00,1,SHELF-F18,19.79,48.06,3207
2024-01-07T05:20:00,1,SHELF-F18,20.01,43.78,3207
2024-01-07T05:40:00,1,SHELF-F18,20.30,46.88,3207
2024-01-07T06:00:00,1,SHELF-F18,19.04,54.95,3207
2024-01-07T06:20:00,1,SHELF-F18,19.88,57.06,3207
2024-01-07T06:40:00,1,SHELF-F18,20.51,57.96,3207
2024-01-07T07:00:00,1,SHELF-F18,20.45,56.05,3207
2024-01-07T07:20:00,1,SHELF-F18,18.81,44.31,3207
2024-01-07T07:40:00,1,SHELF-F18,20.53,54.72,3207
2024-01-07T08:00:00,1,SHELF-F18,19.19,48.05,3207
2024-01-07T08:20:00,1,SHELF-F18,19.56,51.59,3207
2024-01-07T08:40:00,1,SHELF-F18,20.76,45.91,3207
2024-01-07T09:00:00,1,SHELF-F18,19.03,51.86,3207
2024-01-07T09:20:00,1,SHELF-F18,19.31,50.57,3207
2024-01-07T09:40:00,1,SHELF-F18,20.51,47.24,3207
2024-01-07T10:00:00,1,SHELF-F18,19.16,54.73,3207
2024-01-07T10:20:00,1,SHELF-F18,20.80,55.62,3207
2024-01-07T10:40:00,1,SHELF-F18,20.99,56.17,3207
2024-01-07T11:00:00,1,SHELF-F18,19.60,43.30,3207
2024-01-07T11:20:00,1,SHELF-F18,20.12,52.62,3207
2024-01-07T11:40:00,1,SHELF-F18,19.31,50.14,3207
2024-01-07T12:00:00,1,SHELF-F18,20.81,52.32,3207
2024-01-07T12:20:00,1,SHELF-F18,20.33,49.98,3207
2024-01-07T12:40:00,1,SHELF-F18,20.24,47.15,3207
2024-01-07T13:00:00,1,SHELF-F18,20.18,53.11,3207
2024-01-07T13:20:00,1,SHELF-F18,20.86,49.92,3207
2024-01-07T13:40:00,1,SHELF-F18,19.97,48.42,3207
2024-01-07T14:00:00,1,SHELF-F18,21.40,51.34,3207
2024-01-07T14:20:00,1,SHELF-F18,19.63,45.51,3207
2024-01-07T14:40:00,1,SHELF-F18,19.96,55.81,3207
2024-01-07T15:00:00,1,SHELF-F18,20.47,46.90,3207
2024-01-07T15:20:00,1,SHELF-F18,21.46,51.14,3207
2024-01-07T15:40:00,1,SHELF-F18,21.55,47.99,3207
2024-01-07T16:00:00,1,SHELF-F18,20.91,44.15,3207
2024-01-07T16:20:00,1,SHELF-F18,19.98,49.11,3207
2024-01-07T16:40:00,1,SHELF-F18,20.51,51.34,3207
2024-01-07T17:00:00,1,SHELF-F18,20.86,51.94,3207
2024-01-07T17:20:00,1,SHELF-F18,20.78,49.48,3207
2024-01-07T17:40:00,1,SHELF-F18,20.75,54.87,3207
2024-01-07T18:00:00,1,SHELF-F18,20.69,48.12,3207
2024-01-07T18:20:00,1,SHELF-F18,20.42,45.74,3207
2024-01-07T18:40:00,1,SHELF-F18,21.35,47.75,3207
2024-01-07T19:00:00,1,SHELF-F18,20.35,55.48,3207
2024-01-07T19:20:00,1,SHELF-F18,21.21,52.30,3207
2024-01-07T19:40:00,1,SHELF-F18,21.75,56.83,3207
2024-01-07T20:00:00,1,SHELF-F18,20.50,43.14,3207
2024-01-07T20:20:00,1,SHELF-F18,20.38,45.20,3207
2024-01-07T20:40:00,1,SHELF-F18,20.70,47.27,3207
2024-01-07T21:00:00,1,SHELF-F18,21.04,55.05,3207
2024-01-07T21:20:00,1,SHELF-F18,21.80,46.39,3207
2024-01-07T21:40:00,1,SHELF-F18,21.84,57.97,3207
2024-01-07T22:00:00,1,SHELF-F18,22.55,54.04,3207
2024-01-07T22:20:00,1,SHELF-F18,22.04,56.60,3207
2024-01-07T22:40:00,1,SHELF-F18,20.57,46.79,3207
2024-01-07T23:00:00,1,SHELF-F18,22.33,54.53,3207
2024-01-07T23:20:00,1,SHELF-F18,21.49,48.49,3207
2024-01-07T23:40:00,1,SHELF-F18,21.84,52.48,3207
2024-01-08T00:00:00,1,SHELF-D12,19.12,57.83,3206
2024-01-08T00:20:00,1,SHELF-D12,19.71,55.85,3206
2024-01-08T00:40:00,1,SHELF-D12,18.26,53.57,3206
2024-01-08T01:00:00,1,SHELF-D12,18.35,45.74,3206
2024-01-08T01:20:00,1,SHELF-D12,19.11,50.84,3206
2024-01-08T01:40:00,1,SHELF-D12,18.87,55.03,3206
2024-01-08T02:00:00,1,SHELF-D12,18.74,43.37,3206
2024-01-08T02:20:00,1,SHELF-D12,19.75,48.86,3206
2024-01-08T02:40:00,1,SHELF-D12,19.94,48.68,3206
2024-01-08T03:00:00,1,SHELF-D12,19.06,55.65,3206
2024-01-08T03:20:00,1,SHELF-D12,18.24,44.22,3206
2024-01-08T03:40:00,1,SHELF-D12,19.93,46.89,3206
2024-01-08T04:00:00,1,SHELF-D12,19.78,50.00,3206
2024-01-08T04:20:00,1,SHELF-D12,19.63,47.67,3206
2024-01-08T04:40:00,1,SHELF-D12,18.76,48.81,3206
2024-01-08T05:00:00,1,SHELF-D12,19.94,54.21,3206
2024-01-08T05:20:00,1,SHELF-D12,19.81,46.79,3206
2024-01-08T05:40:00,1,SHELF-D12,19.61,51.08,3206
2024-01-08T06:00:00,1,SHELF-D12,18.62,44.23,3206
2024-01-08T06:20:00,1,SHELF-D12,20.51,57.91,3206
2024-01-08T06:40:00,1,SHELF-D12,19.69,54.79,3206
2024-01-08T07:00:00,1,SHELF-D12,20.51,51.18,3206
2024-01-08T07:20:00,1,SHELF-D12,19.46,48.10,3206
2024-01-08T07:40:00,1,SHELF-D12,20.58,43.02,3206
2024-01-08T08:00:00,1,SHELF-D12,19.58,49.60,3206
2024-01-08T08:20:00,1,SHELF-D12,19.47,57.39,3206
2024-01-08T08:40:00,1,SHELF-D12,20.09,46.87,3206
2024-01-08T09:00:00,1,SHELF-D12,19.28,52.80,3206
2024-01-08T09:20:00,1,SHELF-D12,19.29,55.22,3206
2024-01-08T09:40:00,1,SHELF-D12,20.14,42.43,3206
2024-01-08T10:00:00,1,SHELF-D12,19.46,56.58,3206
2024-01-08T10:20:00,1,SHELF-D12,19.83,45.29,3206
2024-01-08T10:40:00,1,SHELF-D12,19.64,50.39,3206
2024-01-08T11:00:00,1,SHELF-D12,20.09,47.90,3206
2024-01-08T11:20:00,1,SHELF-D12,19.20,47.23,3206
2024-01-08T11:40:00,1,SHELF-D12,21.00,48.26,3206
2024-01-08T12:00:00,1,SHELF-D12,21.29,44.07,3206
2024-01-08T12:20:00,1,SHELF-D12,20.14,53.89,3206
2024-01-08T12:40:00,1,SHELF-D12,20.09,56.46,3206
2024-01-08T13:00:00,1,SHELF-D12,19.85,55.93,3206
2024-01-08T13:20:00,1,SHELF-D12,20.05,55.09,3206
2024-01-08T13:40:00,1,SHELF-D12,20.76,44.54,3206
2024-01-08T14:00:00,1,SHELF-D12,20.71,46.97,3206
2024-01-08T14:20:00,1,SHELF-D12,19.96,53.47,3206
2024-01-08T14:40:00,1,SHELF-D12,20.48,45.23,3206
2024-01-08T15:00:00,1,SHELF-D12,21.66,49.13,3206
2024-01-08T15:20:00,1,SHELF-D12,21.33,51.68,3206
2024-01-08T15:40:00,1,SHELF-D12,20.18,47.26,3206
2024-01-08T16:00:00,1,SHELF-D12,20.95,49.86,3206
2024-01-08T16:20:00,1,SHELF-D12,20.73,42.63,3206
2024-01-08T16:40:00,1,SHELF-D12,19.99,52.34,3206
2024-01-08T17:00:00,1,SHELF-D12,21.77,47.55,3206
2024-01-08T17:20:00,1,SHELF-D12,21.62,54.68,3206
2024-01-08T17:40:00,1,SHELF-D12,20.71,55.17,3206
2024-01-08T18:00:00,1,SHELF-D12,21.76,48.64,3206
2024-01-08T18:20:00,1,SHELF-D12,20.42,51.88,3206
2024-01-08T18:40:00,1,SHELF-D12,20.92,48.15,3206
2024-01-08T19:00:00,1,SHELF-D12,21.50,53.18,3206
2024-01-08T19:20:00,1,SHELF-D12,20.37,53.18,3206
2024-01-08T19:40:00,1,SHELF-D12,20.27,56.17,3206
2024-01-08T20:00:00,1,SHELF-D12,20.62,56.12,3206
2024-01-08T20:20:00,1,SHELF-D12,21.38,52.67,3206
2024-01-08T20:40:00,1,SHELF-D12,20.44,53.62,3206
2024-01-08T21:00:00,1,SHELF-D12,22.24,56.54,3206
2024-01-08T21:20:00,1,SHELF-D12,21.26,54.19,3206
2024-01-08T21:40:00,1,SHELF-D12,20.68,47.90,3206
2024-01-08T22:00:00,1,SHELF-D12,22.07,50.07,3206
2024-01-08T22:20:00,1,SHELF-D12,22.12,48.56,3206
2024-01-08T22:40:00,1,SHELF-D12,20.89,45.32,3206
2024-01-08T23:00:00,1,SHELF-D12,20.77,42.43,3206
2024-01-08T23:20:00,1,SHELF-D12,21.96,52.81,3206
2024-01-08T23:40:00,1,SHELF-D12,21.61,47.50,3206
2024-01-08T00:00:00,1,SHELF-A19,19.52,48.35,3188
2024-01-08T00:20:00,1,SHELF-A19,17.83,43.83,3188
2024-01-08T00:40:00,1,SHELF-A19,19.64,47.23,3188
2024-01-08T01:00:00,1,SHELF-A19,19.43,49.76,3188
2024-01-08T01:20:00,1,SHELF-A19,18.07,50.77,3188
2024-01-08T01:40:00,1,SHELF-A19,18.42,57.20,3188
2024-01-08T02:00:00,1,SHELF-A19,18.34,55.13,3188
2024-01-08T02:20:00,1,SHELF-A19,19.74,44.73,3188
2024-01-08T02:40:00,1,SHELF-A19,18.09,43.61,3188
2024-01-08T03:00:00,1,SHELF-A19,18.77,50.55,3188
2024-01-08T03:20:00,1,SHELF-A19,18.96,43.24,3188
2024-01-08T03:40:00,1,SHELF-A19,19.71,52.84,3188
2024-01-08T04:00:00,1,SHELF-A19,18.61,47.73,3188
2024-01-08T04:20:00,1,SHELF-A19,18.74,42.55,3188
2024-01-08T04:40:00,1,SHELF-A19,19.66,45.46,3188
2024-01-08T05:00:00,1,SHELF-A19,19.83,55.38,3188
2024-01-08T05:20:00,1,SHELF-A19,20.06,52.26,3188
2024-01-08T05:40:00,1,SHELF-A19,19.87,56.35,3188
2024-01-08T06:00:00,1,SHELF-A19,19.34,46.93,3188
2024-01-08T06:20:00,1,SHELF-A19,18.66,42.07,3188
2024-01-08T06:40:00,1,SHELF-A19,20.10,54.27,3188
2024-01-08T07:00:00,1,SHELF-A19,20.54,47.99,3188
2024-01-08T07:20:00,1,SHELF-A19,19.16,43.46,3188
2024-01-08T07:40:00,1,SHELF-A19,19.53,57.83,3188
2024-01-08T08:00:00,1,SHELF-A19,19.48,45.07,3188
2024-01-08T08:20:00,1,SHELF-A19,20.15,45.53,3188
2024-01-08T08:40:00,1,SHELF-A19,20.57,54.75,3188
2024-01-08T09:00:00,1,SHELF-A19,20.59,44.69,3188
2024-01-08T09:20:00,1,SHELF-A19,19.27,48.65,3188
2024-01-08T09:40:00,1,SHELF-A19,19.15,47.23,3188
2024-01-08T10:00:00,1,SHELF-A19,20.18,45.03,3188
2024-01-08T10:20:00,1,SHELF-A19,19.47,50.67,3188
2024-01-08T10:40:00,1,SHELF-A19,20.94,43.93,3188
2024-01-08T11:00:00,1,SHELF-A19,19.61,47.71,3188
2024-01-08T11:20:00,1,SHELF-A19,19.53,48.43,3188
2024-01-08T11:40:00,1,SHELF-A19,19.82,48.23,3188
2024-01-08T12:00:00,1,SHELF-A19,20.23,43.06,3188
2024-01-08T12:20:00,1,SHELF-A19,20.94,52.40,3188
2024-01-08T12:40:00,1,SHELF-A19,20.05,43.08,3188
2024-01-08T13:00:00,1,SHELF-A19,19.87,46.82,3188
2024-01-08T13:20:00,1,SHELF-A19,20.63,57.73,3188
2024-01-08T13:40:00,1,SHELF-A19,19.64,50.58,3188
2024-01-08T14:00:00,1,SHELF-A19,21.54,55.61,3188
2024-01-08T14:20:00,1,SHELF-A19,19.90,57.34,3188
2024-01-08T14:40:00,1,SHELF-A19,20.76,57.70,3188
2024-01-08T15:00:00,1,SHELF-A19,21.08,52.85,3188
2024-01-08T15:20:00,1,SHELF-A19,21.63,53.10,3188
2024-01-08T15:40:00,1,SHELF-A19,20.35,52.17,3188
2024-01-08T16:00:00,1,SHELF-A19,21.58,47.09,3188
2024-01-08T16:20:00,1,SHELF-A19,21.51,49.71,3188
2024-01-08T16:40:00,1,SHELF-A19,20.48,51.74,3188
2024-01-08T17:00:00,1,SHELF-A19,21.10,48.12,3188
2024-01-08T17:20:00,1,SHELF-A19,21.21,45.72,3188
2024-01-08T17:40:00,1,SHELF-A19,21.11,57.81,3188
2024-01-08T18:00:00,1,SHELF-A19,20.52,51.86,3188
2024-01-08T18:20:00,1,SHELF-A19,21.85,46.94,3188
2024-01-08T18:40:00,1,SHELF-A19,21.53,54.12,3188
2024-01-08T19:00:00,1,SHELF-A19,21.42,42.96,3188
2024-01-08T19:20:00,1,SHELF-A19,20.93,46.75,3188
2024-01-08T19:40:00,1,SHELF-A19,20.49,45.27,3188
2024-01-08T20:00:00,1,SHELF-A19,20.38,56.77,3188
2024-01-08T20:20:00,1,SHELF-A19,21.50,57.13,3188
2024-01-08T20:40:00,1,SHELF-A19,21.79,47.26,3188
2024-01-08T21:00:00,1,SHELF-A19,20.99,52.30,3188
2024-01-08T21:20:00,1,SHELF-A19,21.95,50.33,3188
2024-01-08T21:40:00,1,SHELF-A19,22.39,52.37,3188
2024-01-08T22:00:00,1,SHELF-A19,21.13,42.38,3188
2024-01-08T22:20:00,1,SHELF-A19,22.25,47.30,3188
2024-01-08T22:40:00,1,SHELF-A19,21.04,50.63,3188
2024-01-08T23:00:00,1,SHELF-A19,22.50,52.64,3188
2024-01-08T23:20:00,1,SHELF-A19,21.18,53.00,3188
2024-01-08T23:40:00,1,SHELF-A19,22.12,51.73,3188
2024-01-08T00:00:00,1,SHELF-B19,18.85,44.94,3183
2024-01-08T00:20:00,1,SHELF-B19,19.07,43.03,3183
2024-01-08T00:40:00,1,SHELF-B19,18.79,57.26,3183
2024-01-08T01:00:00,1,SHELF-B19,18.04,57.87,3183
2024-01-08T01:20:00,1,SHELF-B19,19.81,44.01,3183
2024-01-08T01:40:00,1,SHELF-B19,18.28,50.78,3183
2024-01-08T02:00:00,1,SHELF-B19,19.65,45.27,3183
2024-01-08T02:20:00,1,SHELF-B19,19.07,48.82,3183
2024-01-08T02:40:00,1,SHELF-B19,18.99,44.63,3183
2024-01-08T03:00:00,1,SHELF-B19,18.58,48.78,3183
2024-01-08T03:20:00,1,SHELF-B19,19.39,46.85,3183
2024-01-08T03:40:00,1,SHELF-B19,19.34,57.48,3183
2024-01-08T04:00:00,1,SHELF-B19,18.71,55.80,3183
2024-01-08T04:20:00,1,SHELF-B19,19.27,57.22,3183
2024-01-08T04:40:00,1,SHELF-B19,19.03,48.04,3183
2024-01-08T05:00:00,1,SHELF-B19,19.37,48.76,3183
2024-01-08T05:20:00,1,SHELF-B19,19.65,48.93,3183
2024-01-08T05:40:00,1,SHELF-B19,18.74,57.26,3183
2024-01-08T06:00:00,1,SHELF-B19,19.52,54.19,3183
2024-01-08T06:20:00,1,SHELF-B19,19.41,43.33,3183
2024-01-08T06:40:00,1,SHELF-B19,20.37,46.80,3183
2024-01-08T07:00:00,1,SHELF-B19,19.76,50.85,3183
2024-01-08T07:20:00,1,SHELF-B19,19.03,48.09,3183
2024-01-08T07:40:00,1,SHELF-B19,19.29,46.53,3183
2024-01-08T08:00:00,1,SHELF-B19,19.93,49.69,3183
2024-01-08T08:20:00,1,SHELF-B19,19.47,53.44,3183
2024-01-08T08:40:00,1,SHELF-B19,19.20,56.66,3183
2024-01-08T09:00:00,1,SHELF-B19,18.94,55.79,3183
2024-01-08T09:20:00,1,SHELF-B19,20.39,47.99,3183
2024-01-08T09:40:00,1,SHELF-B19,19.74,48.65,3183
2024-01-08T10:00:00,1,SHELF-B19,19.85,53.88,3183
2024-01-08T10:20:00,1,SHELF-B19,19.83,46.92,3183
2024-01-08T10:40:00,1,SHELF-B19,21.03,43.14,3183
2024-01-08T11:00:00,1,SHELF-B19,20.95,57.88,3183
2024-01-08T11:20:00,1,SHELF-B19,19.43,56.91,3183
2024-01-08T11:40:00,1,SHELF-B19,19.51,54.21,3183
2024-01-08T12:00:00,1,SHELF-B19,21.22,54.34,3183
2024-01-08T12:20:00,1,SHELF-B19,20.81,47.58,3183
2024-01-08T12:40:00,1,SHELF-B19,20.73,52.16,3183
2024-01-08T13:00:00,1,SHELF-B19,20.17,42.92,3183
2024-01-08T13:20:00,1,SHELF-B19,20.20,48.78,3183
2024-01-08T13:40:00,1,SHELF-B19,19.93,49.64,3183
2024-01-08T14:00:00,1,SHELF-B19,21.40,47.78,3183
2024-01-08T14:20:00,1,SHELF-B19,20.97,42.45,3183
2024-01-08T14:40:00,1,SHELF-B19,20.89,44.37,3183
2024-01-08T15:00:00,1,SHELF-B19,20.89,57.11,3183
2024-01-08T15:20:00,1,SHELF-B19,19.98,45.96,3183
2024-01-08T15:40:00,1,SHELF-B19,20.84,52.60,3183
2024-01-08T16:00:00,1,SHELF-B19,20.13,43.87,3183
2024-01-08T16:20:00,1,SHELF-B19,19.99,53.39,3183
2024-01-08T16:40:00,1,SHELF-B19,20.58,53.30,3183
2024-01-08T17:00:00,1,SHELF-B19,21.88,43.29,3183
2024-01-08T17:20:00,1,SHELF-B19,21.75,56.02,3183
2024-01-08T17:40:00,1,SHELF-B19,20.26,48.83,3183
2024-01-08T18:00:00,1,SHELF-B19,21.44,50.01,3183
2024-01-08T18:20:00,1,SHELF-B19,21.12,56.19,3183
2024-01-08T18:40:00,1,SHELF-B19,21.23,53.74,3183
2024-01-08T19:00:00,1,SHELF-B19,21.69,56.79,3183
2024-01-08T19:20:00,1,SHELF-B19,21.92,43.75,3183
2024-01-08T19:40:00,1,SHELF-B19,21.33,54.76,3183
2024-01-08T20:00:00,1,SHELF-B19,21.94,46.30,3183
2024-01-08T20:20:00,1,SHELF-B19,20.73,53.97,3183
2024-01-08T20:40:00,1,SHELF-B19,21.71,42.10,3183
2024-01-08T21:00:00,1,SHELF-B19,20.77,49.87,3183
2024-01-08T21:20:00,1,SHELF-B19,20.63,54.38,3183
2024-01-08T21:40:00,1,SHELF-B19,21.27,48.67,3183
2024-01-08T22:00:00,1,SHELF-B19,21.13,48.90,3183
2024-01-08T22:20:00,1,SHELF-B19,20.91,44.98,3183
2024-01-08T22:40:00,1,SHELF-B19,20.83,49.78,3183
2024-01-08T23:00:00,1,SHELF-B19,21.69,43.76,3183
2024-01-08T23:20:00,1,SHELF-B19,21.82,45.40,3183
2024-01-08T23:40:00,1,SHELF-B19,21.08,54.00,3183
2024-01-08T00:00:00,1,SHELF-E06,18.19,57.73,3280
2024-01-08T00:20:00,1,SHELF-E06,19.55,49.05,3280
2024-01-08T00:40:00,1,SHELF-E06,19.63,43.75,3280
2024-01-08T01:00:00,1,SHELF-E06,19.21,43.28,3280
2024-01-08T01:20:00,1,SHELF-E06,18.10,43.99,3280
2024-01-08T01:40:00,1,SHELF-E06,18.06,42.47,3280
2024-01-08T02:00:00,1,SHELF-E06,18.53,49.76,3280
2024-01-08T02:20:00,1,SHELF-E06,19.58,42.15,3280
2024-01-08T02:40:00,1,SHELF-E06,18.59,57.28,3280
2024-01-08T03:00:00,1,SHELF-E06,19.51,54.63,3280
2024-01-08T03:20:00,1,SHELF-E06,18.27,45.38,3280
2024-01-08T03:40:00,1,SHELF-E06,19.77,48.01,3280
2024-01-08T04:00:00,1,SHELF-E06,19.35,57.39,3280
2024-01-08T04:20:00,1,SHELF-E06,18.84,49.77,3280
2024-01-08T04:40:00,1,SHELF-E06,19.82,51.67,3280
2024-01-08T05:00:00,1,SHELF-E06,19.11,52.91,3280
2024-01-08T05:20:00,1,SHELF-E06,19.12,47.04,3280
2024-01-08T05:40:00,1,SHELF-E06,18.91,47.78,3280
2024-01-08T06:00:00,1,SHELF-E06,19.35,51.77,3280
2024-01-08T06:20:00,1,SHELF-E06,20.51,55.97,3280
2024-01-08T06:40:00,1,SHELF-E06,20.17,42.05,3280
2024-01-08T07:00:00,1,SHELF-E06,20.42,48.43,3280
2024-01-08T07:20:00,1,SHELF-E06,20.35,56.80,3280
2024-01-08T07:40:00,1,SHELF-E06,18.73,43.97,3280
2024-01-08T08:00:00,1,SHELF-E06,19.87,57.22,3280
2024-01-08T08:20:00,1,SHELF-E06,20.31,45.98,3280
2024-01-08T08:40:00,1,SHELF-E06,19.71,52.98,3280
2024-01-08T09:00:00,1,SHELF-E06,20.67,50.24,3280
2024-01-08T09:20:00,1,SHELF-E06,20.25,42.05,3280
2024-01-08T09:40:00,1,SHELF-E06,20.21,57.07,3280
2024-01-08T10:00:00,1,SHELF-E06,19.70,52.14,3280
2024-01-08T10:20:00,1,SHELF-E06,20.80,57.51,3280
2024-01-08T10:40:00,1,SHELF-E06,20.53,52.85,3280
2024-01-08T11:00:00,1,SHELF-E06,19.65,49.75,3280
2024-01-08T11:20:00,1,SHELF-E06,20.66,54.70,3280
2024-01-08T11:40:00,1,SHELF-E06,19.88,57.03,3280
2024-01-08T12:00:00,1,SHELF-E06,21.19,49.62,3280
2024-01-08T12:20:00,1,SHELF-E06,20.62,53.19,3280
2024-01-08T12:40:00,1,SHELF-E06,19.51,48.16,3280
2024-01-08T13:00:00,1,SHELF-E06,20.65,53.39,3280
2024-01-08T13:20:00,1,SHELF-E06,21.17,56.02,3280
2024-01-08T13:40:00,1,SHELF-E06,21.00,53.47,3280
2024-01-08T14:00:00,1,SHELF-E06,19.62,49.97,3280
2024-01-08T14:20:00,1,SHELF-E06,19.73,55.32,3280
2024-01-08T14:40:00,1,SHELF-E06,21.55,57.80,3280
2024-01-08T15:00:00,1,SHELF-E06,20.62,56.34,3280
2024-01-08T15:20:00,1,SHELF-E06,21.59,49.71,3280
2024-01-08T15:40:00,1,SHELF-E06,20.76,45.89,3280
2024-01-08T16:00:00,1,SHELF-E06,20.15,57.11,3280
2024-01-08T16:20:00,1,SHELF-E06,21.21,43.69,3280
2024-01-08T16:40:00,1,SHELF-E06,21.79,42.47,3280
2024-01-08T17:00:00,1,SHELF-E06,21.79,47.22,3280
2024-01-08T17:20:00,1,SHELF-E06,20.70,46.49,3280
2024-01-08T17:40:00,1,SHELF-E06,21.37,52.65,3280
2024-01-08T18:00:00,1,SHELF-E06,21.96,52.73,3280
2024-01-08T18:20:00,1,SHELF-E06,21.39,56.76,3280
2024-01-08T18:40:00,1,SHELF-E06,21.32,49.87,3280
2024-01-08T19:00:00,1,SHELF-E06,21.77,47.32,3280
2024-01-08T19:20:00,1,SHELF-E06,20.63,51.22,3280
2024-01-08T19:40:00,1,SHELF-E06,22.03,43.03,3280
2024-01-08T20:00:00,1,SHELF-E06,20.99,56.56,3280
2024-01-08T20:20:00,1,SHELF-E06,21.79,53.60,3280
2024-01-08T20:40:00,1,SHELF-E06,21.62,54.56,3280
2024-01-08T21:00:00,1,SHELF-E06,22.37,48.99,3280
2024-01-08T21:20:00,1,SHELF-E06,20.90,46.15,3280
2024-01-08T21:40:00,1,SHELF-E06,21.01,43.78,3280
2024-01-08T22:00:00,1,SHELF-E06,21.24,51.48,3280
2024-01-08T22:20:00,1,SHELF-E06,20.93,57.07,3280
2024-01-08T22:40:00,1,SHELF-E06,21.70,44.04,3280
2024-01-08T23:00:00,1,SHELF-E06,21.31,48.08,3280
2024-01-08T23:20:00,1,SHELF-E06,22.16,46.97,3280
2024-01-08T23:40:00,1,SHELF-E06,21.86,45.04,3280
2024-01-08T00:00:00,1,SHELF-F18,19.77,47.11,3185
2024-01-08T00:20:00,1,SHELF-F18,18.54,52.87,3185
2024-01-08T00:40:00,1,SHELF-F18,19.40,50.32,3185
2024-01-08T01:00:00,1,SHELF-F18,19.14,45.55,3185
2024-01-08T01:20:00,1,SHELF-F18,18.72,50.61,3185
2024-01-08T01:40:00,1,SHELF-F18,18.85,44.32,3185
2024-01-08T02:00:00,1,SHELF-F18,19.94,55.40,3185
2024-01-08T02:20:00,1,SHELF-F18,19.06,49.29,3185
2024-01-08T02:40:00,1,SHELF-F18,19.26,44.33,3185
2024-01-08T03:00:00,1,SHELF-F18,19.51,54.82,3185
2024-01-08T03:20:00,1,SHELF-F18,19.59,51.58,3185
2024-01-08T03:40:00,1,SHELF-F18,18.80,57.85,3185
2024-01-08T04:00:00,1,SHELF-F18,18.55,57.95,3185
2024-01-08T04:20:00,1,SHELF-F18,19.72,49.65,3185
2024-01-08T04:40:00,1,SHELF-F18,19.97,49.92,3185
2024-01-08T05:00:00,1,SHELF-F18,19.84,48.03,3185
2024-01-08T05:20:00,1,SHELF-F18,20.39,47.33,3185
2024-01-08T05:40:00,1,SHELF-F18,20.09,45.37,3185
2024-01-08T06:00:00,1,SHELF-F18,20.02,54.97,3185
2024-01-08T06:20:00,1,SHELF-F18,19.96,42.84,3185
2024-01-08T06:40:00,1,SHELF-F18,20.29,44.86,3185
2024-01-08T07:00:00,1,SHELF-F18,19.66,48.27,3185
2024-01-08T07:20:00,1,SHELF-F18,20.65,52.55,3185
2024-01-08T07:40:00,1,SHELF-F18,20.38,57.86,3185
2024-01-08T08:00:00,1,SHELF-F18,19.90,47.40,3185
2024-01-08T08:20:00,1,SHELF-F18,20.16,57.85,3185
2024-01-08T08:40:00,1,SHELF-F18,20.32,48.26,3185
2024-01-08T09:00:00,1,SHELF-F18,19.99,46.53,3185
2024-01-08T09:20:00,1,SHELF-F18,20.33,45.12,3185
2024-01-08T09:40:00,1,SHELF-F18,20.65,48.30,3185
2024-01-08T10:00:00,1,SHELF-F18,19.32,54.04,3185
2024-01-08T10:20:00,1,SHELF-F18,20.22,54.88,3185
2024-01-08T10:40:00,1,SHELF-F18,20.76,53.35,3185
2024-01-08T11:00:00,1,SHELF-F18,20.10,44.62,3185
2024-01-08T11:20:00,1,SHELF-F18,19.46,53.14,3185
2024-01-08T11:40:00,1,SHELF-F18,19.76,44.32,3185
2024-01-08T12:00:00,1,SHELF-F18,19.74,53.97,3185
2024-01-08T12:20:00,1,SHELF-F18,20.78,42.15,3185
2024-01-08T12:40:00,1,SHELF-F18,20.76,51.21,3185
2024-01-08T13:00:00,1,SHELF-F18,20.79,57.82,3185
2024-01-08T13:20:00,1,SHELF-F18,19.73,57.21,3185
2024-01-08T13:40:00,1,SHELF-F18,20.29,55.47,3185
2024-01-08T14:00:00,1,SHELF-F18,21.41,43.54,3185
2024-01-08T14:20:00,1,SHELF-F18,21.51,44.87,3185
2024-01-08T14:40:00,1,SHELF-F18,19.66,57.68,3185
2024-01-08T15:00:00,1,SHELF-F18,20.98,51.49,3185
2024-01-08T15:20:00,1,SHELF-F18,21.62,52.03,3185
2024-01-08T15:40:00,1,SHELF-F18,20.49,42.54,3185
2024-01-08T16:00:00,1,SHELF-F18,20.29,49.82,3185
2024-01-08T16:20:00,1,SHELF-F18,21.18,57.27,3185
2024-01-08T16:40:00,1,SHELF-F18,21.11,48.01,3185
2024-01-08T17:00:00,1,SHELF-F18,21.32,54.73,3185
2024-01-08T17:20:00,1,SHELF-F18,21.25,54.44,3185
2024-01-08T17:40:00,1,SHELF-F18,21.66,52.40,3185
2024-01-08T18:00:00,1,SHELF-F18,20.61,52.45,3185
2024-01-08T18:20:00,1,SHELF-F18,20.79,43.92,3185
2024-01-08T18:40:00,1,SHELF-F18,20.22,49.83,3185
2024-01-08T19:00:00,1,SHELF-F18,21.52,50.16,3185
2024-01-08T19:20:00,1,SHELF-F18,20.23,51.17,3185
2024-01-08T19:40:00,1,SHELF-F18,21.33,46.38,3185
2024-01-08T20:00:00,1,SHELF-F18,21.80,54.71,3185
2024-01-08T20:20:00,1,SHELF-F18,20.67,49.75,3185
2024-01-08T20:40:00,1,SHELF-F18,21.60,48.94,3185
2024-01-08T21:00:00,1,SHELF-F18,21.58,43.59,3185
2024-01-08T21:20:00,1,SHELF-F18,20.56,56.54,3185
2024-01-08T21:40:00,1,SHELF-F18,22.02,44.96,3185
2024-01-08T22:00:00,1,SHELF-F18,22.18,42.32,3185
2024-01-08T22:20:00,1,SHELF-F18,21.67,50.58,3185
2024-01-08T22:40:00,1,SHELF-F18,22.18,49.82,3185
2024-01-08T23:00:00,1,SHELF-F18,21.72,51.36,3185
2024-01-08T23:20:00,1,SHELF-F18,22.11,54.64,3185
2024-01-08T23:40:00,1,SHELF-F18,20.93,54.05,3185
2024-01-09T00:00:00,1,SHELF-D12,19.60,44.89,3252
2024-01-09T00:20:00,1,SHELF-D12,19.01,44.88,3252
2024-01-09T00:40:00,1,SHELF-D12,18.92,54.81,3252
2024-01-09T01:00:00,1,SHELF-D12,18.18,44.06,3252
2024-01-09T01:20:00,1,SHELF-D12,18.35,44.58,3252
2024-01-09T01:40:00,1,SHELF-D12,19.06,55.62,3252
2024-01-09T02:00:00,1,SHELF-D12,18.13,57.68,3252
2024-01-09T02:20:00,1,SHELF-D12,19.07,47.82,3252
2024-01-09T02:40:00,1,SHELF-D12,19.15,48.77,3252
2024-01-09T03:00:00,1,SHELF-D12,20.07,42.00,3252
2024-01-09T03:20:00,1,SHELF-D12,18.78,57.14,3252
2024-01-09T03:40:00,1,SHELF-D12,19.22,54.52,3252
2024-01-09T04:00:00,1,SHELF-D12,19.63,49.12,3252
2024-01-09T04:20:00,1,SHELF-D12,19.46,53.12,3252
2024-01-09T04:40:00,1,SHELF-D12,19.35,57.78,3252
2024-01-09T05:00:00,1,SHELF-D12,19.14,50.61,3252
2024-01-09T05:20:00,1,SHELF-D12,18.85,43.58,3252
2024-01-09T05:40:00,1,SHELF-D12,20.07,45.79,3252
2024-01-09T06:00:00,1,SHELF-D12,18.93,46.80,3252
2024-01-09T06:20:00,1,SHELF-D12,20.22,57.32,3252
2024-01-09T06:40:00,1,SHELF-D12,19.76,45.46,3252
2024-01-09T07:00:00,1,SHELF-D12,19.40,44.06,3252
2024-01-09T07:20:00,1,SHELF-D12,19.93,43.19,3252
2024-01-09T07:40:00,1,SHELF-D12,19.19,48.11,3252
2024-01-09T08:00:00,1,SHELF-D12,20.62,48.40,3252
2024-01-09T08:20:00,1,SHELF-D12,18.97,46.07,3252
2024-01-09T08:40:00,1,SHELF-D12,19.66,53.11,3252
2024-01-09T09:00:00,1,SHELF-D12,20.00,43.13,3252
2024-01-09T09:20:00,1,SHELF-D12,20.40,57.93,3252
2024-01-09T09:40:00,1,SHELF-D12,20.33,45.08,3252
2024-01-09T10:00:00,1,SHELF-D12,19.80,52.52,3252
2024-01-09T10:20:00,1,SHELF-D12,20.70,51.68,3252
2024-01-09T10:40:00,1,SHELF-D12,19.90,44.46,3252
2024-01-09T11:00:00,1,SHELF-D12,21.17,48.94,3252
2024-01-09T11:20:00,1,SHELF-D12,19.23,51.66,3252
2024-01-09T11:40:00,1,SHELF-D12,19.34,43.99,3252
2024-01-09T12:00:00,1,SHELF-D12,19.53,50.77,3252
2024-01-09T12:20:00,1,SHELF-D12,19.44,52.24,3252
2024-01-09T12:40:00,1,SHELF-D12,20.03,47.34,3252
2024-01-09T13:00:00,1,SHELF-D12,19.98,55.90,3252
2024-01-09T13:20:00,1,SHELF-D12,19.88,42.16,3252
2024-01-09T13:40:00,1,SHELF-D12,20.19,57.50,3252
2024-01-09T14:00:00,1,SHELF-D12,20.31,43.68,3252
2024-01-09T14:20:00,1,SHELF-D12,21.41,44.81,3252
2024-01-09T14:40:00,1,SHELF-D12,21.01,46.90,3252
2024-01-09T15:00:00,1,SHELF-D12,21.33,49.83,3252
2024-01-09T15:20:00,1,SHELF-D12,20.74,53.21,3252
2024-01-09T15:40:00,1,SHELF-D12,21.41,50.82,3252
2024-01-09T16:00:00,1,SHELF-D12,21.02,56.35,3252
2024-01-09T16:20:00,1,SHELF-D12,20.15,57.14,3252
2024-01-09T16:40:00,1,SHELF-D12,20.59,47.52,3252
2024-01-09T17:00:00,1,SHELF-D12,21.42,57.49,3252
2024-01-09T17:20:00,1,SHELF-D12,21.00,51.51,3252
2024-01-09T17:40:00,1,SHELF-D12,21.63,49.63,3252
2024-01-09T18:00:00,1,SHELF-D12,20.31,42.15,3252
2024-01-09T18:20:00,1,SHELF-D12,21.08,44.49,3252
2024-01-09T18:40:00,1,SHELF-D12,20.31,48.06,3252
2024-01-09T19:00:00,1,SHELF-D12,21.65,42.85,3252
2024-01-09T19:20:00,1,SHELF-D12,21.63,57.59,3252
2024-01-09T19:40:00,1,SHELF-D12,21.60,45.99,3252
2024-01-09T20:00:00,1,SHELF-D12,21.53,53.31,3252
2024-01-09T20:20:00,1,SHELF-D12,20.67,57.78,3252
2024-01-09T20:40:00,1,SHELF-D12,21.90,50.04,3252
2024-01-09T21:00:00,1,SHELF-D12,20.98,48.84,3252
2024-01-09T21:20:00,1,SHELF-D12,22.32,56.10,3252
2024-01-09T21:40:00,1,SHELF-D12,22.06,46.88,3252
2024-01-09T22:00:00,1,SHELF-D12,22.27,57.16,3252
2024-01-09T22:20:00,1,SHELF-D12,21.37,47.00,3252
2024-01-09T22:40:00,1,SHELF-D12,20.74,43.27,3252
2024-01-09T23:00:00,1,SHELF-D12,22.14,57.12,3252
2024-01-09T23:20:00,1,SHELF-D12,21.01,42.92,3252
2024-01-09T23:40:00,1,SHELF-D12,22.17,50.87,3252
2024-01-09T00:00:00,1,SHELF-A19,19.42,42.17,3210
2024-01-09T00:20:00,1,SHELF-A19,19.70,52.83,3210
2024-01-09T00:40:00,1,SHELF-A19,19.67,44.18,3210
2024-01-09T01:00:00,1,SHELF-A19,18.93,52.96,3210
2024-01-09T01:20:00,1,SHELF-A19,19.29,50.52,3210
2024-01-09T01:40:00,1,SHELF-A19,18.18,42.22,3210
2024-01-09T02:00:00,1,SHELF-A19,18.44,55.30,3210
2024-01-09T02:20:00,1,SHELF-A19,18.07,48.80,3210
2024-01-09T02:40:00,1,SHELF-A19,19.13,47.52,3210
2024-01-09T03:00:00,1,SHELF-A19,20.17,52.58,3210
2024-01-09T03:20:00,1,SHELF-A19,20.02,57.99,3210
2024-01-09T03:40:00,1,SHELF-A19,20.07,52.95,3210
2024-01-09T04:00:00,1,SHELF-A19,18.39,49.18,3210
2024-01-09T04:20:00,1,SHELF-A19,18.64,56.88,3210
2024-01-09T04:40:00,1,SHELF-A19,19.84,56.46,3210
2024-01-09T05:00:00,1,SHELF-A19,18.78,47.87,3210
2024-01-09T05:20:00,1,SHELF-A19,18.70,47.65,3210
2024-01-09T05:40:00,1,SHELF-A19,18.53,49.93,3210
2024-01-09T06:00:00,1,SHELF-A19,18.90,57.52,3210
2024-01-09T06:20:00,1,SHELF-A19,19.23,52.87,3210
2024-01-09T06:40:00,1,SHELF-A19,20.22,55.61,3210
2024-01-09T07:00:00,1,SHELF-A19,20.40,46.64,3210
2024-01-09T07:20:00,1,SHELF-A19,19.65,46.24,3210
2024-01-09T07:40:00,1,SHELF-A19,18.69,52.10,3210
2024-01-09T08:00:00,1,SHELF-A19,19.59,56.77,3210
2024-01-09T08:20:00,1,SHELF-A19,20.67,57.35,3210
2024-01-09T08:40:00,1,SHELF-A19,19.84,56.29,3210
2024-01-09T09:00:00,1,SHELF-A19,20.80,56.28,3210
2024-01-09T09:20:00,1,SHELF-A19,20.63,42.92,3210
2024-01-09T09:40:00,1,SHELF-A19,18.94,49.37,3210
2024-01-09T10:00:00,1,SHELF-A19,19.65,43.71,3210
2024-01-09T10:20:00,1,SHELF-A19,19.76,53.56,3210
2024-01-09T10:40:00,1,SHELF-A19,19.86,42.14,3210
2024-01-09T11:00:00,1,SHELF-A19,20.04,45.16,3210
2024-01-09T11:20:00,1,SHELF-A19,20.24,56.38,3210
2024-01-09T11:40:00,1,SHELF-A19,20.00,56.61,3210
2024-01-09T12:00:00,1,SHELF-A19,19.32,54.31,3210
2024-01-09T12:20:00,1,SHELF-A19,19.81,49.53,3210
2024-01-09T12:40:00,1,SHELF-A19,20.06,47.83,3210
2024-01-09T13:00:00,1,SHELF-A19,21.22,50.58,3210
2024-01-09T13:20:00,1,SHELF-A19,19.97,57.83,3210
2024-01-09T13:40:00,1,SHELF-A19,20.75,49.03,3210
2024-01-09T14:00:00,1,SHELF-A19,19.84,53.95,3210
2024-01-09T14:20:00,1,SHELF-A19,19.57,56.14,3210
2024-01-09T14:40:00,1,SHELF-A19,20.98,43.77,3210
2024-01-09T15:00:00,1,SHELF-A19,20.25,44.14,3210
2024-01-09T15:20:00,1,SHELF-A19,20.52,47.30,3210
2024-01-09T15:40:00,1,SHELF-A19,19.75,52.66,3210
2024-01-09T16:00:00,1,SHELF-A19,21.70,57.36,3210
2024-01-09T16:20:00,1,SHELF-A19,21.77,43.90,3210
2024-01-09T16:40:00,1,SHELF-A19,20.79,49.93,3210
2024-01-09T17:00:00,1,SHELF-A19,21.30,44.04,3210
2024-01-09T17:20:00,1,SHELF-A19,21.43,54.49,3210
2024-01-09T17:40:00,1,SHELF-A19,20.73,53.62,3210
2024-01-09T18:00:00,1,SHELF-A19,21.54,55.21,3210
2024-01-09T18:20:00,1,SHELF-A19,20.32,57.32,3210
2024-01-09T18:40:00,1,SHELF-A19,21.64,44.02,3210
2024-01-09T19:00:00,1,SHELF-A19,20.87,42.22,3210
2024-01-09T19:20:00,1,SHELF-A19,21.55,42.83,3210
2024-01-09T19:40:00,1,SHELF-A19,21.84,48.87,3210
2024-01-09T20:00:00,1,SHELF-A19,21.50,42.13,3210
2024-01-09T20:20:00,1,SHELF-A19,21.27,46.52,3210
2024-01-09T20:40:00,1,SHELF-A19,20.47,48.86,3210
2024-01-09T21:00:00,1,SHELF-A19,21.67,53.67,3210
2024-01-09T21:20:00,1,SHELF-A19,20.81,46.50,3210
2024-01-09T21:40:00,1,SHELF-A19,20.66,46.22,3210
2024-01-09T22:00:00,1,SHELF-A19,21.96,52.66,3210
2024-01-09T22:20:00,1,SHELF-A19,21.42,49.58,3210
2024-01-09T22:40:00,1,SHELF-A19,22.12,43.65,3210
2024-01-09T23:00:00,1,SHELF-A19,22.14,51.78,3210
2024-01-09T23:20:00,1,SHELF-A19,21.06,55.68,3210
2024-01-09T23:40:00,1,SHELF-A19,21.94,44.38,3210
2024-01-09T00:00:00,1,SHELF-B19,18.07,42.61,3114
2024-01-09T00:20:00,1,SHELF-B19,19.79,56.87,3114
2024-01-09T00:40:00,1,SHELF-B19,18.66,51.86,3114
2024-01-09T01:00:00,1,SHELF-B19,18.11,42.82,3114
2024-01-09T01:20:00,1,SHELF-B19,18.75,46.90,3114
2024-01-09T01:40:00,1,SHELF-B19,19.20,45.70,3114
2024-01-09T02:00:00,1,SHELF-B19,18.73,49.67,3114
2024-01-09T02:20:00,1,SHELF-B19,19.08,52.30,3114
2024-01-09T02:40:00,1,SHELF-B19,18.67,46.31,3114
2024-01-09T03:00:00,1,SHELF-B19,18.74,47.62,3114
2024-01-09T03:20:00,1,SHELF-B19,19.02,47.12,3114
2024-01-09T03:40:00,1,SHELF-B19,18.28,42.65,3114
2024-01-09T04:00:00,1,SHELF-B19,18.41,53.92,3114
2024-01-09T04:20:00,1,SHELF-B19,18.73,49.55,3114
2024-01-09T04:40:00,1,SHELF-B19,20.12,43.61,3114
2024-01-09T05:00:00,1,SHELF-B19,18.80,57.17,3114
2024-01-09T05:20:00,1,SHELF-B19,19.16,46.87,3114
2024-01-09T05:40:00,1,SHELF-B19,18.63,42.22,3114
2024-01-09T06:00:00,1,SHELF-B19,19.66,55.79,3114
2024-01-09T06:20:00,1,SHELF-B19,19.22,53.86,3114
2024-01-09T06:40:00,1,SHELF-B19,19.28,54.46,3114
2024-01-09T07:00:00,1,SHELF-B19,19.74,47.95,3114
2024-01-09T07:20:00,1,SHELF-B19,19.98,45.36,3114
2024-01-09T07:40:00,1,SHELF-B19,19.45,56.20,3114
2024-01-09T08:00:00,1,SHELF-B19,19.07,53.88,3114
2024-01-09T08:20:00,1,SHELF-B19,19.05,51.38,3114
2024-01-09T08:40:00,1,SHELF-B19,20.63,52.47,3114
2024-01-09T09:00:00,1,SHELF-B19,19.31,53.27,3114
2024-01-09T09:20:00,1,SHELF-B19,20.78,43.20,3114
2024-01-09T09:40:00,1,SHELF-B19,20.03,47.49,3114
2024-01-09T10:00:00,1,SHELF-B19,20.51,57.83,3114
2024-01-09T10:20:00,1,SHELF-B19,19.46,53.53,3114
2024-01-09T10:40:00,1,SHELF-B19,19.15,45.07,3114
2024-01-09T11:00:00,1,SHELF-B19,20.28,46.04,3114
2024-01-09T11:20:00,1,SHELF-B19,20.94,55.66,3114
2024-01-09T11:40:00,1,SHELF-B19,21.00,57.60,3114
2024-01-09T12:00:00,1,SHELF-B19,21.10,49.18,3114
2024-01-09T12:20:00,1,SHELF-B19,20.74,56.57,3114
2024-01-09T12:40:00,1,SHELF-B19,19.44,48.70,3114
2024-01-09T13:00:00,1,SHELF-B19,21.30,50.06,3114
2024-01-09T13:20:00,1,SHELF-B19,19.48,51.59,3114
2024-01-09T13:40:00,1,SHELF-B19,20.83,44.06,3114
2024-01-09T14:00:00,1,SHELF-B19,19.65,51.06,3114
2024-01-09T14:20:00,1,SHELF-B19,21.15,53.10,3114
2024-01-09T14:40:00,1,SHELF-B19,21.04,48.36,3114
2024-01-09T15:00:00,1,SHELF-B19,21.05,55.92,3114
2024-01-09T15:20:00,1,SHELF-B19,21.63,44.65,3114
2024-01-09T15:40:00,1,SHELF-B19,21.18,48.15,3114
2024-01-09T16:00:00,1,SHELF-B19,21.37,48.41,3114
2024-01-09T16:20:00,1,SHELF-B19,20.35,44.95,3114
2024-01-09T16:40:00,1,SHELF-B19,20.13,45.48,3114
2024-01-09T17:00:00,1,SHELF-B19,21.33,56.07,3114
2024-01-09T17:20:00,1,SHELF-B19,21.51,49.29,3114
2024-01-09T17:40:00,1,SHELF-B19,21.35,50.40,3114
2024-01-09T18:00:00,1,SHELF-B19,20.66,45.53,3114
2024-01-09T18:20:00,1,SHELF-B19,21.47,50.83,3114
2024-01-09T18:40:00,1,SHELF-B19,20.40,42.73,3114
2024-01-09T19:00:00,1,SHELF-B19,20.66,42.63,3114
2024-01-09T19:20:00,1,SHELF-B19,20.48,56.14,3114
2024-01-09T19:40:00,1,SHELF-B19,22.04,46.33,3114
2024-01-09T20:00:00,1,SHELF-B19,21.89,52.28,3114
2024-01-09T20:20:00,1,SHELF-B19,20.81,55.17,3114
2024-01-09T20:40:00,1,SHELF-B19,21.38,42.02,3114
2024-01-09T21:00:00,1,SHELF-B19,21.13,51.68,3114
2024-01-09T21:20:00,1,SHELF-B19,21.17,43.33,3114
2024-01-09T21:40:00,1,SHELF-B19,21.84,50.79,3114
2024-01-09T22:00:00,1,SHELF-B19,22.00,48.53,3114
2024-01-09T22:20:00,1,SHELF-B19,21.78,47.19,3114
2024-01-09T22:40:00,1,SHELF-B19,20.67,55.05,3114
2024-01-09T23:00:00,1,SHELF-B19,22.33,45.51,3114
2024-01-09T23:20:00,1,SHELF-B19,22.61,44.83,3114
2024-01-09T23:40:00,1,SHELF-B19,22.63,50.60,3114
2024-01-09T00:00:00,1,SHELF-E06,19.69,51.33,3283
2024-01-09T00:20:00,1,SHELF-E06,19.25,53.01,3283
2024-01-09T00:40:00,1,SHELF-E06,19.70,46.12,3283
2024-01-09T01:00:00,1,SHELF-E06,19.19,51.67,3283
2024-01-09T01:20:00,1,SHELF-E06,18.35,49.07,3283
2024-01-09T01:40:00,1,SHELF-E06,18.58,45.26,3283
2024-01-09T02:00:00,1,SHELF-E06,19.32,55.73,3283
2024-01-09T02:20:00,1,SHELF-E06,18.85,49.14,3283
2024-01-09T02:40:00,1,SHELF-E06,19.52,48.94,3283
2024-01-09T03:00:00,1,SHELF-E06,18.48,49.66,3283
2024-01-09T03:20:00,1,SHELF-E06,19.17,49.35,3283
2024-01-09T03:40:00,1,SHELF-E06,19.81,44.82,3283
2024-01-09T04:00:00,1,SHELF-E06,19.45,57.09,3283
2024-01-09T04:20:00,1,SHELF-E06,18.67,46.51,3283
2024-01-09T04:40:00,1,SHELF-E06,18.93,56.16,3283
2024-01-09T05:00:00,1,SHELF-E06,20.07,53.00,3283
2024-01-09T05:20:00,1,SHELF-E06,18.81,44.30,3283
2024-01-09T05:40:00,1,SHELF-E06,19.29,49.28,3283
2024-01-09T06:00:00,1,SHELF-E06,19.85,48.44,3283
2024-01-09T06:20:00,1,SHELF-E06,20.01,44.20,3283
2024-01-09T06:40:00,1,SHELF-E06,20.06,42.19,3283
2024-01-09T07:00:00,1,SHELF-E06,18.88,48.14,3283
2024-01-09T07:20:00,1,SHELF-E06,18.90,42.22,3283
2024-01-09T07:40:00,1,SHELF-E06,20.34,56.95,3283
2024-01-09T08:00:00,1,SHELF-E06,19.07,54.32,3283
2024-01-09T08:20:00,1,SHELF-E06,19.34,57.02,3283
2024-01-09T08:40:00,1,SHELF-E06,20.01,54.68,3283
2024-01-09T09:00:00,1,SHELF-E06,18.95,54.67,3283
2024-01-09T09:20:00,1,SHELF-E06,20.02,55.09,3283
2024-01-09T09:40:00,1,SHELF-E06,20.64,43.36,3283
2024-01-09T10:00:00,1,SHELF-E06,19.34,54.15,3283
2024-01-09T10:20:00,1,SHELF-E06,20.84,55.05,3283
2024-01-09T10:40:00,1,SHELF-E06,19.67,49.66,3283
2024-01-09T11:00:00,1,SHELF-E06,19.67,50.70,3283
2024-01-09T11:20:00,1,SHELF-E06,19.72,50.70,3283
2024-01-09T11:40:00,1,SHELF-E06,19.23,42.71,3283
2024-01-09T12:00:00,1,SHELF-E06,20.40,43.64,3283
2024-01-09T12:20:00,1,SHELF-E06,21.08,48.64,3283
2024-01-09T12:40:00,1,SHELF-E06,19.31,45.59,3283
2024-01-09T13:00:00,1,SHELF-E06,19.89,48.17,3283
2024-01-09T13:20:00,1,SHELF-E06,20.14,46.59,3283
2024-01-09T13:40:00,1,SHELF-E06,21.28,52.95,3283
2024-01-09T14:00:00,1,SHELF-E06,20.93,53.44,3283
2024-01-09T14:20:00,1,SHELF-E06,21.36,49.87,3283
2024-01-09T14:40:00,1,SHELF-E06,21.54,45.59,3283
2024-01-09T15:00:00,1,SHELF-E06,21.60,46.51,3283
2024-01-09T15:20:00,1,SHELF-E06,19.84,47.34,3283
2024-01-09T15:40:00,1,SHELF-E06,20.40,56.80,3283
2024-01-09T16:00:00,1,SHELF-E06,19.98,42.69,3283
2024-01-09T16:20:00,1,SHELF-E06,20.11,48.86,3283
2024-01-09T16:40:00,1,SHELF-E06,20.48,44.90,3283
2024-01-09T17:00:00,1,SHELF-E06,20.78,56.29,3283
2024-01-09T17:20:00,1,SHELF-E06,21.31,52.00,3283
2024-01-09T17:40:00,1,SHELF-E06,20.51,56.01,3283
2024-01-09T18:00:00,1,SHELF-E06,20.60,49.99,3283
2024-01-09T18:20:00,1,SHELF-E06,20.80,46.25,3283
2024-01-09T18:40:00,1,SHELF-E06,21.87,54.78,3283
2024-01-09T19:00:00,1,SHELF-E06,21.76,55.79,3283
2024-01-09T19:20:00,1,SHELF-E06,22.14,54.44,3283
2024-01-09T19:40:00,1,SHELF-E06,20.48,44.36,3283
2024-01-09T20:00:00,1,SHELF-E06,21.20,54.75,3283
2024-01-09T20:20:00,1,SHELF-E06,22.26,55.03,3283
2024-01-09T20:40:00,1,SHELF-E06,20.53,48.84,3283
2024-01-09T21:00:00,1,SHELF-E06,21.89,44.31,3283
2024-01-09T21:20:00,1,SHELF-E06,21.08,44.04,3283
2024-01-09T21:40:00,1,SHELF-E06,21.97,47.64,3283
2024-01-09T22:00:00,1,SHELF-E06,21.55,49.70,3283
2024-01-09T22:20:00,1,SHELF-E06,22.50,51.63,3283
2024-01-09T22:40:00,1,SHELF-E06,21.83,44.21,3283
2024-01-09T23:00:00,1,SHELF-E06,22.57,56.75,3283
2024-01-09T23:20:00,1,SHELF-E06,21.45,50.79,3283
2024-01-09T23:40:00,1,SHELF-E06,21.76,49.88,3283
2024-01-09T00:00:00,1,SHELF-F18,19.45,48.15,3221
2024-01-09T00:20:00,1,SHELF-F18,18.97,48.75,3221
2024-01-09T00:40:00,1,SHELF-F18,18.96,53.10,3221
2024-01-09T01:00:00,1,SHELF-F18,19.43,53.25,3221
2024-01-09T01:20:00,1,SHELF-F18,18.40,42.05,3221
2024-01-09T01:40:00,1,SHELF-F18,19.92,42.27,3221
2024-01-09T02:00:00,1,SHELF-F18,19.17,57.32,3221
2024-01-09T02:20:00,1,SHELF-F18,19.90,42.95,3221
2024-01-09T02:40:00,1,SHELF-F18,18.76,55.58,3221
2024-01-09T03:00:00,1,SHELF-F18,19.92,55.10,3221
2024-01-09T03:20:00,1,SHELF-F18,18.77,44.31,3221
2024-01-09T03:40:00,1,SHELF-F18,19.89,57.55,3221
2024-01-09T04:00:00,1,SHELF-F18,20.13,45.88,3221
2024-01-09T04:20:00,1,SHELF-F18,19.96,42.89,3221
2024-01-09T04:40:00,1,SHELF-F18,18.58,57.39,3221
2024-01-09T05:00:00,1,SHELF-F18,19.84,48.04,3221
2024-01-09T05:20:00,1,SHELF-F18,18.49,57.44,3221
2024-01-09T05:40:00,1,SHELF-F18,19.18,53.22,3221
2024-01-09T06:00:00,1,SHELF-F18,19.88,43.18,3221
2024-01-09T06:20:00,1,SHELF-F18,20.23,55.93,3221
2024-01-09T06:40:00,1,SHELF-F18,18.62,47.84,3221
2024-01-09T07:00:00,1,SHELF-F18,18.84,43.23,3221
2024-01-09T07:20:00,1,SHELF-F18,19.82,55.02,3221
2024-01-09T07:40:00,1,SHELF-F18,18.98,44.92,3221
2024-01-09T08:00:00,1,SHELF-F18,20.29,53.97,3221
2024-01-09T08:20:00,1,SHELF-F18,20.20,46.79,3221
2024-01-09T08:40:00,1,SHELF-F18,19.63,47.40,3221
2024-01-09T09:00:00,1,SHELF-F18,20.50,53.12,3221
2024-01-09T09:20:00,1,SHELF-F18,19.51,44.49,3221
2024-01-09T09:40:00,1,SHELF-F18,20.70,42.51,3221
2024-01-09T10:00:00,1,SHELF-F18,20.56,50.05,3221
2024-01-09T10:20:00,1,SHELF-F18,19.08,55.32,3221
2024-01-09T10:40:00,1,SHELF-F18,20.42,56.02,3221
2024-01-09T11:00:00,1,SHELF-F18,20.29,55.27,3221
2024-01-09T11:20:00,1,SHELF-F18,21.02,50.03,3221
2024-01-09T11:40:00,1,SHELF-F18,20.60,48.78,3221
2024-01-09T12:00:00,1,SHELF-F18,19.62,57.57,3221
2024-01-09T12:20:00,1,SHELF-F18,20.35,57.65,3221
2024-01-09T12:40:00,1,SHELF-F18,19.56,45.39,3221
2024-01-09T13:00:00,1,SHELF-F18,20.67,45.50,3221
2024-01-09T13:20:00,1,SHELF-F18,19.80,53.94,3221
2024-01-09T13:40:00,1,SHELF-F18,20.55,55.47,3221
2024-01-09T14:00:00,1,SHELF-F18,21.19,49.49,3221
2024-01-09T14:20:00,1,SHELF-F18,20.18,52.27,3221
2024-01-09T14:40:00,1,SHELF-F18,21.21,44.64,3221
2024-01-09T15:00:00,1,SHELF-F18,21.29,52.35,3221
2024-01-09T15:20:00,1,SHELF-F18,20.07,43.73,3221
2024-01-09T15:40:00,1,SHELF-F18,19.84,51.65,3221
2024-01-09T16:00:00,1,SHELF-F18,21.50,42.45,3221
2024-01-09T16:20:00,1,SHELF-F18,20.37,50.67,3221
2024-01-09T16:40:00,1,SHELF-F18,19.94,51.55,3221
2024-01-09T17:00:00,1,SHELF-F18,21.45,46.95,3221
2024-01-09T17:20:00,1,SHELF-F18,21.04,52.21,3221
2024-01-09T17:40:00,1,SHELF-F18,20.00,46.31,3221
2024-01-09T18:00:00,1,SHELF-F18,22.01,51.04,3221
2024-01-09T18:20:00,1,SHELF-F18,21.19,54.64,3221
2024-01-09T18:40:00,1,SHELF-F18,20.15,47.03,3221
2024-01-09T19:00:00,1,SHELF-F18,22.07,42.14,3221
2024-01-09T19:20:00,1,SHELF-F18,20.90,46.52,3221
2024-01-09T19:40:00,1,SHELF-F18,20.98,45.12,3221
2024-01-09T20:00:00,1,SHELF-F18,21.81,53.61,3221
2024-01-09T20:20:00,1,SHELF-F18,22.26,53.24,3221
2024-01-09T20:40:00,1,SHELF-F18,20.50,48.52,3221
2024-01-09T21:00:00,1,SHELF-F18,21.92,43.62,3221
2024-01-09T21:20:00,1,SHELF-F18,22.05,44.40,3221
2024-01-09T21:40:00,1,SHELF-F18,21.61,48.11,3221
2024-01-09T22:00:00,1,SHELF-F18,21.73,55.63,3221
2024-01-09T22:20:00,1,SHELF-F18,21.14,44.42,3221
2024-01-09T22:40:00,1,SHELF-F18,21.48,56.16,3221
2024-01-09T23:00:00,1,SHELF-F18,20.87,53.50,3221
2024-01-09T23:20:00,1,SHELF-F18,22.45,54.92,3221
2024-01-09T23:40:00,1,SHELF-F18,21.99,54.30,3221
2024-01-10T00:00:00,1,SHELF-D12,19.79,50.03,3123
2024-01-10T00:20:00,1,SHELF-D12,19.79,51.74,3123
2024-01-10T00:40:00,1,SHELF-D12,18.85,54.30,3123
2024-01-10T01:00:00,1,SHELF-D12,18.83,44.10,3123
2024-01-10T01:20:00,1,SHELF-D12,18.51,51.98,3123
2024-01-10T01:40:00,1,SHELF-D12,19.81,42.64,3123
2024-01-10T02:00:00,1,SHELF-D12,19.48,52.93,3123
2024-01-10T02:20:00,1,SHELF-D12,18.54,57.95,3123
2024-01-10T02:40:00,1,SHELF-D12,19.27,57.33,3123
2024-01-10T03:00:00,1,SHELF-D12,19.32,57.91,3123
2024-01-10T03:20:00,1,SHELF-D12,18.38,42.24,3123
2024-01-10T03:40:00,1,SHELF-D12,19.72,46.95,3123
2024-01-10T04:00:00,1,SHELF-D12,20.04,54.76,3123
2024-01-10T04:20:00,1,SHELF-D12,20.10,49.98,3123
2024-01-10T04:40:00,1,SHELF-D12,19.22,44.72,3123
2024-01-10T05:00:00,1,SHELF-D12,19.02,43.09,3123
2024-01-10T05:20:00,1,SHELF-D12,19.59,47.65,3123
2024-01-10T05:40:00,1,SHELF-D12,18.57,53.37,3123
2024-01-10T06:00:00,1,SHELF-D12,19.48,57.78,3123
2024-01-10T06:20:00,1,SHELF-D12,20.51,54.21,3123
2024-01-10T06:40:00,1,SHELF-D12,19.44,56.79,3123
2024-01-10T07:00:00,1,SHELF-D12,20.56,57.55,3123
2024-01-10T07:20:00,1,SHELF-D12,19.66,47.82,3123
2024-01-10T07:40:00,1,SHELF-D12,19.26,48.54,3123
2024-01-10T08:00:00,1,SHELF-D12,20.05,52.89,3123
2024-01-10T08:20:00,1,SHELF-D12,19.69,50.20,3123
2024-01-10T08:40:00,1,SHELF-D12,20.06,47.02,3123
2024-01-10T09:00:00,1,SHELF-D12,19.10,48.61,3123
2024-01-10T09:20:00,1,SHELF-D12,19.83,56.04,3123
2024-01-10T09:40:00,1,SHELF-D12,20.92,42.68,3123
2024-01-10T10:00:00,1,SHELF-D12,21.01,42.91,3123
2024-01-10T10:20:00,1,SHELF-D12,20.64,53.20,3123
2024-01-10T10:40:00,1,SHELF-D12,20.18,44.47,3123
2024-01-10T11:00:00,1,SHELF-D12,19.39,48.01,3123
2024-01-10T11:20:00,1,SHELF-D12,20.32,55.66,3123
2024-01-10T11:40:00,1,SHELF-D12,19.63,55.99,3123
2024-01-10T12:00:00,1,SHELF-D12,20.65,47.58,3123
2024-01-10T12:20:00,1,SHELF-D12,20.24,50.56,3123
2024-01-10T12:40:00,1,SHELF-D12,20.94,43.75,3123
2024-01-10T13:00:00,1,SHELF-D12,19.79,43.73,3123
2024-01-10T13:20:00,1,SHELF-D12,21.35,48.35,3123
2024-01-10T13:40:00,1,SHELF-D12,20.30,48.42,3123
2024-01-10T14:00:00,1,SHELF-D12,19.69,47.48,3123
2024-01-10T14:20:00,1,SHELF-D12,20.77,45.40,3123
2024-01-10T14:40:00,1,SHELF-D12,21.04,43.83,3123
2024-01-10T15:00:00,1,SHELF-D12,20.59,50.72,3123
2024-01-10T15:20:00,1,SHELF-D12,21.58,44.33,3123
2024-01-10T15:40:00,1,SHELF-D12,20.11,51.09,3123
2024-01-10T16:00:00,1,SHELF-D12,21.78,54.39,3123
2024-01-10T16:20:00,1,SHELF-D12,19.93,54.94,3123
2024-01-10T16:40:00,1,SHELF-D12,21.39,57.66,3123
2024-01-10T17:00:00,1,SHELF-D12,20.36,45.38,3123
2024-01-10T17:20:00,1,SHELF-D12,19.98,54.14,3123
2024-01-10T17:40:00,1,SHELF-D12,20.78,46.03,3123
2024-01-10T18:00:00,1,SHELF-D12,20.41,44.27,3123
2024-01-10T18:20:00,1,SHELF-D12,20.61,43.31,3123
2024-01-10T18:40:00,1,SHELF-D12,21.81,49.22,3123
2024-01-10T19:00:00,1,SHELF-D12,21.02,45.43,3123
2024-01-10T19:20:00,1,SHELF-D12,21.97,44.95,3123
2024-01-10T19:40:00,1,SHELF-D12,20.29,56.32,3123
2024-01-10T20:00:00,1,SHELF-D12,21.16,57.41,3123
2024-01-10T20:20:00,1,SHELF-D12,20.90,45.18,3123
2024-01-10T20:40:00,1,SHELF-D12,22.19,49.71,3123
2024-01-10T21:00:00,1,SHELF-D12,21.50,54.54,3123
2024-01-10T21:20:00,1,SHELF-D12,22.36,48.99,3123
2024-01-10T21:40:00,1,SHELF-D12,22.26,51.13,3123
2024-01-10T22:00:00,1,SHELF-D12,22.20,50.97,3123
2024-01-10T22:20:00,1,SHELF-D12,22.35,45.18,3123
2024-01-10T22:40:00,1,SHELF-D12,22.00,51.26,3123
2024-01-10T23:00:00,1,SHELF-D12,20.97,52.63,3123
2024-01-10T23:20:00,1,SHELF-D12,22.33,53.75,3123
2024-01-10T23:40:00,1,SHELF-D12,22.33,53.73,3123
2024-01-10T00:00:00,1,SHELF-A19,18.11,49.34,3085
2024-01-10T00:20:00,1,SHELF-A19,18.10,55.83,3085
2024-01-10T00:40:00,1,SHELF-A19,18.03,57.52,3085
2024-01-10T01:00:00,1,SHELF-A19,18.75,50.33,3085
2024-01-10T01:20:00,1,SHELF-A19,17.94,49.21,3085
2024-01-10T01:40:00,1,SHELF-A19,19.60,44.01,3085
2024-01-10T02:00:00,1,SHELF-A19,18.96,57.51,3085
2024-01-10T02:20:00,1,SHELF-A19,18.25,45.50,3085
2024-01-10T02:40:00,1,SHELF-A19,20.02,48.72,3085
2024-01-10T03:00:00,1,SHELF-A19,19.27,44.66,3085
2024-01-10T03:20:00,1,SHELF-A19,18.94,47.57,3085
2024-01-10T03:40:00,1,SHELF-A19,20.09,57.55,3085
2024-01-10T04:00:00,1,SHELF-A19,19.46,42.23,3085
2024-01-10T04:20:00,1,SHELF-A19,19.94,42.26,3085
2024-01-10T04:40:00,1,SHELF-A19,20.10,50.03,3085
2024-01-10T05:00:00,1,SHELF-A19,20.17,53.19,3085
2024-01-10T05:20:00,1,SHELF-A19,19.73,49.30,3085
2024-01-10T05:40:00,1,SHELF-A19,19.25,47.64,3085
2024-01-10T06:00:00,1,SHELF-A19,19.64,50.37,3085
2024-01-10T06:20:00,1,SHELF-A19,20.09,43.81,3085
2024-01-10T06:40:00,1,SHELF-A19,18.91,48.85,3085
2024-01-10T07:00:00,1,SHELF-A19,19.04,51.52,3085
2024-01-10T07:20:00,1,SHELF-A19,19.77,48.11,3085
2024-01-10T07:40:00,1,SHELF-A19,20.37,53.02,3085
2024-01-10T08:00:00,1,SHELF-A19,19.68,46.53,3085
2024-01-10T08:20:00,1,SHELF-A19,20.05,56.80,3085
2024-01-10T08:40:00,1,SHELF-A19,20.52,57.93,3085
2024-01-10T09:00:00,1,SHELF-A19,20.54,43.66,3085
2024-01-10T09:20:00,1,SHELF-A19,20.23,51.86,3085
2024-01-10T09:40:00,1,SHELF-A19,19.76,49.94,3085
2024-01-10T10:00:00,1,SHELF-A19,20.56,56.84,3085
2024-01-10T10:20:00,1,SHELF-A19,19.26,49.11,3085
2024-01-10T10:40:00,1,SHELF-A19,20.22,42.52,3085
2024-01-10T11:00:00,1,SHELF-A19,19.76,48.73,3085
2024-01-10T11:20:00,1,SHELF-A19,19.63,49.27,3085
2024-01-10T11:40:00,1,SHELF-A19,19.94,45.13,3085
2024-01-10T12:00:00,1,SHELF-A19,20.25,43.99,3085
2024-01-10T12:20:00,1,SHELF-A19,21.24,56.62,3085
2024-01-10T12:40:00,1,SHELF-A19,20.13,55.13,3085
2024-01-10T13:00:00,1,SHELF-A19,20.84,53.86,3085
2024-01-10T13:20:00,1,SHELF-A19,19.45,47.99,3085
2024-01-10T13:40:00,1,SHELF-A19,19.88,46.54,3085
2024-01-10T14:00:00,1,SHELF-A19,21.32,46.23,3085
2024-01-10T14:20:00,1,SHELF-A19,21.23,54.72,3085
2024-01-10T14:40:00,1,SHELF-A19,20.39,45.86,3085
2024-01-10T15:00:00,1,SHELF-A19,21.48,48.63,3085
2024-01-10T15:20:00,1,SHELF-A19,19.71,44.45,3085
2024-01-10T15:40:00,1,SHELF-A19,20.43,55.07,3085
2024-01-10T16:00:00,1,SHELF-A19,21.45,51.60,3085
2024-01-10T16:20:00,1,SHELF-A19,20.48,57.35,3085
2024-01-10T16:40:00,1,SHELF-A19,21.79,45.87,3085
2024-01-10T17:00:00,1,SHELF-A19,21.88,45.08,3085
2024-01-10T17:20:00,1,SHELF-A19,21.22,55.26,3085
2024-01-10T17:40:00,1,SHELF-A19,21.54,51.25,3085
2024-01-10T18:00:00,1,SHELF-A19,20.32,52.18,3085
2024-01-10T18:20:00,1,SHELF-A19,22.01,44.78,3085
2024-01-10T18:40:00,1,SHELF-A19,21.87,50.28,3085
2024-01-10T19:00:00,1,SHELF-A19,21.06,43.59,3085
2024-01-10T19:20:00,1,SHELF-A19,21.79,50.07,3085
2024-01-10T19:40:00,1,SHELF-A19,21.45,54.55,3085
2024-01-10T20:00:00,1,SHELF-A19,21.99,52.04,3085
2024-01-10T20:20:00,1,SHELF-A19,20.83,50.85,3085
2024-01-10T20:40:00,1,SHELF-A19,22.21,45.26,3085
2024-01-10T21:00:00,1,SHELF-A19,20.62,49.00,3085
2024-01-10T21:20:00,1,SHELF-A19,21.69,51.49,3085
2024-01-10T21:40:00,1,SHELF-A19,20.49,53.32,3085
2024-01-10T22:00:00,1,SHELF-A19,22.40,43.26,3085
2024-01-10T22:20:00,1,SHELF-A19,21.32,53.88,3085
2024-01-10T22:40:00,1,SHELF-A19,20.82,49.26,3085
2024-01-10T23:00:00,1,SHELF-A19,21.95,47.73,3085
2024-01-10T23:20:00,1,SHELF-A19,21.16,56.37,3085
2024-01-10T23:40:00,1,SHELF-A19,21.28,50.57,3085
2024-01-10T00:00:00,1,SHELF-B19,19.26,54.91,3144
2024-01-10T00:20:00,1,SHELF-B19,18.56,46.17,3144
2024-01-10T00:40:00,1,SHELF-B19,17.91,43.33,3144
2024-01-10T01:00:00,1,SHELF-B19,18.22,42.37,3144
2024-01-10T01:20:00,1,SHELF-B19,19.90,55.87,3144
2024-01-10T01:40:00,1,SHELF-B19,18.15,56.84,3144
2024-01-10T02:00:00,1,SHELF-B19,18.30,44.27,3144
2024-01-10T02:20:00,1,SHELF-B19,18.58,44.89,3144
2024-01-10T02:40:00,1,SHELF-B19,18.21,55.51,3144
2024-01-10T03:00:00,1,SHELF-B19,20.01,45.33,3144
2024-01-10T03:20:00,1,SHELF-B19,18.38,54.73,3144
2024-01-10T03:40:00,1,SHELF-B19,19.01,49.78,3144
2024-01-10T04:00:00,1,SHELF-B19,19.56,45.36,3144
2024-01-10T04:20:00,1,SHELF-B19,19.15,56.24,3144
2024-01-10T04:40:00,1,SHELF-B19,19.57,49.21,3144
2024-01-10T05:00:00,1,SHELF-B19,18.75,46.78,3144
2024-01-10T05:20:00,1,SHELF-B19,20.24,52.55,3144
2024-01-10T05:40:00,1,SHELF-B19,19.70,55.68,3144
2024-01-10T06:00:00,1,SHELF-B19,18.79,47.48,3144
2024-01-10T06:20:00,1,SHELF-B19,19.25,57.92,3144
2024-01-10T06:40:00,1,SHELF-B19,19.76,42.08,3144
2024-01-10T07:00:00,1,SHELF-B19,19.73,46.07,3144
2024-01-10T07:20:00,1,SHELF-B19,18.93,51.70,3144
2024-01-10T07:40:00,1,SHELF-B19,19.75,50.29,3144
2024-01-10T08:00:00,1,SHELF-B19,20.33,45.46,3144
2024-01-10T08:20:00,1,SHELF-B19,19.54,56.38,3144
2024-01-10T08:40:00,1,SHELF-B19,18.87,44.22,3144
2024-01-10T09:00:00,1,SHELF-B19,19.10,53.07,3144
2024-01-10T09:20:00,1,SHELF-B19,19.19,46.38,3144
2024-01-10T09:40:00,1,SHELF-B19,19.33,43.47,3144
2024-01-10T10:00:00,1,SHELF-B19,20.47,52.43,3144
2024-01-10T10:20:00,1,SHELF-B19,19.99,54.94,3144
2024-01-10T10:40:00,1,SHELF-B19,19.93,57.14,3144
2024-01-10T11:00:00,1,SHELF-B19,21.03,46.00,3144
2024-01-10T11:20:00,1,SHELF-B19,19.58,55.54,3144
2024-01-10T11:40:00,1,SHELF-B19,20.62,57.39,3144
2024-01-10T12:00:00,1,SHELF-B19,19.51,54.69,3144
2024-01-10T12:20:00,1,SHELF-B19,20.48,44.65,3144
2024-01-10T12:40:00,1,SHELF-B19,19.72,53.55,3144
2024-01-10T13:00:00,1,SHELF-B19,20.30,49.14,3144
2024-01-10T13:20:00,1,SHELF-B19,20.63,46.35,3144
2024-01-10T13:40:00,1,SHELF-B19,20.07,43.72,3144
2024-01-10T14:00:00,1,SHELF-B19,20.32,45.20,3144
2024-01-10T14:20:00,1,SHELF-B19,20.26,56.37,3144
2024-01-10T14:40:00,1,SHELF-B19,21.20,49.19,3144
2024-01-10T15:00:00,1,SHELF-B19,21.46,57.33,3144
2024-01-10T15:20:00,1,SHELF-B19,20.19,48.56,3144
2024-01-10T15:40:00,1,SHELF-B19,20.89,56.04,3144
2024-01-10T16:00:00,1,SHELF-B19,21.71,50.49,3144
2024-01-10T16:20:00,1,SHELF-B19,20.60,43.83,3144
2024-01-10T16:40:00,1,SHELF-B19,21.43,48.87,3144
2024-01-10T17:00:00,1,SHELF-B19,20.30,45.93,3144
2024-01-10T17:20:00,1,SHELF-B19,20.36,47.95,3144
2024-01-10T17:40:00,1,SHELF-B19,20.22,47.03,3144
2024-01-10T18:00:00,1,SHELF-B19,20.08,53.01,3144
2024-01-10T18:20:00,1,SHELF-B19,21.49,45.42,3144
2024-01-10T18:40:00,1,SHELF-B19,21.19,47.14,3144
2024-01-10T19:00:00,1,SHELF-B19,20.65,43.06,3144
2024-01-10T19:20:00,1,SHELF-B19,20.75,45.39,3144
2024-01-10T19:40:00,1,SHELF-B19,20.62,50.98,3144
2024-01-10T20:00:00,1,SHELF-B19,21.74,57.14,3144
2024-01-10T20:20:00,1,SHELF-B19,21.92,52.74,3144
2024-01-10T20:40:00,1,SHELF-B19,21.46,52.34,3144
2024-01-10T21:00:00,1,SHELF-B19,21.80,48.96,3144
2024-01-10T21:20:00,1,SHELF-B19,22.06,45.17,3144
2024-01-10T21:40:00,1,SHELF-B19,20.53,49.90,3144
2024-01-10T22:00:00,1,SHELF-B19,20.65,46.39,3144
2024-01-10T22:20:00,1,SHELF-B19,20.80,49.24,3144
2024-01-10T22:40:00,1,SHELF-B19,21.76,51.46,3144
2024-01-10T23:00:00,1,SHELF-B19,21.16,42.34,3144
2024-01-10T23:20:00,1,SHELF-B19,20.72,54.53,3144
2024-01-10T23:40:00,1,SHELF-B19,21.83,42.07,3144
2024-01-10T00:00:00,1,SHELF-E06,18.38,55.47,3200
2024-01-10T00:20:00,1,SHELF-E06,18.61,56.33,3200
2024-01-10T00:40:00,1,SHELF-E06,19.64,42.63,3200
2024-01-10T01:00:00,1,SHELF-E06,19.22,43.11,3200
2024-01-10T01:20:00,1,SHELF-E06,18.12,54.84,3200
2024-01-10T01:40:00,1,SHELF-E06,19.38,46.39,3200
2024-01-10T02:00:00,1,SHELF-E06,19.57,48.41,3200
2024-01-10T02:20:00,1,SHELF-E06,19.17,47.01,3200
2024-01-10T02:40:00,1,SHELF-E06,19.28,48.29,3200
2024-01-10T03:00:00,1,SHELF-E06,19.58,49.27,3200
2024-01-10T03:20:00,1,SHELF-E06,19.88,57.47,3200
2024-01-10T03:40:00,1,SHELF-E06,18.43,47.98,3200
2024-01-10T04:00:00,1,SHELF-E06,19.54,42.47,3200
2024-01-10T04:20:00,1,SHELF-E06,18.40,42.17,3200
2024-01-10T04:40:00,1,SHELF-E06,18.52,47.17,3200
2024-01-10T05:00:00,1,SHELF-E06,19.81,48.97,3200
2024-01-10T05:20:00,1,SHELF-E06,18.77,45.06,3200
2024-01-10T05:40:00,1,SHELF-E06,20.24,47.90,3200
2024-01-10T06:00:00,1,SHELF-E06,20.36,57.83,3200
2024-01-10T06:20:00,1,SHELF-E06,20.43,55.89,3200
2024-01-10T06:40:00,1,SHELF-E06,19.08,54.56,3200
2024-01-10T07:00:00,1,SHELF-E06,18.90,57.15,3200
2024-01-10T07:20:00,1,SHELF-E06,18.83,47.27,3200
2024-01-10T07:40:00,1,SHELF-E06,19.91,55.00,3200
2024-01-10T08:00:00,1,SHELF-E06,19.35,44.73,3200
2024-01-10T08:20:00,1,SHELF-E06,19.08,49.37,3200
2024-01-10T08:40:00,1,SHELF-E06,19.06,55.79,3200
2024-01-10T09:00:00,1,SHELF-E06,20.44,56.20,3200
2024-01-10T09:20:00,1,SHELF-E06,20.86,48.61,3200
2024-01-10T09:40:00,1,SHELF-E06,19.83,43.96,3200
2024-01-10T10:00:00,1,SHELF-E06,20.11,51.25,3200
2024-01-10T10:20:00,1,SHELF-E06,20.38,57.62,3200
2024-01-10T10:40:00,1,SHELF-E06,19.70,53.69,3200
2024-01-10T11:00:00,1,SHELF-E06,19.63,46.22,3200
2024-01-10T11:20:00,1,SHELF-E06,19.78,43.32,3200
2024-01-10T11:40:00,1,SHELF-E06,20.30,55.97,3200
2024-01-10T12:00:00,1,SHELF-E06,20.63,53.76,3200
2024-01-10T12:20:00,1,SHELF-E06,19.72,43.25,3200
2024-01-10T12:40:00,1,SHELF-E06,21.25,42.96,3200
2024-01-10T13:00:00,1,SHELF-E06,19.46,45.46,3200
2024-01-10T13:20:00,1,SHELF-E06,21.07,45.01,3200
2024-01-10T13:40:00,1,SHELF-E06,19.64,45.34,3200
2024-01-10T14:00:00,1,SHELF-E06,20.74,50.44,3200
2024-01-10T14:20:00,1,SHELF-E06,21.27,54.17,3200
2024-01-10T14:40:00,1,SHELF-E06,20.18,49.26,3200
2024-01-10T15:00:00,1,SHELF-E06,19.99,50.07,3200
2024-01-10T15:20:00,1,SHELF-E06,21.51,45.50,3200
2024-01-10T15:40:00,1,SHELF-E06,20.41,57.60,3200
2024-01-10T16:00:00,1,SHELF-E06,21.54,50.22,3200
2024-01-10T16:20:00,1,SHELF-E06,21.37,45.01,3200
2024-01-10T16:40:00,1,SHELF-E06,20.36,44.63,3200
2024-01-10T17:00:00,1,SHELF-E06,20.55,55.92,3200
2024-01-10T17:20:00,1,SHELF-E06,21.23,44.36,3200
2024-01-10T17:40:00,1,SHELF-E06,21.69,53.92,3200
2024-01-10T18:00:00,1,SHELF-E06,20.54,56.31,3200
2024-01-10T18:20:00,1,SHELF-E06,20.43,42.46,3200
2024-01-10T18:40:00,1,SHELF-E06,21.38,49.24,3200
2024-01-10T19:00:00,1,SHELF-E06,20.71,56.83,3200
2024-01-10T19:20:00,1,SHELF-E06,20.35,48.90,3200
2024-01-10T19:40:00,1,SHELF-E06,20.48,50.04,3200
2024-01-10T20:00:00,1,SHELF-E06,21.32,42.85,3200
2024-01-10T20:20:00,1,SHELF-E06,20.85,43.57,3200
2024-01-10T20:40:00,1,SHELF-E06,21.60,53.71,3200
2024-01-10T21:00:00,1,SHELF-E06,21.28,46.70,3200
2024-01-10T21:20:00,1,SHELF-E06,21.24,51.50,3200
2024-01-10T21:40:00,1,SHELF-E06,21.49,49.90,3200
2024-01-10T22:00:00,1,SHELF-E06,21.42,52.90,3200
2024-01-10T22:20:00,1,SHELF-E06,21.85,57.34,3200
2024-01-10T22:40:00,1,SHELF-E06,21.00,42.85,3200
2024-01-10T23:00:00,1,SHELF-E06,20.75,46.26,3200
2024-01-10T23:20:00,1,SHELF-E06,20.81,43.62,3200
2024-01-10T23:40:00,1,SHELF-E06,21.14,51.92,3200
2024-01-10T00:00:00,1,SHELF-F18,18.62,48.29,3265
2024-01-10T00:20:00,1,SHELF-F18,18.25,55.19,3265
2024-01-10T00:40:00,1,SHELF-F18,19.19,49.92,3265
2024-01-10T01:00:00,1,SHELF-F18,18.27,45.26,3265
2024-01-10T01:20:00,1,SHELF-F18,19.21,53.29,3265
2024-01-10T01:40:00,1,SHELF-F18,18.51,42.05,3265
2024-01-10T02:00:00,1,SHELF-F18,18.43,56.52,3265
2024-01-10T02:20:00,1,SHELF-F18,19.30,53.83,3265
2024-01-10T02:40:00,1,SHELF-F18,19.76,53.01,3265
2024-01-10T03:00:00,1,SHELF-F18,18.52,52.90,3265
2024-01-10T03:20:00,1,SHELF-F18,18.52,47.31,3265
2024-01-10T03:40:00,1,SHELF-F18,19.09,57.40,3265
2024-01-10T04:00:00,1,SHELF-F18,19.64,48.85,3265
2024-01-10T04:20:00,1,SHELF-F18,18.35,57.59,3265
2024-01-10T04:40:00,1,SHELF-F18,20.07,44.73,3265
2024-01-10T05:00:00,1,SHELF-F18,19.95,42.16,3265
2024-01-10T05:20:00,1,SHELF-F18,19.14,49.58,3265
2024-01-10T05:40:00,1,SHELF-F18,18.43,55.97,3265
2024-01-10T06:00:00,1,SHELF-F18,19.50,42.72,3265
2024-01-10T06:20:00,1,SHELF-F18,18.59,52.88,3265
2024-01-10T06:40:00,1,SHELF-F18,19.14,45.65,3265
2024-01-10T07:00:00,1,SHELF-F18,19.69,54.08,3265
2024-01-10T07:20:00,1,SHELF-F18,20.23,43.60,3265
2024-01-10T07:40:00,1,SHELF-F18,20.29,47.37,3265
2024-01-10T08:00:00,1,SHELF-F18,19.79,47.61,3265
2024-01-10T08:20:00,1,SHELF-F18,19.90,52.61,3265
2024-01-10T08:40:00,1,SHELF-F18,19.31,49.34,3265
2024-01-10T09:00:00,1,SHELF-F18,20.59,46.82,3265
2024-01-10T09:20:00,1,SHELF-F18,19.60,50.29,3265
2024-01-10T09:40:00,1,SHELF-F18,20.26,55.84,3265
2024-01-10T10:00:00,1,SHELF-F18,20.75,49.75,3265
2024-01-10T10:20:00,1,SHELF-F18,19.60,50.31,3265
2024-01-10T10:40:00,1,SHELF-F18,20.34,44.37,3265
2024-01-10T11:00:00,1,SHELF-F18,20.00,45.52,3265
2024-01-10T11:20:00,1,SHELF-F18,21.17,47.72,3265
2024-01-10T11:40:00,1,SHELF-F18,19.24,51.24,3265
2024-01-10T12:00:00,1,SHELF-F18,20.70,48.89,3265
2024-01-10T12:20:00,1,SHELF-F18,19.72,43.43,3265
2024-01-10T12:40:00,1,SHELF-F18,21.15,48.04,3265
2024-01-10T13:00:00,1,SHELF-F18,19.65,46.38,3265
2024-01-10T13:20:00,1,SHELF-F18,20.69,50.72,3265
2024-01-10T13:40:00,1,SHELF-F18,21.26,57.80,3265
2024-01-10T14:00:00,1,SHELF-F18,21.31,44.80,3265
2024-01-10T14:20:00,1,SHELF-F18,21.38,47.58,3265
2024-01-10T14:40:00,1,SHELF-F18,20.22,51.43,3265
2024-01-10T15:00:00,1,SHELF-F18,21.57,46.42,3265
2024-01-10T15:20:00,1,SHELF-F18,20.06,51.27,3265
2024-01-10T15:40:00,1,SHELF-F18,21.09,55.35,3265
2024-01-10T16:00:00,1,SHELF-F18,20.05,54.73,3265
2024-01-10T16:20:00,1,SHELF-F18,20.94,54.68,3265
2024-01-10T16:40:00,1,SHELF-F18,20.50,43.76,3265
2024-01-10T17:00:00,1,SHELF-F18,19.95,56.84,3265
2024-01-10T17:20:00,1,SHELF-F18,20.23,52.89,3265
2024-01-10T17:40:00,1,SHELF-F18,20.98,46.64,3265
2024-01-10T18:00:00,1,SHELF-F18,21.17,44.60,3265
2024-01-10T18:20:00,1,SHELF-F18,21.03,43.03,3265
2024-01-10T18:40:00,1,SHELF-F18,20.65,49.26,3265
2024-01-10T19:00:00,1,SHELF-F18,20.62,55.21,3265
2024-01-10T19:20:00,1,SHELF-F18,20.43,49.81,3265
2024-01-10T19:40:00,1,SHELF-F18,20.19,47.64,3265
2024-01-10T20:00:00,1,SHELF-F18,21.98,42.80,3265
2024-01-10T20:20:00,1,SHELF-F18,20.58,56.06,3265
2024-01-10T20:40:00,1,SHELF-F18,21.88,50.03,3265
2024-01-10T21:00:00,1,SHELF-F18,22.35,50.97,3265
2024-01-10T21:20:00,1,SHELF-F18,22.34,53.41,3265
2024-01-10T21:40:00,1,SHELF-F18,20.72,53.73,3265
2024-01-10T22:00:00,1,SHELF-F18,21.42,56.69,3265
2024-01-10T22:20:00,1,SHELF-F18,21.14,42.51,3265
2024-01-10T22:40:00,1,SHELF-F18,22.42,45.98,3265
2024-01-10T23:00:00,1,SHELF-F18,22.04,48.18,3265
2024-01-10T23:20:00,1,SHELF-F18,21.48,56.47,3265
2024-01-10T23:40:00,1,SHELF-F18,22.47,56.72,3265
2024-01-11T00:00:00,1,SHELF-D12,18.43,51.02,3232
2024-01-11T00:20:00,1,SHELF-D12,19.17,47.16,3232
2024-01-11T00:40:00,1,SHELF-D12,18.96,52.93,3232
2024-01-11T01:00:00,1,SHELF-D12,18.33,44.17,3232
2024-01-11T01:20:00,1,SHELF-D12,19.04,46.82,3232
2024-01-11T01:40:00,1,SHELF-D12,18.10,51.07,3232
2024-01-11T02:00:00,1,SHELF-D12,19.31,50.73,3232
2024-01-11T02:20:00,1,SHELF-D12,18.81,56.01,3232
2024-01-11T02:40:00,1,SHELF-D12,18.93,44.22,3232
2024-01-11T03:00:00,1,SHELF-D12,19.07,47.01,3232
2024-01-11T03:20:00,1,SHELF-D12,20.05,53.40,3232
2024-01-11T03:40:00,1,SHELF-D12,19.12,48.84,3232
2024-01-11T04:00:00,1,SHELF-D12,19.15,48.56,3232
2024-01-11T04:20:00,1,SHELF-D12,18.36,50.94,3232
2024-01-11T04:40:00,1,SHELF-D12,20.22,48.73,3232
2024-01-11T05:00:00,1,SHELF-D12,19.94,51.84,3232
2024-01-11T05:20:00,1,SHELF-D12,19.04,45.88,3232
2024-01-11T05:40:00,1,SHELF-D12,19.46,44.04,3232
2024-01-11T06:00:00,1,SHELF-D12,19.64,51.05,3232
2024-01-11T06:20:00,1,SHELF-D12,19.14,54.09,3232
2024-01-11T06:40:00,1,SHELF-D12,19.34,48.45,3232
2024-01-11T07:00:00,1,SHELF-D12,18.69,54.92,3232
2024-01-11T07:20:00,1,SHELF-D12,20.43,49.36,3232
2024-01-11T07:40:00,1,SHELF-D12,18.79,42.88,3232
2024-01-11T08:00:00,1,SHELF-D12,20.47,52.40,3232
2024-01-11T08:20:00,1,SHELF-D12,19.47,43.56,3232
2024-01-11T08:40:00,1,SHELF-D12,19.39,49.70,3232
2024-01-11T09:00:00,1,SHELF-D12,19.60,42.97,3232
2024-01-11T09:20:00,1,SHELF-D12,20.41,52.79,3232
2024-01-11T09:40:00,1,SHELF-D12,20.41,42.85,3232
2024-01-11T10:00:00,1,SHELF-D12,19.47,44.31,3232
2024-01-11T10:20:00,1,SHELF-D12,20.54,49.92,3232
2024-01-11T10:40:00,1,SHELF-D12,19.50,52.81,3232
2024-01-11T11:00:00,1,SHELF-D12,20.89,46.81,3232
2024-01-11T11:20:00,1,SHELF-D12,19.80,57.83,3232
2024-01-11T11:40:00,1,SHELF-D12,19.20,49.76,3232
2024-01-11T12:00:00,1,SHELF-D12,20.68,43.84,3232
2024-01-11T12:20:00,1,SHELF-D12,19.31,51.66,3232
2024-01-11T12:40:00,1,SHELF-D12,19.55,43.55,3232
2024-01-11T13:00:00,1,SHELF-D12,19.84,49.58,3232
2024-01-11T13:20:00,1,SHELF-D12,21.10,49.10,3232
2024-01-11T13:40:00,1,SHELF-D12,19.54,43.95,3232
2024-01-11T14:00:00,1,SHELF-D12,20.37,57.72,3232
2024-01-11T14:20:00,1,SHELF-D12,21.20,55.47,3232
2024-01-11T14:40:00,1,SHELF-D12,20.65,55.15,3232
2024-01-11T15:00:00,1,SHELF-D12,21.05,55.75,3232
2024-01-11T15:20:00,1,SHELF-D12,20.92,48.92,3232
2024-01-11T15:40:00,1,SHELF-D12,20.96,44.96,3232
2024-01-11T16:00:00,1,SHELF-D12,21.44,52.52,3232
2024-01-11T16:20:00,1,SHELF-D12,20.15,53.87,3232
2024-01-11T16:40:00,1,SHELF-D12,20.90,49.62,3232
2024-01-11T17:00:00,1,SHELF-D12,20.51,52.68,3232
2024-01-11T17:20:00,1,SHELF-D12,21.85,49.89,3232
2024-01-11T17:40:00,1,SHELF-D12,21.27,48.26,3232
2024-01-11T18:00:00,1,SHELF-D12,21.45,43.72,3232
2024-01-11T18:20:00,1,SHELF-D12,20.89,48.80,3232
2024-01-11T18:40:00,1,SHELF-D12,20.11,49.31,3232
2024-01-11T19:00:00,1,SHELF-D12,21.31,42.18,3232
2024-01-11T19:20:00,1,SHELF-D12,20.79,52.32,3232
2024-01-11T19:40:00,1,SHELF-D12,21.97,51.92,3232
2024-01-11T20:00:00,1,SHELF-D12,20.39,56.51,3232
2024-01-11T20:20:00,1,SHELF-D12,22.23,49.49,3232
2024-01-11T20:40:00,1,SHELF-D12,21.75,46.43,3232
2024-01-11T21:00:00,1,SHELF-D12,22.40,47.72,3232
2024-01-11T21:20:00,1,SHELF-D12,22.14,50.05,3232
2024-01-11T21:40:00,1,SHELF-D12,21.13,53.30,3232
2024-01-11T22:00:00,1,SHELF-D12,21.34,43.00,3232
2024-01-11T22:20:00,1,SHELF-D12,21.87,47.63,3232
2024-01-11T22:40:00,1,SHELF-D12,22.00,47.43,3232
2024-01-11T23:00:00,1,SHELF-D12,22.11,54.59,3232
2024-01-11T23:20:00,1,SHELF-D12,21.24,54.20,3232
2024-01-11T23:40:00,1,SHELF-D12,21.29,48.30,3232
2024-01-11T00:00:00,1,SHELF-A19,18.78,57.40,3245
2024-01-11T00:20:00,1,SHELF-A19,19.02,44.89,3245
2024-01-11T00:40:00,1,SHELF-A19,19.22,50.11,3245
2024-01-11T01:00:00,1,SHELF-A19,19.25,46.15,3245
2024-01-11T01:20:00,1,SHELF-A19,19.33,51.42,3245
2024-01-11T01:40:00,1,SHELF-A19,19.09,51.35,3245
2024-01-11T02:00:00,1,SHELF-A19,19.72,43.08,3245
2024-01-11T02:20:00,1,SHELF-A19,18.12,53.73,3245
2024-01-11T02:40:00,1,SHELF-A19,18.52,52.64,3245
2024-01-11T03:00:00,1,SHELF-A19,19.18,52.87,3245
2024-01-11T03:20:00,1,SHELF-A19,18.83,45.70,3245
2024-01-11T03:40:00,1,SHELF-A19,19.73,56.68,3245
2024-01-11T04:00:00,1,SHELF-A19,19.90,43.69,3245
2024-01-11T04:20:00,1,SHELF-A19,20.07,53.65,3245
2024-01-11T04:40:00,1,SHELF-A19,19.08,57.57,3245
2024-01-11T05:00:00,1,SHELF-A19,20.28,42.99,3245
2024-01-11T05:20:00,1,SHELF-A19,18.93,42.60,3245
2024-01-11T05:40:00,1,SHELF-A19,19.93,49.06,3245
2024-01-11T06:00:00,1,SHELF-A19,19.31,52.10,3245
2024-01-11T06:20:00,1,SHELF-A19,18.62,44.79,3245
2024-01-11T06:40:00,1,SHELF-A19,18.77,49.19,3245
2024-01-11T07:00:00,1,SHELF-A19,18.95,52.20,3245
2024-01-11T07:20:00,1,SHELF-A19,19.80,45.13,3245
2024-01-11T07:40:00,1,SHELF-A19,19.66,52.86,3245
2024-01-11T08:00:00,1,SHELF-A19,19.26,53.87,3245
2024-01-11T08:20:00,1,SHELF-A19,19.68,50.46,3245
2024-01-11T08:40:00,1,SHELF-A19,20.39,43.38,3245
2024-01-11T09:00:00,1,SHELF-A19,18.98,57.36,3245
2024-01-11T09:20:00,1,SHELF-A19,19.13,42.53,3245
2024-01-11T09:40:00,1,SHELF-A19,19.21,42.08,3245
2024-01-11T10:00:00,1,SHELF-A19,20.61,51.09,3245
2024-01-11T10:20:00,1,SHELF-A19,20.79,47.45,3245
2024-01-11T10:40:00,1,SHELF-A19,20.42,57.32,3245
2024-01-11T11:00:00,1,SHELF-A19,20.64,50.45,3245
2024-01-11T11:20:00,1,SHELF-A19,19.56,45.32,3245
2024-01-11T11:40:00,1,SHELF-A19,20.84,50.01,3245
2024-01-11T12:00:00,1,SHELF-A19,20.02,56.40,3245
2024-01-11T12:20:00,1,SHELF-A19,21.01,54.83,3245
2024-01-11T12:40:00,1,SHELF-A19,20.19,52.01,3245
2024-01-11T13:00:00,1,SHELF-A19,21.18,51.11,3245
2024-01-11T13:20:00,1,SHELF-A19,19.69,50.28,3245
2024-01-11T13:40:00,1,SHELF-A19,19.63,49.98,3245
2024-01-11T14:00:00,1,SHELF-A19,19.66,50.65,3245
2024-01-11T14:20:00,1,SHELF-A19,19.60,55.14,3245
2024-01-11T14:40:00,1,SHELF-A19,20.14,55.25,3245
2024-01-11T15:00:00,1,SHELF-A19,20.46,47.73,3245
2024-01-11T15:20:00,1,SHELF-A19,21.43,44.53,3245
2024-01-11T15:40:00,1,SHELF-A19,20.26,50.55,3245
2024-01-11T16:00:00,1,SHELF-A19,20.29,50.28,3245
2024-01-11T16:20:00,1,SHELF-A19,21.03,47.00,3245
2024-01-11T16:40:00,1,SHELF-A19,21.04,50.74,3245
2024-01-11T17:00:00,1,SHELF-A19,21.72,51.32,3245
2024-01-11T17:20:00,1,SHELF-A19,21.81,57.76,3245
2024-01-11T17:40:00,1,SHELF-A19,21.24,42.52,3245
2024-01-11T18:00:00,1,SHELF-A19,20.90,45.21,3245
2024-01-11T18:20:00,1,SHELF-A19,21.83,42.95,3245
2024-01-11T18:40:00,1,SHELF-A19,20.47,55.07,3245
2024-01-11T19:00:00,1,SHELF-A19,20.84,54.12,3245
2024-01-11T19:20:00,1,SHELF-A19,22.01,43.00,3245
2024-01-11T19:40:00,1,SHELF-A19,21.17,54.89,3245
2024-01-11T20:00:00,1,SHELF-A19,21.44,51.76,3245
2024-01-11T20:20:00,1,SHELF-A19,21.98,54.92,3245
2024-01-11T20:40:00,1,SHELF-A19,21.00,43.13,3245
2024-01-11T21:00:00,1,SHELF-A19,21.27,53.83,3245
2024-01-11T21:20:00,1,SHELF-A19,22.29,56.20,3245
2024-01-11T21:40:00,1,SHELF-A19,21.39,44.07,3245
2024-01-11T22:00:00,1,SHELF-A19,22.00,43.66,3245
2024-01-11T22:20:00,1,SHELF-A19,21.55,45.60,3245
2024-01-11T22:40:00,1,SHELF-A19,21.26,49.64,3245
2024-01-11T23:00:00,1,SHELF-A19,22.25,56.02,3245
2024-01-11T23:20:00,1,SHELF-A19,21.14,56.90,3245
2024-01-11T23:40:00,1,SHELF-A19,20.74,54.51,3245
2024-01-11T00:00:00,1,SHELF-B19,18.88,55.76,3130
2024-01-11T00:20:00,1,SHELF-B19,19.17,53.81,3130
2024-01-11T00:40:00,1,SHELF-B19,18.91,42.83,3130
2024-01-11T01:00:00,1,SHELF-B19,19.46,53.13,3130
2024-01-11T01:20:00,1,SHELF-B19,18.79,48.83,3130
2024-01-11T01:40:00,1,SHELF-B19,18.21,49.01,3130
2024-01-11T02:00:00,1,SHELF-B19,19.85,57.72,3130
2024-01-11T02:20:00,1,SHELF-B19,18.79,45.10,3130
2024-01-11T02:40:00,1,SHELF-B19,18.93,42.93,3130
2024-01-11T03:00:00,1,SHELF-B19,18.65,51.42,3130
2024-01-11T03:20:00,1,SHELF-B19,18.64,53.96,3130
2024-01-11T03:40:00,1,SHELF-B19,19.96,54.69,3130
2024-01-11T04:00:00,1,SHELF-B19,19.44,57.86,3130
2024-01-11T04:20:00,1,SHELF-B19,18.34,53.52,3130
2024-01-11T04:40:00,1,SHELF-B19,19.93,43.23,3130
2024-01-11T05:00:00,1,SHELF-B19,18.69,44.89,3130
2024-01-11T05:20:00,1,SHELF-B19,18.52,47.59,3130
2024-01-11T05:40:00,1,SHELF-B19,19.74,45.91,3130
2024-01-11T06:00:00,1,SHELF-B19,19.14,51.70,3130
2024-01-11T06:20:00,1,SHELF-B19,19.52,43.96,3130
2024-01-11T06:40:00,1,SHELF-B19,18.71,46.00,3130
2024-01-11T07:00:00,1,SHELF-B19,19.77,49.92,3130
2024-01-11T07:20:00,1,SHELF-B19,20.15,47.71,3130
2024-01-11T07:40:00,1,SHELF-B19,20.51,45.52,3130
2024-01-11T08:00:00,1,SHELF-B19,20.23,57.06,3130
2024-01-11T08:20:00,1,SHELF-B19,20.37,46.68,3130
2024-01-11T08:40:00,1,SHELF-B19,20.11,50.43,3130
2024-01-11T09:00:00,1,SHELF-B19,19.47,53.16,3130
2024-01-11T09:20:00,1,SHELF-B19,19.94,42.86,3130
2024-01-11T09:40:00,1,SHELF-B19,20.73,53.29,3130
2024-01-11T10:00:00,1,SHELF-B19,20.30,46.48,3130
2024-01-11T10:20:00,1,SHELF-B19,19.46,44.19,3130
2024-01-11T10:40:00,1,SHELF-B19,21.01,45.69,3130
2024-01-11T11:00:00,1,SHELF-B19,20.67,45.37,3130
2024-01-11T11:20:00,1,SHELF-B19,19.93,55.06,3130
2024-01-11T11:40:00,1,SHELF-B19,19.47,57.65,3130
2024-01-11T12:00:00,1,SHELF-B19,20.70,52.40,3130
2024-01-11T12:20:00,1,SHELF-B19,20.22,43.83,3130
2024-01-11T12:40:00,1,SHELF-B19,20.31,42.54,3130
2024-01-11T13:00:00,1,SHELF-B19,19.99,48.15,3130
2024-01-11T13:20:00,1,SHELF-B19,21.09,43.35,3130
2024-01-11T13:40:00,1,SHELF-B19,19.99,51.76,3130
2024-01-11T14:00:00,1,SHELF-B19,20.55,55.80,3130
2024-01-11T14:20:00,1,SHELF-B19,20.33,42.71,3130
2024-01-11T14:40:00,1,SHELF-B19,19.97,44.95,3130
2024-01-11T15:00:00,1,SHELF-B19,20.54,42.84,3130
2024-01-11T15:20:00,1,SHELF-B19,20.29,50.66,3130
2024-01-11T15:40:00,1,SHELF-B19,20.38,42.42,3130
2024-01-11T16:00:00,1,SHELF-B19,21.03,56.29,3130
2024-01-11T16:20:00,1,SHELF-B19,21.65,56.52,3130
2024-01-11T16:40:00,1,SHELF-B19,21.43,51.46,3130
2024-01-11T17:00:00,1,SHELF-B19,21.45,47.46,3130
2024-01-11T17:20:00,1,SHELF-B19,21.59,48.95,3130
2024-01-11T17:40:00,1,SHELF-B19,20.79,53.67,3130
2024-01-11T18:00:00,1,SHELF-B19,21.53,42.91,3130
2024-01-11T18:20:00,1,SHELF-B19,20.28,48.21,3130
2024-01-11T18:40:00,1,SHELF-B19,21.50,52.85,3130
2024-01-11T19:00:00,1,SHELF-B19,21.90,57.01,3130
2024-01-11T19:20:00,1,SHELF-B19,21.11,51.16,3130
2024-01-11T19:40:00,1,SHELF-B19,21.32,50.30,3130
2024-01-11T20:00:00,1,SHELF-B19,20.63,48.10,3130
2024-01-11T20:20:00,1,SHELF-B19,21.80,56.79,3130
2024-01-11T20:40:00,1,SHELF-B19,20.57,42.24,3130
2024-01-11T21:00:00,1,SHELF-B19,22.03,57.22,3130
2024-01-11T21:20:00,1,SHELF-B19,20.60,46.00,3130
2024-01-11T21:40:00,1,SHELF-B19,21.52,47.40,3130
2024-01-11T22:00:00,1,SHELF-B19,21.35,51.85,3130
2024-01-11T22:20:00,1,SHELF-B19,21.28,52.55,3130
2024-01-11T22:40:00,1,SHELF-B19,22.12,54.96,3130
2024-01-11T23:00:00,1,SHELF-B19,21.90,43.99,3130
2024-01-11T23:20:00,1,SHELF-B19,21.82,47.14,3130
2024-01-11T23:40:00,1,SHELF-B19,21.21,44.86,3130
2024-01-11T00:00:00,1,SHELF-E06,17.84,42.14,3198
2024-01-11T00:20:00,1,SHELF-E06,17.88,47.74,3198
2024-01-11T00:40:00,1,SHELF-E06,19.08,50.91,3198
2024-01-11T01:00:00,1,SHELF-E06,18.75,51.27,3198
2024-01-11T01:20:00,1,SHELF-E06,18.09,56.35,3198
2024-01-11T01:40:00,1,SHELF-E06,19.04,57.25,3198
2024-01-11T02:00:00,1,SHELF-E06,18.94,46.13,3198
2024-01-11T02:20:00,1,SHELF-E06,19.63,46.15,3198
2024-01-11T02:40:00,1,SHELF-E06,19.05,45.64,3198
2024-01-11T03:00:00,1,SHELF-E06,18.53,55.94,3198
2024-01-11T03:20:00,1,SHELF-E06,19.49,45.72,3198
2024-01-11T03:40:00,1,SHELF-E06,19.49,44.95,3198
2024-01-11T04:00:00,1,SHELF-E06,19.32,49.04,3198
2024-01-11T04:20:00,1,SHELF-E06,18.94,50.85,3198
2024-01-11T04:40:00,1,SHELF-E06,18.76,57.23,3198
2024-01-11T05:00:00,1,SHELF-E06,20.42,57.60,3198
2024-01-11T05:20:00,1,SHELF-E06,18.46,55.52,3198
2024-01-11T05:40:00,1,SHELF-E06,20.13,50.65,3198
2024-01-11T06:00:00,1,SHELF-E06,18.65,45.76,3198
2024-01-11T06:20:00,1,SHELF-E06,18.78,50.11,3198
2024-01-11T06:40:00,1,SHELF-E06,18.78,43.24,3198
2024-01-11T07:00:00,1,SHELF-E06,19.09,51.13,3198
2024-01-11T07:20:00,1,SHELF-E06,20.34,52.90,3198
2024-01-11T07:40:00,1,SHELF-E06,18.83,48.82,3198
2024-01-11T08:00:00,1,SHELF-E06,19.37,42.40,3198
2024-01-11T08:20:00,1,SHELF-E06,20.02,47.76,3198
2024-01-11T08:40:00,1,SHELF-E06,20.76,56.36,3198
2024-01-11T09:00:00,1,SHELF-E06,19.68,57.08,3198
2024-01-11T09:20:00,1,SHELF-E06,19.52,42.50,3198
2024-01-11T09:40:00,1,SHELF-E06,19.67,46.65,3198
2024-01-11T10:00:00,1,SHELF-E06,19.36,51.46,3198
2024-01-11T10:20:00,1,SHELF-E06,19.27,45.38,3198
2024-01-11T10:40:00,1,SHELF-E06,19.68,53.45,3198
2024-01-11T11:00:00,1,SHELF-E06,20.67,54.54,3198
2024-01-11T11:20:00,1,SHELF-E06,20.61,57.04,3198
2024-01-11T11:40:00,1,SHELF-E06,19.94,51.32,3198
2024-01-11T12:00:00,1,SHELF-E06,20.62,44.40,3198
2024-01-11T12:20:00,1,SHELF-E06,20.83,52.39,3198
2024-01-11T12:40:00,1,SHELF-E06,21.22,57.34,3198
2024-01-11T13:00:00,1,SHELF-E06,21.42,51.05,3198
2024-01-11T13:20:00,1,SHELF-E06,21.43,52.09,3198
2024-01-11T13:40:00,1,SHELF-E06,20.90,50.62,3198
2024-01-11T14:00:00,1,SHELF-E06,19.80,56.06,3198
2024-01-11T14:20:00,1,SHELF-E06,21.15,51.71,3198
2024-01-11T14:40:00,1,SHELF-E06,20.88,50.33,3198
2024-01-11T15:00:00,1,SHELF-E06,20.32,45.12,3198
2024-01-11T15:20:00,1,SHELF-E06,20.83,56.58,3198
2024-01-11T15:40:00,1,SHELF-E06,20.34,54.78,3198
2024-01-11T16:00:00,1,SHELF-E06,21.76,45.69,3198
2024-01-11T16:20:00,1,SHELF-E06,20.44,57.56,3198
2024-01-11T16:40:00,1,SHELF-E06,21.19,49.12,3198
2024-01-11T17:00:00,1,SHELF-E06,21.85,48.56,3198
2024-01-11T17:20:00,1,SHELF-E06,20.09,50.97,3198
2024-01-11T17:40:00,1,SHELF-E06,20.09,47.80,3198
2024-01-11T18:00:00,1,SHELF-E06,21.03,45.69,3198
2024-01-11T18:20:00,1,SHELF-E06,21.63,45.68,3198
2024-01-11T18:40:00,1,SHELF-E06,21.71,57.79,3198
2024-01-11T19:00:00,1,SHELF-E06,22.03,45.92,3198
2024-01-11T19:20:00,1,SHELF-E06,22.00,52.79,3198
2024-01-11T19:40:00,1,SHELF-E06,21.51,51.69,3198
2024-01-11T20:00:00,1,SHELF-E06,21.90,47.47,3198
2024-01-11T20:20:00,1,SHELF-E06,20.54,48.54,3198
2024-01-11T20:40:00,1,SHELF-E06,21.32,44.37,3198
2024-01-11T21:00:00,1,SHELF-E06,21.42,56.10,3198
2024-01-11T21:20:00,1,SHELF-E06,20.83,44.88,3198
2024-01-11T21:40:00,1,SHELF-E06,21.34,44.67,3198
2024-01-11T22:00:00,1,SHELF-E06,21.39,54.25,3198
2024-01-11T22:20:00,1,SHELF-E06,21.98,49.52,3198
2024-01-11T22:40:00,1,SHELF-E06,20.76,55.91,3198
2024-01-11T23:00:00,1,SHELF-E06,22.35,42.38,3198
2024-01-11T23:20:00,1,SHELF-E06,21.02,43.17,3198
2024-01-11T23:40:00,1,SHELF-E06,21.71,50.47,3198
2024-01-11T00:00:00,1,SHELF-F18,19.62,47.67,3179
2024-01-11T00:20:00,1,SHELF-F18,18.61,50.91,3179
2024-01-11T00:40:00,1,SHELF-F18,19.23,43.90,3179
2024-01-11T01:00:00,1,SHELF-F18,19.73,56.37,3179
2024-01-11T01:20:00,1,SHELF-F18,19.12,51.87,3179
2024-01-11T01:40:00,1,SHELF-F18,19.92,42.72,3179
2024-01-11T02:00:00,1,SHELF-F18,19.54,47.68,3179
2024-01-11T02:20:00,1,SHELF-F18,18.96,48.54,3179
2024-01-11T02:40:00,1,SHELF-F18,18.96,55.36,3179
2024-01-11T03:00:00,1,SHELF-F18,18.76,49.63,3179
2024-01-11T03:20:00,1,SHELF-F18,18.45,44.94,3179
2024-01-11T03:40:00,1,SHELF-F18,19.71,56.66,3179
2024-01-11T04:00:00,1,SHELF-F18,20.18,43.34,3179
2024-01-11T04:20:00,1,SHELF-F18,20.10,51.50,3179
2024-01-11T04:40:00,1,SHELF-F18,19.05,52.39,3179
2024-01-11T05:00:00,1,SHELF-F18,19.19,49.02,3179
2024-01-11T05:20:00,1,SHELF-F18,19.45,51.41,3179
2024-01-11T05:40:00,1,SHELF-F18,20.32,43.55,3179
2024-01-11T06:00:00,1,SHELF-F18,19.15,47.46,3179
2024-01-11T06:20:00,1,SHELF-F18,19.69,56.36,3179
2024-01-11T06:40:00,1,SHELF-F18,19.72,55.51,3179
2024-01-11T07:00:00,1,SHELF-F18,19.54,47.16,3179
2024-01-11T07:20:00,1,SHELF-F18,19.32,44.85,3179
2024-01-11T07:40:00,1,SHELF-F18,18.97,55.02,3179
2024-01-11T08:00:00,1,SHELF-F18,20.28,57.83,3179
2024-01-11T08:20:00,1,SHELF-F18,19.23,50.31,3179
2024-01-11T08:40:00,1,SHELF-F18,19.96,51.85,3179
2024-01-11T09:00:00,1,SHELF-F18,19.13,46.56,3179
2024-01-11T09:20:00,1,SHELF-F18,19.17,46.38,3179
2024-01-11T09:40:00,1,SHELF-F18,19.81,56.17,3179
2024-01-11T10:00:00,1,SHELF-F18,19.63,56.68,3179
2024-01-11T10:20:00,1,SHELF-F18,21.04,54.06,3179
2024-01-11T10:40:00,1,SHELF-F18,20.91,52.66,3179
2024-01-11T11:00:00,1,SHELF-F18,19.46,45.31,3179
2024-01-11T11:20:00,1,SHELF-F18,20.86,54.08,3179
2024-01-11T11:40:00,1,SHELF-F18,19.24,56.44,3179
2024-01-11T12:00:00,1,SHELF-F18,21.23,50.64,3179
2024-01-11T12:20:00,1,SHELF-F18,20.91,42.11,3179
2024-01-11T12:40:00,1,SHELF-F18,20.97,42.41,3179
2024-01-11T13:00:00,1,SHELF-F18,19.84,57.07,3179
2024-01-11T13:20:00,1,SHELF-F18,20.58,53.71,3179
2024-01-11T13:40:00,1,SHELF-F18,20.47,55.30,3179
2024-01-11T14:00:00,1,SHELF-F18,20.15,43.75,3179
2024-01-11T14:20:00,1,SHELF-F18,20.97,55.52,3179
2024-01-11T14:40:00,1,SHELF-F18,20.45,48.92,3179
2024-01-11T15:00:00,1,SHELF-F18,20.21,55.83,3179
2024-01-11T15:20:00,1,SHELF-F18,21.67,53.71,3179
2024-01-11T15:40:00,1,SHELF-F18,19.92,47.66,3179
2024-01-11T16:00:00,1,SHELF-F18,19.97,54.69,3179
2024-01-11T16:20:00,1,SHELF-F18,21.26,47.23,3179
2024-01-11T16:40:00,1,SHELF-F18,20.82,46.42,3179
2024-01-11T17:00:00,1,SHELF-F18,21.19,50.21,3179
2024-01-11T17:20:00,1,SHELF-F18,21.49,53.31,3179
2024-01-11T17:40:00,1,SHELF-F18,20.56,56.80,3179
2024-01-11T18:00:00,1,SHELF-F18,20.92,56.92,3179
2024-01-11T18:20:00,1,SHELF-F18,21.65,47.08,3179
2024-01-11T18:40:00,1,SHELF-F18,21.74,52.58,3179
2024-01-11T19:00:00,1,SHELF-F18,21.94,42.57,3179
2024-01-11T19:20:00,1,SHELF-F18,21.45,42.13,3179
2024-01-11T19:40:00,1,SHELF-F18,20.46,48.02,3179
2024-01-11T20:00:00,1,SHELF-F18,22.19,52.77,3179
2024-01-11T20:20:00,1,SHELF-F18,20.84,44.42,3179
2024-01-11T20:40:00,1,SHELF-F18,21.94,53.74,3179
2024-01-11T21:00:00,1,SHELF-F18,21.00,45.18,3179
2024-01-11T21:20:00,1,SHELF-F18,22.18,57.21,3179
2024-01-11T21:40:00,1,SHELF-F18,22.15,53.99,3179
2024-01-11T22:00:00,1,SHELF-F18,20.56,43.08,3179
2024-01-11T22:20:00,1,SHELF-F18,21.67,45.34,3179
2024-01-11T22:40:00,1,SHELF-F18,20.91,48.69,3179
2024-01-11T23:00:00,1,SHELF-F18,21.21,48.08,3179
2024-01-11T23:20:00,1,SHELF-F18,21.85,52.20,3179
2024-01-11T23:40:00,1,SHELF-F18,21.65,52.51,3179
2024-01-12T00:00:00,1,SHELF-D12,19.56,55.45,3124
2024-01-12T00:20:00,1,SHELF-D12,19.56,52.69,3124
2024-01-12T00:40:00,1,SHELF-D12,18.79,52.08,3124
2024-01-12T01:00:00,1,SHELF-D12,19.13,50.69,3124
2024-01-12T01:20:00,1,SHELF-D12,18.52,45.50,3124
2024-01-12T01:40:00,1,SHELF-D12,19.86,56.35,3124
2024-01-12T02:00:00,1,SHELF-D12,19.59,48.71,3124
2024-01-12T02:20:00,1,SHELF-D12,18.95,45.96,3124
2024-01-12T02:40:00,1,SHELF-D12,18.91,44.82,3124
2024-01-12T03:00:00,1,SHELF-D12,20.10,52.57,3124
2024-01-12T03:20:00,1,SHELF-D12,18.88,48.37,3124
2024-01-12T03:40:00,1,SHELF-D12,18.44,56.11,3124
2024-01-12T04:00:00,1,SHELF-D12,19.99,55.82,3124
2024-01-12T04:20:00,1,SHELF-D12,19.51,53.00,3124
2024-01-12T04:40:00,1,SHELF-D12,18.37,46.29,3124
2024-01-12T05:00:00,1,SHELF-D12,18.86,55.62,3124
2024-01-12T05:20:00,1,SHELF-D12,19.25,51.00,3124
2024-01-12T05:40:00,1,SHELF-D12,19.08,52.80,3124
2024-01-12T06:00:00,1,SHELF-D12,19.38,54.94,3124
2024-01-12T06:20:00,1,SHELF-D12,19.41,46.17,3124
2024-01-12T06:40:00,1,SHELF-D12,18.67,49.77,3124
2024-01-12T07:00:00,1,SHELF-D12,19.12,52.18,3124
2024-01-12T07:20:00,1,SHELF-D12,18.77,49.16,3124
2024-01-12T07:40:00,1,SHELF-D12,19.13,56.01,3124
2024-01-12T08:00:00,1,SHELF-D12,19.88,54.47,3124
2024-01-12T08:20:00,1,SHELF-D12,19.03,57.49,3124
2024-01-12T08:40:00,1,SHELF-D12,20.03,44.07,3124
2024-01-12T09:00:00,1,SHELF-D12,20.01,57.20,3124
2024-01-12T09:20:00,1,SHELF-D12,18.97,48.07,3124
2024-01-12T09:40:00,1,SHELF-D12,20.49,47.33,3124
2024-01-12T10:00:00,1,SHELF-D12,19.76,54.26,3124
2024-01-12T10:20:00,1,SHELF-D12,19.18,42.79,3124
2024-01-12T10:40:00,1,SHELF-D12,19.48,50.57,3124
2024-01-12T11:00:00,1,SHELF-D12,21.15,55.41,3124
2024-01-12T11:20:00,1,SHELF-D12,19.97,53.49,3124
2024-01-12T11:40:00,1,SHELF-D12,19.76,44.58,3124
2024-01-12T12:00:00,1,SHELF-D12,20.06,48.61,3124
2024-01-12T12:20:00,1,SHELF-D12,20.41,45.98,3124
2024-01-12T12:40:00,1,SHELF-D12,19.33,55.53,3124
2024-01-12T13:00:00,1,SHELF-D12,20.94,50.42,3124
2024-01-12T13:20:00,1,SHELF-D12,20.44,54.66,3124
2024-01-12T13:40:00,1,SHELF-D12,19.52,46.53,3124
2024-01-12T14:00:00,1,SHELF-D12,19.61,52.10,3124
2024-01-12T14:20:00,1,SHELF-D12,20.93,42.54,3124
2024-01-12T14:40:00,1,SHELF-D12,21.06,55.01,3124
2024-01-12T15:00:00,1,SHELF-D12,20.44,48.41,3124
2024-01-12T15:20:00,1,SHELF-D12,21.32,56.03,3124
2024-01-12T15:40:00,1,SHELF-D12,21.41,43.22,3124
2024-01-12T16:00:00,1,SHELF-D12,20.82,53.26,3124
2024-01-12T16:20:00,1,SHELF-D12,21.27,42.32,3124
2024-01-12T16:40:00,1,SHELF-D12,21.29,50.67,3124
2024-01-12T17:00:00,1,SHELF-D12,21.77,43.53,3124
2024-01-12T17:20:00,1,SHELF-D12,21.11,48.26,3124
2024-01-12T17:40:00,1,SHELF-D12,21.60,55.75,3124
2024-01-12T18:00:00,1,SHELF-D12,21.63,48.80,3124
2024-01-12T18:20:00,1,SHELF-D12,21.54,46.83,3124
2024-01-12T18:40:00,1,SHELF-D12,20.98,43.59,3124
2024-01-12T19:00:00,1,SHELF-D12,22.12,51.22,3124
2024-01-12T19:20:00,1,SHELF-D12,20.94,48.87,3124
2024-01-12T19:40:00,1,SHELF-D12,20.63,48.50,3124
2024-01-12T20:00:00,1,SHELF-D12,20.86,46.55,3124
2024-01-12T20:20:00,1,SHELF-D12,21.71,50.11,3124
2024-01-12T20:40:00,1,SHELF-D12,21.07,57.89,3124
2024-01-12T21:00:00,1,SHELF-D12,21.89,57.22,3124
2024-01-12T21:20:00,1,SHELF-D12,21.96,53.43,3124
2024-01-12T21:40:00,1,SHELF-D12,21.34,51.25,3124
2024-01-12T22:00:00,1,SHELF-D12,20.61,54.34,3124
2024-01-12T22:20:00,1,SHELF-D12,21.45,49.63,3124
2024-01-12T22:40:00,1,SHELF-D12,20.78,46.97,3124
2024-01-12T23:00:00,1,SHELF-D12,20.97,52.08,3124
2024-01-12T23:20:00,1,SHELF-D12,20.85,50.97,3124
2024-01-12T23:40:00,1,SHELF-D12,21.10,57.07,3124
2024-01-12T00:00:00,1,SHELF-A19,18.31,44.26,3229
2024-01-12T00:20:00,1,SHELF-A19,19.04,49.58,3229
2024-01-12T00:40:00,1,SHELF-A19,19.25,51.07,3229
2024-01-12T01:00:00,1,SHELF-A19,18.40,54.28,3229
2024-01-12T01:20:00,1,SHELF-A19,18.44,46.98,3229
2024-01-12T01:40:00,1,SHELF-A19,18.61,44.41,3229
2024-01-12T02:00:00,1,SHELF-A19,18.70,51.04,3229
2024-01-12T02:20:00,1,SHELF-A19,18.87,42.09,3229
2024-01-12T02:40:00,1,SHELF-A19,19.44,54.08,3229
2024-01-12T03:00:00,1,SHELF-A19,19.77,50.73,3229
2024-01-12T03:20:00,1,SHELF-A19,18.81,52.43,3229
2024-01-12T03:40:00,1,SHELF-A19,18.83,53.34,3229
2024-01-12T04:00:00,1,SHELF-A19,19.34,55.74,3229
2024-01-12T04:20:00,1,SHELF-A19,20.29,43.30,3229
2024-01-12T04:40:00,1,SHELF-A19,18.52,53.19,3229
2024-01-12T05:00:00,1,SHELF-A19,19.18,54.11,3229
2024-01-12T05:20:00,1,SHELF-A19,18.76,53.97,3229
2024-01-12T05:40:00,1,SHELF-A19,18.77,49.00,3229
2024-01-12T06:00:00,1,SHELF-A19,20.50,42.62,3229
2024-01-12T06:20:00,1,SHELF-A19,19.41,44.73,3229
2024-01-12T06:40:00,1,SHELF-A19,20.16,49.80,3229
2024-01-12T07:00:00,1,SHELF-A19,20.18,50.75,3229
2024-01-12T07:20:00,1,SHELF-A19,19.48,46.75,3229
2024-01-12T07:40:00,1,SHELF-A19,19.55,46.71,3229
2024-01-12T08:00:00,1,SHELF-A19,20.65,52.83,3229
2024-01-12T08:20:00,1,SHELF-A19,19.85,51.84,3229
2024-01-12T08:40:00,1,SHELF-A19,19.55,52.40,3229
2024-01-12T09:00:00,1,SHELF-A19,19.22,50.37,3229
2024-01-12T09:20:00,1,SHELF-A19,19.34,51.82,3229
2024-01-12T09:40:00,1,SHELF-A19,20.36,50.31,3229
2024-01-12T10:00:00,1,SHELF-A19,19.56,49.41,3229
2024-01-12T10:20:00,1,SHELF-A19,20.93,56.83,3229
2024-01-12T10:40:00,1,SHELF-A19,20.50,55.64,3229
2024-01-12T11:00:00,1,SHELF-A19,19.45,50.39,3229
2024-01-12T11:20:00,1,SHELF-A19,20.84,42.16,3229
2024-01-12T11:40:00,1,SHELF-A19,20.02,44.41,3229
2024-01-12T12:00:00,1,SHELF-A19,19.44,57.63,3229
2024-01-12T12:20:00,1,SHELF-A19,19.93,45.00,3229
2024-01-12T12:40:00,1,SHELF-A19,20.70,50.60,3229
2024-01-12T13:00:00,1,SHELF-A19,20.09,42.98,3229
2024-01-12T13:20:00,1,SHELF-A19,20.37,44.50,3229
2024-01-12T13:40:00,1,SHELF-A19,20.13,50.95,3229
2024-01-12T14:00:00,1,SHELF-A19,20.01,52.06,3229
2024-01-12T14:20:00,1,SHELF-A19,21.41,46.39,3229
2024-01-12T14:40:00,1,SHELF-A19,21.20,55.89,3229
2024-01-12T15:00:00,1,SHELF-A19,20.85,46.89,3229
2024-01-12T15:20:00,1,SHELF-A19,20.93,48.45,3229
2024-01-12T15:40:00,1,SHELF-A19,20.19,50.66,3229
2024-01-12T16:00:00,1,SHELF-A19,21.13,43.24,3229
2024-01-12T16:20:00,1,SHELF-A19,20.11,53.69,3229
2024-01-12T16:40:00,1,SHELF-A19,20.37,46.21,3229
2024-01-12T17:00:00,1,SHELF-A19,20.14,54.75,3229
2024-01-12T17:20:00,1,SHELF-A19,21.11,54.26,3229
2024-01-12T17:40:00,1,SHELF-A19,20.59,54.35,3229
2024-01-12T18:00:00,1,SHELF-A19,21.24,46.44,3229
2024-01-12T18:20:00,1,SHELF-A19,21.67,55.94,3229
2024-01-12T18:40:00,1,SHELF-A19,21.39,49.57,3229
2024-01-12T19:00:00,1,SHELF-A19,20.52,54.53,3229
2024-01-12T19:20:00,1,SHELF-A19,22.16,43.46,3229
2024-01-12T19:40:00,1,SHELF-A19,21.79,44.34,3229
2024-01-12T20:00:00,1,SHELF-A19,20.64,55.99,3229
2024-01-12T20:20:00,1,SHELF-A19,20.95,56.34,3229
2024-01-12T20:40:00,1,SHELF-A19,20.41,50.19,3229
2024-01-12T21:00:00,1,SHELF-A19,21.31,52.64,3229
2024-01-12T21:20:00,1,SHELF-A19,21.09,50.01,3229
2024-01-12T21:40:00,1,SHELF-A19,20.67,50.96,3229
2024-01-12T22:00:00,1,SHELF-A19,21.31,48.17,3229
2024-01-12T22:20:00,1,SHELF-A19,21.51,46.99,3229
2024-01-12T22:40:00,1,SHELF-A19,21.60,50.49,3229
2024-01-12T23:00:00,1,SHELF-A19,22.45,55.48,3229
2024-01-12T23:20:00,1,SHELF-A19,22.59,57.13,3229
2024-01-12T23:40:00,1,SHELF-A19,22.35,53.38,3229
2024-01-12T00:00:00,1,SHELF-B19,18.93,49.84,3189
2024-01-12T00:20:00,1,SHELF-B19,19.39,52.97,3189
2024-01-12T00:40:00,1,SHELF-B19,18.92,48.97,3189
2024-01-12T01:00:00,1,SHELF-B19,18.63,42.40,3189
2024-01-12T01:20:00,1,SHELF-B19,18.66,49.46,3189
2024-01-12T01:40:00,1,SHELF-B19,19.27,53.66,3189
2024-01-12T02:00:00,1,SHELF-B19,18.49,50.96,3189
2024-01-12T02:20:00,1,SHELF-B19,20.05,57.03,3189
2024-01-12T02:40:00,1,SHELF-B19,18.82,44.86,3189
2024-01-12T03:00:00,1,SHELF-B19,19.68,42.17,3189
2024-01-12T03:20:00,1,SHELF-B19,19.07,50.42,3189
2024-01-12T03:40:00,1,SHELF-B19,18.19,46.97,3189
2024-01-12T04:00:00,1,SHELF-B19,18.50,47.90,3189
2024-01-12T04:20:00,1,SHELF-B19,18.82,56.75,3189
2024-01-12T04:40:00,1,SHELF-B19,19.52,42.54,3189
2024-01-12T05:00:00,1,SHELF-B19,18.98,49.66,3189
2024-01-12T05:20:00,1,SHELF-B19,18.52,53.13,3189
2024-01-12T05:40:00,1,SHELF-B19,18.94,52.00,3189
2024-01-12T06:00:00,1,SHELF-B19,20.50,55.17,3189
2024-01-12T06:20:00,1,SHELF-B19,20.28,56.84,3189
2024-01-12T06:40:00,1,SHELF-B19,20.55,52.12,3189
2024-01-12T07:00:00,1,SHELF-B19,19.66,49.58,3189
2024-01-12T07:20:00,1,SHELF-B19,20.43,54.01,3189
2024-01-12T07:40:00,1,SHELF-B19,20.30,42.61,3189
2024-01-12T08:00:00,1,SHELF-B19,18.87,56.31,3189
2024-01-12T08:20:00,1,SHELF-B19,19.11,53.78,3189
2024-01-12T08:40:00,1,SHELF-B19,20.55,44.11,3189
2024-01-12T09:00:00,1,SHELF-B19,19.77,55.53,3189
2024-01-12T09:20:00,1,SHELF-B19,19.04,52.20,3189
2024-01-12T09:40:00,1,SHELF-B19,19.06,43.56,3189
2024-01-12T10:00:00,1,SHELF-B19,20.15,57.73,3189
2024-01-12T10:20:00,1,SHELF-B19,19.45,51.82,3189
2024-01-12T10:40:00,1,SHELF-B19,19.09,55.40,3189
2024-01-12T11:00:00,1,SHELF-B19,20.88,47.06,3189
2024-01-12T11:20:00,1,SHELF-B19,20.60,56.49,3189
2024-01-12T11:40:00,1,SHELF-B19,20.36,57.11,3189
2024-01-12T12:00:00,1,SHELF-B19,20.34,57.05,3189
2024-01-12T12:20:00,1,SHELF-B19,20.11,55.40,3189
2024-01-12T12:40:00,1,SHELF-B19,20.65,43.04,3189
2024-01-12T13:00:00,1,SHELF-B19,21.08,50.02,3189
2024-01-12T13:20:00,1,SHELF-B19,20.89,43.34,3189
2024-01-12T13:40:00,1,SHELF-B19,20.32,46.41,3189
2024-01-12T14:00:00,1,SHELF-B19,19.96,50.09,3189
2024-01-12T14:20:00,1,SHELF-B19,19.90,53.95,3189
2024-01-12T14:40:00,1,SHELF-B19,21.23,42.05,3189
2024-01-12T15:00:00,1,SHELF-B19,20.23,47.61,3189
2024-01-12T15:20:00,1,SHELF-B19,20.37,51.09,3189
2024-01-12T15:40:00,1,SHELF-B19,21.08,51.06,3189
2024-01-12T16:00:00,1,SHELF-B19,20.73,43.86,3189
2024-01-12T16:20:00,1,SHELF-B19,19.99,53.67,3189
2024-01-12T16:40:00,1,SHELF-B19,20.18,51.46,3189
2024-01-12T17:00:00,1,SHELF-B19,21.86,54.27,3189
2024-01-12T17:20:00,1,SHELF-B19,21.51,45.48,3189
2024-01-12T17:40:00,1,SHELF-B19,20.68,43.30,3189
2024-01-12T18:00:00,1,SHELF-B19,21.51,45.95,3189
2024-01-12T18:20:00,1,SHELF-B19,21.73,52.28,3189
2024-01-12T18:40:00,1,SHELF-B19,21.86,45.06,3189
2024-01-12T19:00:00,1,SHELF-B19,21.69,44.12,3189
2024-01-12T19:20:00,1,SHELF-B19,20.29,53.29,3189
2024-01-12T19:40:00,1,SHELF-B19,20.54,44.25,3189
2024-01-12T20:00:00,1,SHELF-B19,20.94,45.62,3189
2024-01-12T20:20:00,1,SHELF-B19,20.68,56.14,3189
2024-01-12T20:40:00,1,SHELF-B19,20.66,46.72,3189
2024-01-12T21:00:00,1,SHELF-B19,21.83,46.23,3189
2024-01-12T21:20:00,1,SHELF-B19,21.41,51.26,3189
2024-01-12T21:40:00,1,SHELF-B19,21.13,52.27,3189
2024-01-12T22:00:00,1,SHELF-B19,21.46,52.10,3189
2024-01-12T22:20:00,1,SHELF-B19,22.22,42.59,3189
2024-01-12T22:40:00,1,SHELF-B19,22.23,48.17,3189
2024-01-12T23:00:00,1,SHELF-B19,21.76,45.37,3189
2024-01-12T23:20:00,1,SHELF-B19,22.09,47.55,3189
2024-01-12T23:40:00,1,SHELF-B19,22.30,54.74,3189
2024-01-12T00:00:00,1,SHELF-E06,18.49,57.50,3131
2024-01-12T00:20:00,1,SHELF-E06,18.91,53.89,3131
2024-01-12T00:40:00,1,SHELF-E06,18.35,50.21,3131
2024-01-12T01:00:00,1,SHELF-E06,18.35,45.49,3131
2024-01-12T01:20:00,1,SHELF-E06,18.45,56.75,3131
2024-01-12T01:40:00,1,SHELF-E06,18.97,52.10,3131
2024-01-12T02:00:00,1,SHELF-E06,19.01,49.48,3131
2024-01-12T02:20:00,1,SHELF-E06,18.70,51.02,3131
2024-01-12T02:40:00,1,SHELF-E06,19.37,56.42,3131
2024-01-12T03:00:00,1,SHELF-E06,18.83,43.67,3131
2024-01-12T03:20:00,1,SHELF-E06,18.90,56.42,3131
2024-01-12T03:40:00,1,SHELF-E06,18.50,49.61,3131
2024-01-12T04:00:00,1,SHELF-E06,18.98,56.45,3131
2024-01-12T04:20:00,1,SHELF-E06,18.68,47.73,3131
2024-01-12T04:40:00,1,SHELF-E06,18.63,50.75,3131
2024-01-12T05:00:00,1,SHELF-E06,19.94,49.02,3131
2024-01-12T05:20:00,1,SHELF-E06,19.67,51.50,3131
2024-01-12T05:40:00,1,SHELF-E06,19.82,53.70,3131
2024-01-12T06:00:00,1,SHELF-E06,19.50,45.90,3131
2024-01-12T06:20:00,1,SHELF-E06,20.00,51.62,3131
2024-01-12T06:40:00,1,SHELF-E06,19.52,48.42,3131
2024-01-12T07:00:00,1,SHELF-E06,18.76,56.86,3131
2024-01-12T07:20:00,1,SHELF-E06,19.15,56.96,3131
2024-01-12T07:40:00,1,SHELF-E06,20.54,43.73,3131
2024-01-12T08:00:00,1,SHELF-E06,19.66,46.31,3131
2024-01-12T08:20:00,1,SHELF-E06,19.96,51.49,3131
2024-01-12T08:40:00,1,SHELF-E06,19.14,44.66,3131
2024-01-12T09:00:00,1,SHELF-E06,19.53,51.55,3131
2024-01-12T09:20:00,1,SHELF-E06,20.33,50.39,3131
2024-01-12T09:40:00,1,SHELF-E06,20.84,51.09,3131
2024-01-12T10:00:00,1,SHELF-E06,19.34,52.61,3131
2024-01-12T10:20:00,1,SHELF-E06,20.63,42.86,3131
2024-01-12T10:40:00,1,SHELF-E06,19.24,54.69,3131
2024-01-12T11:00:00,1,SHELF-E06,19.47,47.54,3131
2024-01-12T11:20:00,1,SHELF-E06,19.97,49.37,3131
2024-01-12T11:40:00,1,SHELF-E06,20.50,45.21,3131
2024-01-12T12:00:00,1,SHELF-E06,19.65,46.92,3131
2024-01-12T12:20:00,1,SHELF-E06,19.68,55.72,3131
2024-01-12T12:40:00,1,SHELF-E06,20.18,53.59,3131
2024-01-12T13:00:00,1,SHELF-E06,19.74,50.89,3131
2024-01-12T13:20:00,1,SHELF-E06,20.98,42.08,3131
2024-01-12T13:40:00,1,SHELF-E06,19.75,43.60,3131
2024-01-12T14:00:00,1,SHELF-E06,20.66,48.30,3131
2024-01-12T14:20:00,1,SHELF-E06,19.98,49.56,3131
2024-01-12T14:40:00,1,SHELF-E06,20.31,49.42,3131
2024-01-12T15:00:00,1,SHELF-E06,20.17,56.67,3131
2024-01-12T15:20:00,1,SHELF-E06,20.46,47.09,3131
2024-01-12T15:40:00,1,SHELF-E06,21.55,48.40,3131
2024-01-12T16:00:00,1,SHELF-E06,20.46,46.53,3131
2024-01-12T16:20:00,1,SHELF-E06,21.16,55.96,3131
2024-01-12T16:40:00,1,SHELF-E06,21.00,50.55,3131
2024-01-12T17:00:00,1,SHELF-E06,20.63,52.72,3131
2024-01-12T17:20:00,1,SHELF-E06,21.87,42.43,3131
2024-01-12T17:40:00,1,SHELF-E06,21.70,44.85,3131
2024-01-12T18:00:00,1,SHELF-E06,20.53,47.80,3131
2024-01-12T18:20:00,1,SHELF-E06,21.06,42.03,3131
2024-01-12T18:40:00,1,SHELF-E06,21.26,48.37,3131
2024-01-12T19:00:00,1,SHELF-E06,20.34,45.68,3131
2024-01-12T19:20:00,1,SHELF-E06,21.18,42.71,3131
2024-01-12T19:40:00,1,SHELF-E06,20.79,43.49,3131
2024-01-12T20:00:00,1,SHELF-E06,21.08,44.88,3131
2024-01-12T20:20:00,1,SHELF-E06,20.61,46.98,3131
2024-01-12T20:40:00,1,SHELF-E06,21.66,49.69,3131
2024-01-12T21:00:00,1,SHELF-E06,20.95,57.28,3131
2024-01-12T21:20:00,1,SHELF-E06,20.79,48.37,3131
2024-01-12T21:40:00,1,SHELF-E06,21.47,43.70,3131
2024-01-12T22:00:00,1,SHELF-E06,22.17,47.54,3131
2024-01-12T22:20:00,1,SHELF-E06,22.02,52.49,3131
2024-01-12T22:40:00,1,SHELF-E06,21.37,54.91,3131
2024-01-12T23:00:00,1,SHELF-E06,21.00,44.06,3131
2024-01-12T23:20:00,1,SHELF-E06,21.70,52.98,3131
2024-01-12T23:40:00,1,SHELF-E06,20.71,52.46,3131
2024-01-12T00:00:00,1,SHELF-F18,18.61,54.34,3249
2024-01-12T00:20:00,1,SHELF-F18,18.41,46.14,3249
2024-01-12T00:40:00,1,SHELF-F18,19.08,51.66,3249
2024-01-12T01:00:00,1,SHELF-F18,19.54,49.20,3249
2024-01-12T01:20:00,1,SHELF-F18,18.68,49.58,3249
2024-01-12T01:40:00,1,SHELF-F18,18.60,50.56,3249
2024-01-12T02:00:00,1,SHELF-F18,18.79,54.57,3249
2024-01-12T02:20:00,1,SHELF-F18,20.02,50.51,3249
2024-01-12T02:40:00,1,SHELF-F18,18.82,52.80,3249
2024-01-12T03:00:00,1,SHELF-F18,18.48,47.39,3249
2024-01-12T03:20:00,1,SHELF-F18,20.05,51.44,3249
2024-01-12T03:40:00,1,SHELF-F18,18.58,55.01,3249
2024-01-12T04:00:00,1,SHELF-F18,19.76,49.28,3249
2024-01-12T04:20:00,1,SHELF-F18,18.40,46.51,3249
2024-01-12T04:40:00,1,SHELF-F18,18.55,49.83,3249
2024-01-12T05:00:00,1,SHELF-F18,19.17,56.23,3249
2024-01-12T05:20:00,1,SHELF-F18,19.81,46.04,3249
2024-01-12T05:40:00,1,SHELF-F18,19.11,46.74,3249
2024-01-12T06:00:00,1,SHELF-F18,20.20,50.68,3249
2024-01-12T06:20:00,1,SHELF-F18,18.92,47.71,3249
2024-01-12T06:40:00,1,SHELF-F18,18.59,47.19,3249
2024-01-12T07:00:00,1,SHELF-F18,19.95,51.53,3249
2024-01-12T07:20:00,1,SHELF-F18,19.40,42.59,3249
2024-01-12T07:40:00,1,SHELF-F18,20.16,45.98,3249
2024-01-12T08:00:00,1,SHELF-F18,18.98,43.51,3249
2024-01-12T08:20:00,1,SHELF-F18,20.26,52.13,3249
2024-01-12T08:40:00,1,SHELF-F18,19.67,46.40,3249
2024-01-12T09:00:00,1,SHELF-F18,20.88,53.02,3249
2024-01-12T09:20:00,1,SHELF-F18,19.42,55.21,3249
2024-01-12T09:40:00,1,SHELF-F18,20.60,53.72,3249
2024-01-12T10:00:00,1,SHELF-F18,20.10,49.33,3249
2024-01-12T10:20:00,1,SHELF-F18,19.21,47.96,3249
2024-01-12T10:40:00,1,SHELF-F18,19.35,57.63,3249
2024-01-12T11:00:00,1,SHELF-F18,20.46,56.11,3249
2024-01-12T11:20:00,1,SHELF-F18,19.95,57.68,3249
2024-01-12T11:40:00,1,SHELF-F18,19.34,56.84,3249
2024-01-12T12:00:00,1,SHELF-F18,20.81,48.76,3249
2024-01-12T12:20:00,1,SHELF-F18,19.35,57.21,3249
2024-01-12T12:40:00,1,SHELF-F18,19.82,52.45,3249
2024-01-12T13:00:00,1,SHELF-F18,21.20,55.39,3249
2024-01-12T13:20:00,1,SHELF-F18,20.30,43.86,3249
2024-01-12T13:40:00,1,SHELF-F18,19.82,46.18,3249
2024-01-12T14:00:00,1,SHELF-F18,20.16,50.22,3249
2024-01-12T14:20:00,1,SHELF-F18,21.27,45.90,3249
2024-01-12T14:40:00,1,SHELF-F18,21.16,47.99,3249
2024-01-12T15:00:00,1,SHELF-F18,20.63,54.17,3249
2024-01-12T15:20:00,1,SHELF-F18,20.56,53.95,3249
2024-01-12T15:40:00,1,SHELF-F18,21.24,46.43,3249
2024-01-12T16:00:00,1,SHELF-F18,21.15,51.67,3249
2024-01-12T16:20:00,1,SHELF-F18,21.63,52.85,3249
2024-01-12T16:40:00,1,SHELF-F18,20.35,48.51,3249
2024-01-12T17:00:00,1,SHELF-F18,19.97,48.63,3249
2024-01-12T17:20:00,1,SHELF-F18,20.19,46.27,3249
2024-01-12T17:40:00,1,SHELF-F18,21.13,57.61,3249
2024-01-12T18:00:00,1,SHELF-F18,20.69,45.54,3249
2024-01-12T18:20:00,1,SHELF-F18,20.09,47.19,3249
2024-01-12T18:40:00,1,SHELF-F18,20.19,46.61,3249
2024-01-12T19:00:00,1,SHELF-F18,21.61,55.23,3249
2024-01-12T19:20:00,1,SHELF-F18,21.36,52.16,3249
2024-01-12T19:40:00,1,SHELF-F18,20.84,48.22,3249
2024-01-12T20:00:00,1,SHELF-F18,22.17,42.20,3249
2024-01-12T20:20:00,1,SHELF-F18,20.99,47.54,3249
2024-01-12T20:40:00,1,SHELF-F18,21.20,49.39,3249
2024-01-12T21:00:00,1,SHELF-F18,21.92,45.37,3249
2024-01-12T21:20:00,1,SHELF-F18,21.83,52.77,3249
2024-01-12T21:40:00,1,SHELF-F18,20.94,42.52,3249
2024-01-12T22:00:00,1,SHELF-F18,22.26,57.48,3249
2024-01-12T22:20:00,1,SHELF-F18,21.82,50.98,3249
2024-01-12T22:40:00,1,SHELF-F18,21.25,45.32,3249
2024-01-12T23:00:00,1,SHELF-F18,22.65,47.91,3249
2024-01-12T23:20:00,1,SHELF-F18,21.27,47.05,3249
2024-01-12T23:40:00,1,SHELF-F18,22.03,42.47,3249
2024-01-13T00:00:00,1,SHELF-D12,18.98,51.99,3235
2024-01-13T00:20:00,1,SHELF-D12,18.94,48.65,3235
2024-01-13T00:40:00,1,SHELF-D12,19.34,54.02,3235
2024-01-13T01:00:00,1,SHELF-D12,18.50,53.90,3235
2024-01-13T01:20:00,1,SHELF-D12,19.91,48.00,3235
2024-01-13T01:40:00,1,SHELF-D12,19.01,48.05,3235
2024-01-13T02:00:00,1,SHELF-D12,19.96,43.98,3235
2024-01-13T02:20:00,1,SHELF-D12,18.85,45.38,3235
2024-01-13T02:40:00,1,SHELF-D12,18.28,46.63,3235
2024-01-13T03:00:00,1,SHELF-D12,19.91,54.27,3235
2024-01-13T03:20:00,1,SHELF-D12,20.15,57.66,3235
2024-01-13T03:40:00,1,SHELF-D12,19.28,47.63,3235
2024-01-13T04:00:00,1,SHELF-D12,18.74,56.41,3235
2024-01-13T04:20:00,1,SHELF-D12,18.87,54.33,3235
2024-01-13T04:40:00,1,SHELF-D12,19.57,52.63,3235
2024-01-13T05:00:00,1,SHELF-D12,19.81,52.13,3235
2024-01-13T05:20:00,1,SHELF-D12,19.71,50.04,3235
2024-01-13T05:40:00,1,SHELF-D12,19.50,45.60,3235
2024-01-13T06:00:00,1,SHELF-D12,19.37,54.11,3235
2024-01-13T06:20:00,1,SHELF-D12,19.13,56.79,3235
2024-01-13T06:40:00,1,SHELF-D12,18.87,55.97,3235
2024-01-13T07:00:00,1,SHELF-D12,19.48,42.05,3235
2024-01-13T07:20:00,1,SHELF-D12,20.34,54.21,3235
2024-01-13T07:40:00,1,SHELF-D12,20.00,52.93,3235
2024-01-13T08:00:00,1,SHELF-D12,19.00,51.28,3235
2024-01-13T08:20:00,1,SHELF-D12,19.64,48.69,3235
2024-01-13T08:40:00,1,SHELF-D12,19.19,42.46,3235
2024-01-13T09:00:00,1,SHELF-D12,19.38,51.76,3235
2024-01-13T09:20:00,1,SHELF-D12,19.94,43.29,3235
2024-01-13T09:40:00,1,SHELF-D12,20.07,48.54,3235
2024-01-13T10:00:00,1,SHELF-D12,19.10,51.76,3235
2024-01-13T10:20:00,1,SHELF-D12,19.39,52.01,3235
2024-01-13T10:40:00,1,SHELF-D12,20.43,57.23,3235
2024-01-13T11:00:00,1,SHELF-D12,19.23,51.62,3235
2024-01-13T11:20:00,1,SHELF-D12,20.76,48.23,3235
2024-01-13T11:40:00,1,SHELF-D12,20.21,45.09,3235
2024-01-13T12:00:00,1,SHELF-D12,21.13,49.32,3235
2024-01-13T12:20:00,1,SHELF-D12,20.75,45.83,3235
2024-01-13T12:40:00,1,SHELF-D12,20.25,53.40,3235
2024-01-13T13:00:00,1,SHELF-D12,19.83,44.12,3235
2024-01-13T13:20:00,1,SHELF-D12,19.56,42.49,3235
2024-01-13T13:40:00,1,SHELF-D12,20.59,49.35,3235
2024-01-13T14:00:00,1,SHELF-D12,20.93,49.10,3235
2024-01-13T14:20:00,1,SHELF-D12,20.04,44.83,3235
2024-01-13T14:40:00,1,SHELF-D12,20.48,52.26,3235
2024-01-13T15:00:00,1,SHELF-D12,21.29,55.41,3235
2024-01-13T15:20:00,1,SHELF-D12,21.43,56.54,3235
2024-01-13T15:40:00,1,SHELF-D12,20.17,53.55,3235
2024-01-13T16:00:00,1,SHELF-D12,19.95,53.98,3235
2024-01-13T16:20:00,1,SHELF-D12,21.17,48.50,3235
2024-01-13T16:40:00,1,SHELF-D12,20.85,49.52,3235
2024-01-13T17:00:00,1,SHELF-D12,20.70,54.53,3235
2024-01-13T17:20:00,1,SHELF-D12,21.85,56.13,3235
2024-01-13T17:40:00,1,SHELF-D12,21.01,53.45,3235
2024-01-13T18:00:00,1,SHELF-D12,21.27,57.83,3235
2024-01-13T18:20:00,1,SHELF-D12,21.49,49.02,3235
2024-01-13T18:40:00,1,SHELF-D12,21.71,42.96,3235
2024-01-13T19:00:00,1,SHELF-D12,21.81,55.25,3235
2024-01-13T19:20:00,1,SHELF-D12,21.63,42.64,3235
2024-01-13T19:40:00,1,SHELF-D12,20.98,56.84,3235
2024-01-13T20:00:00,1,SHELF-D12,21.57,49.04,3235
2024-01-13T20:20:00,1,SHELF-D12,21.88,43.66,3235
2024-01-13T20:40:00,1,SHELF-D12,22.00,54.13,3235
2024-01-13T21:00:00,1,SHELF-D12,21.59,54.67,3235
2024-01-13T21:20:00,1,SHELF-D12,21.88,47.86,3235
2024-01-13T21:40:00,1,SHELF-D12,21.75,44.27,3235
2024-01-13T22:00:00,1,SHELF-D12,21.04,49.72,3235
2024-01-13T22:20:00,1,SHELF-D12,21.09,47.28,3235
2024-01-13T22:40:00,1,SHELF-D12,21.95,49.33,3235
2024-01-13T23:00:00,1,SHELF-D12,22.10,54.04,3235
2024-01-13T23:20:00,1,SHELF-D12,22.20,47.48,3235
2024-01-13T23:40:00,1,SHELF-D12,22.06,47.29,3235
2024-01-13T00:00:00,1,SHELF-A19,19.21,51.09,3191
2024-01-13T00:20:00,1,SHELF-A19,19.00,54.18,3191
2024-01-13T00:40:00,1,SHELF-A19,18.10,46.61,3191
2024-01-13T01:00:00,1,SHELF-A19,18.37,47.93,3191
2024-01-13T01:20:00,1,SHELF-A19,18.66,46.66,3191
2024-01-13T01:40:00,1,SHELF-A19,19.82,44.53,3191
2024-01-13T02:00:00,1,SHELF-A19,19.33,49.60,3191
2024-01-13T02:20:00,1,SHELF-A19,18.94,46.72,3191
2024-01-13T02:40:00,1,SHELF-A19,19.55,53.12,3191
2024-01-13T03:00:00,1,SHELF-A19,18.48,46.68,3191
2024-01-13T03:20:00,1,SHELF-A19,18.95,52.19,3191
2024-01-13T03:40:00,1,SHELF-A19,18.24,45.39,3191
2024-01-13T04:00:00,1,SHELF-A19,18.91,51.35,3191
2024-01-13T04:20:00,1,SHELF-A19,18.83,53.54,3191
2024-01-13T04:40:00,1,SHELF-A19,19.80,57.94,3191
2024-01-13T05:00:00,1,SHELF-A19,19.24,51.90,3191
2024-01-13T05:20:00,1,SHELF-A19,18.77,47.51,3191
2024-01-13T05:40:00,1,SHELF-A19,18.74,55.64,3191
2024-01-13T06:00:00,1,SHELF-A19,19.19,47.99,3191
2024-01-13T06:20:00,1,SHELF-A19,20.29,49.76,3191
2024-01-13T06:40:00,1,SHELF-A19,18.90,50.40,3191
2024-01-13T07:00:00,1,SHELF-A19,19.03,56.35,3191
2024-01-13T07:20:00,1,SHELF-A19,18.71,57.15,3191
2024-01-13T07:40:00,1,SHELF-A19,19.37,46.95,3191
2024-01-13T08:00:00,1,SHELF-A19,19.26,46.45,3191
2024-01-13T08:20:00,1,SHELF-A19,20.36,54.63,3191
2024-01-13T08:40:00,1,SHELF-A19,20.11,47.70,3191
2024-01-13T09:00:00,1,SHELF-A19,19.85,56.60,3191
2024-01-13T09:20:00,1,SHELF-A19,20.75,55.44,3191
2024-01-13T09:40:00,1,SHELF-A19,20.62,54.53,3191
2024-01-13T10:00:00,1,SHELF-A19,20.11,45.65,3191
2024-01-13T10:20:00,1,SHELF-A19,19.46,52.63,3191
2024-01-13T10:40:00,1,SHELF-A19,19.85,43.58,3191
2024-01-13T11:00:00,1,SHELF-A19,19.84,43.08,3191
2024-01-13T11:20:00,1,SHELF-A19,20.29,50.56,3191
2024-01-13T11:40:00,1,SHELF-A19,20.67,55.96,3191
2024-01-13T12:00:00,1,SHELF-A19,21.25,42.90,3191
2024-01-13T12:20:00,1,SHELF-A19,20.44,45.97,3191
2024-01-13T12:40:00,1,SHELF-A19,19.82,53.83,3191
2024-01-13T13:00:00,1,SHELF-A19,20.81,52.41,3191
2024-01-13T13:20:00,1,SHELF-A19,19.92,53.03,3191
2024-01-13T13:40:00,1,SHELF-A19,20.34,42.64,3191
2024-01-13T14:00:00,1,SHELF-A19,20.78,50.83,3191
2024-01-13T14:20:00,1,SHELF-A19,19.74,45.04,3191
2024-01-13T14:40:00,1,SHELF-A19,21.22,43.02,3191
2024-01-13T15:00:00,1,SHELF-A19,21.49,50.36,3191
2024-01-13T15:20:00,1,SHELF-A19,19.80,45.64,3191
2024-01-13T15:40:00,1,SHELF-A19,20.85,51.30,3191
2024-01-13T16:00:00,1,SHELF-A19,20.74,50.59,3191
2024-01-13T16:20:00,1,SHELF-A19,21.37,47.10,3191
2024-01-13T16:40:00,1,SHELF-A19,21.08,45.14,3191
2024-01-13T17:00:00,1,SHELF-A19,20.17,43.33,3191
2024-01-13T17:20:00,1,SHELF-A19,20.33,50.68,3191
2024-01-13T17:40:00,1,SHELF-A19,20.36,49.80,3191
2024-01-13T18:00:00,1,SHELF-A19,21.20,51.31,3191
2024-01-13T18:20:00,1,SHELF-A19,21.78,43.78,3191
2024-01-13T18:40:00,1,SHELF-A19,21.83,54.44,3191
2024-01-13T19:00:00,1,SHELF-A19,20.57,54.89,3191
2024-01-13T19:20:00,1,SHELF-A19,21.41,49.30,3191
2024-01-13T19:40:00,1,SHELF-A19,20.18,54.07,3191
2024-01-13T20:00:00,1,SHELF-A19,21.51,49.88,3191
2024-01-13T20:20:00,1,SHELF-A19,20.66,50.12,3191
2024-01-13T20:40:00,1,SHELF-A19,21.34,57.22,3191
2024-01-13T21:00:00,1,SHELF-A19,21.03,55.88,3191
2024-01-13T21:20:00,1,SHELF-A19,20.93,46.40,3191
2024-01-13T21:40:00,1,SHELF-A19,21.56,46.94,3191
2024-01-13T22:00:00,1,SHELF-A19,21.44,57.64,3191
2024-01-13T22:20:00,1,SHELF-A19,22.45,49.80,3191
2024-01-13T22:40:00,1,SHELF-A19,21.20,57.59,3191
2024-01-13T23:00:00,1,SHELF-A19,21.62,44.61,3191
2024-01-13T23:20:00,1,SHELF-A19,20.81,48.91,3191
2024-01-13T23:40:00,1,SHELF-A19,21.29,56.80,3191
2024-01-13T00:00:00,1,SHELF-B19,18.49,52.99,3189
2024-01-13T00:20:00,1,SHELF-B19,19.45,45.10,3189
2024-01-13T00:40:00,1,SHELF-B19,18.03,45.71,3189
2024-01-13T01:00:00,1,SHELF-B19,18.55,46.89,3189
2024-01-13T01:20:00,1,SHELF-B19,19.47,49.55,3189
2024-01-13T01:40:00,1,SHELF-B19,19.30,56.84,3189
2024-01-13T02:00:00,1,SHELF-B19,18.48,52.75,3189
2024-01-13T02:20:00,1,SHELF-B19,18.71,45.07,3189
2024-01-13T02:40:00,1,SHELF-B19,18.85,44.75,3189
2024-01-13T03:00:00,1,SHELF-B19,18.50,52.60,3189
2024-01-13T03:20:00,1,SHELF-B19,18.83,50.26,3189
2024-01-13T03:40:00,1,SHELF-B19,19.13,51.52,3189
2024-01-13T04:00:00,1,SHELF-B19,19.14,53.62,3189
2024-01-13T04:20:00,1,SHELF-B19,18.77,46.21,3189
2024-01-13T04:40:00,1,SHELF-B19,20.18,55.35,3189
2024-01-13T05:00:00,1,SHELF-B19,19.17,46.90,3189
2024-01-13T05:20:00,1,SHELF-B19,19.89,55.27,3189
2024-01-13T05:40:00,1,SHELF-B19,19.06,46.93,3189
2024-01-13T06:00:00,1,SHELF-B19,19.68,54.20,3189
2024-01-13T06:20:00,1,SHELF-B19,18.57,57.04,3189
2024-01-13T06:40:00,1,SHELF-B19,18.67,48.54,3189
2024-01-13T07:00:00,1,SHELF-B19,19.97,44.24,3189
2024-01-13T07:20:00,1,SHELF-B19,19.60,46.39,3189
2024-01-13T07:40:00,1,SHELF-B19,20.32,45.24,3189
2024-01-13T08:00:00,1,SHELF-B19,20.13,46.09,3189
2024-01-13T08:20:00,1,SHELF-B19,20.47,42.38,3189
2024-01-13T08:40:00,1,SHELF-B19,19.66,48.12,3189
2024-01-13T09:00:00,1,SHELF-B19,20.05,53.82,3189
2024-01-13T09:20:00,1,SHELF-B19,20.53,51.88,3189
2024-01-13T09:40:00,1,SHELF-B19,19.81,46.38,3189
2024-01-13T10:00:00,1,SHELF-B19,19.21,44.57,3189
2024-01-13T10:20:00,1,SHELF-B19,20.50,57.06,3189
2024-01-13T10:40:00,1,SHELF-B19,20.24,57.23,3189
2024-01-13T11:00:00,1,SHELF-B19,21.08,54.50,3189
2024-01-13T11:20:00,1,SHELF-B19,19.96,57.36,3189
2024-01-13T11:40:00,1,SHELF-B19,20.60,46.00,3189
2024-01-13T12:00:00,1,SHELF-B19,21.28,51.38,3189
2024-01-13T12:20:00,1,SHELF-B19,19.43,42.90,3189
2024-01-13T12:40:00,1,SHELF-B19,19.99,50.61,3189
2024-01-13T13:00:00,1,SHELF-B19,20.31,46.55,3189
2024-01-13T13:20:00,1,SHELF-B19,20.38,56.09,3189
2024-01-13T13:40:00,1,SHELF-B19,19.58,57.63,3189
2024-01-13T14:00:00,1,SHELF-B19,21.02,55.19,3189
2024-01-13T14:20:00,1,SHELF-B19,21.31,51.44,3189
2024-01-13T14:40:00,1,SHELF-B19,20.71,50.99,3189
2024-01-13T15:00:00,1,SHELF-B19,20.56,47.25,3189
2024-01-13T15:20:00,1,SHELF-B19,20.78,52.57,3189
2024-01-13T15:40:00,1,SHELF-B19,20.80,55.08,3189
2024-01-13T16:00:00,1,SHELF-B19,21.19,44.25,3189
2024-01-13T16:20:00,1,SHELF-B19,21.35,55.93,3189
2024-01-13T16:40:00,1,SHELF-B19,21.21,53.82,3189
2024-01-13T17:00:00,1,SHELF-B19,21.85,47.78,3189
2024-01-13T17:20:00,1,SHELF-B19,21.48,53.96,3189
2024-01-13T17:40:00,1,SHELF-B19,20.36,47.14,3189
2024-01-13T18:00:00,1,SHELF-B19,20.51,47.80,3189
2024-01-13T18:20:00,1,SHELF-B19,20.46,57.54,3189
2024-01-13T18:40:00,1,SHELF-B19,20.58,51.66,3189
2024-01-13T19:00:00,1,SHELF-B19,22.05,44.24,3189
2024-01-13T19:20:00,1,SHELF-B19,21.47,48.84,3189
2024-01-13T19:40:00,1,SHELF-B19,21.79,54.77,3189
2024-01-13T20:00:00,1,SHELF-B19,21.97,42.96,3189
2024-01-13T20:20:00,1,SHELF-B19,22.29,47.98,3189
2024-01-13T20:40:00,1,SHELF-B19,21.44,57.93,3189
2024-01-13T21:00:00,1,SHELF-B19,22.35,55.97,3189
2024-01-13T21:20:00,1,SHELF-B19,21.09,50.62,3189
2024-01-13T21:40:00,1,SHELF-B19,21.00,47.34,3189
2024-01-13T22:00:00,1,SHELF-B19,20.69,43.21,3189
2024-01-13T22:20:00,1,SHELF-B19,20.74,50.93,3189
2024-01-13T22:40:00,1,SHELF-B19,20.78,44.53,3189
2024-01-13T23:00:00,1,SHELF-B19,21.71,55.62,3189
2024-01-13T23:20:00,1,SHELF-B19,21.83,49.50,3189
2024-01-13T23:40:00,1,SHELF-B19,21.98,45.05,3189
2024-01-13T00:00:00,1,SHELF-E06,19.34,48.90,3094
2024-01-13T00:20:00,1,SHELF-E06,18.36,49.22,3094
2024-01-13T00:40:00,1,SHELF-E06,19.57,53.82,3094
2024-01-13T01:00:00,1,SHELF-E06,19.23,43.17,3094
2024-01-13T01:20:00,1,SHELF-E06,19.23,47.44,3094
2024-01-13T01:40:00,1,SHELF-E06,18.99,53.08,3094
2024-01-13T02:00:00,1,SHELF-E06,19.70,48.92,3094
2024-01-13T02:20:00,1,SHELF-E06,18.10,51.20,3094
2024-01-13T02:40:00,1,SHELF-E06,18.07,55.25,3094
2024-01-13T03:00:00,1,SHELF-E06,18.22,45.60,3094
2024-01-13T03:20:00,1,SHELF-E06,19.04,46.14,3094
2024-01-13T03:40:00,1,SHELF-E06,18.63,52.79,3094
2024-01-13T04:00:00,1,SHELF-E06,18.96,49.32,3094
2024-01-13T04:20:00,1,SHELF-E06,19.64,54.32,3094
2024-01-13T04:40:00,1,SHELF-E06,19.46,47.67,3094
2024-01-13T05:00:00,1,SHELF-E06,20.19,55.88,3094
2024-01-13T05:20:00,1,SHELF-E06,18.74,54.37,3094
2024-01-13T05:40:00,1,SHELF-E06,18.84,44.91,3094
2024-01-13T06:00:00,1,SHELF-E06,18.61,51.63,3094
2024-01-13T06:20:00,1,SHELF-E06,20.25,54.47,3094
2024-01-13T06:40:00,1,SHELF-E06,19.64,57.27,3094
2024-01-13T07:00:00,1,SHELF-E06,19.34,47.05,3094
2024-01-13T07:20:00,1,SHELF-E06,19.14,45.34,3094
2024-01-13T07:40:00,1,SHELF-E06,19.29,48.79,3094
2024-01-13T08:00:00,1,SHELF-E06,19.35,56.98,3094
2024-01-13T08:20:00,1,SHELF-E06,19.24,47.69,3094
2024-01-13T08:40:00,1,SHELF-E06,19.08,56.38,3094
2024-01-13T09:00:00,1,SHELF-E06,19.81,55.35,3094
2024-01-13T09:20:00,1,SHELF-E06,19.68,49.10,3094
2024-01-13T09:40:00,1,SHELF-E06,20.42,53.84,3094
2024-01-13T10:00:00,1,SHELF-E06,19.82,49.15,3094
2024-01-13T10:20:00,1,SHELF-E06,19.86,45.29,3094
2024-01-13T10:40:00,1,SHELF-E06,19.82,55.03,3094
2024-01-13T11:00:00,1,SHELF-E06,19.37,44.80,3094
2024-01-13T11:20:00,1,SHELF-E06,21.01,53.59,3094
2024-01-13T11:40:00,1,SHELF-E06,19.43,54.11,3094
2024-01-13T12:00:00,1,SHELF-E06,19.55,49.83,3094
2024-01-13T12:20:00,1,SHELF-E06,20.52,53.99,3094
2024-01-13T12:40:00,1,SHELF-E06,19.94,45.06,3094
2024-01-13T13:00:00,1,SHELF-E06,21.40,54.80,3094
2024-01-13T13:20:00,1,SHELF-E06,20.15,46.08,3094
2024-01-13T13:40:00,1,SHELF-E06,19.66,49.31,3094
2024-01-13T14:00:00,1,SHELF-E06,19.57,54.85,3094
2024-01-13T14:20:00,1,SHELF-E06,20.36,55.72,3094
2024-01-13T14:40:00,1,SHELF-E06,20.27,57.13,3094
2024-01-13T15:00:00,1,SHELF-E06,21.36,48.95,3094
2024-01-13T15:20:00,1,SHELF-E06,21.38,46.81,3094
2024-01-13T15:40:00,1,SHELF-E06,21.68,43.35,3094
2024-01-13T16:00:00,1,SHELF-E06,21.09,48.23,3094
2024-01-13T16:20:00,1,SHELF-E06,20.75,57.22,3094
2024-01-13T16:40:00,1,SHELF-E06,20.36,52.36,3094
2024-01-13T17:00:00,1,SHELF-E06,20.58,44.25,3094
2024-01-13T17:20:00,1,SHELF-E06,20.43,51.03,3094
2024-01-13T17:40:00,1,SHELF-E06,20.19,44.49,3094
2024-01-13T18:00:00,1,SHELF-E06,21.45,54.20,3094
2024-01-13T18:20:00,1,SHELF-E06,20.18,54.84,3094
2024-01-13T18:40:00,1,SHELF-E06,21.79,52.58,3094
2024-01-13T19:00:00,1,SHELF-E06,20.93,48.64,3094
2024-01-13T19:20:00,1,SHELF-E06,20.50,44.76,3094
2024-01-13T19:40:00,1,SHELF-E06,22.06,57.44,3094
2024-01-13T20:00:00,1,SHELF-E06,21.79,54.97,3094
2024-01-13T20:20:00,1,SHELF-E06,20.67,56.07,3094
2024-01-13T20:40:00,1,SHELF-E06,20.53,44.60,3094
2024-01-13T21:00:00,1,SHELF-E06,21.43,46.90,3094
2024-01-13T21:20:00,1,SHELF-E06,21.68,56.54,3094
2024-01-13T21:40:00,1,SHELF-E06,20.96,47.14,3094
2024-01-13T22:00:00,1,SHELF-E06,22.12,47.31,3094
2024-01-13T22:20:00,1,SHELF-E06,22.34,42.55,3094
2024-01-13T22:40:00,1,SHELF-E06,22.30,56.62,3094
2024-01-13T23:00:00,1,SHELF-E06,20.78,48.03,3094
2024-01-13T23:20:00,1,SHELF-E06,21.88,50.40,3094
2024-01-13T23:40:00,1,SHELF-E06,21.00,42.24,3094
2024-01-13T00:00:00,1,SHELF-F18,17.99,57.81,3133
2024-01-13T00:20:00,1,SHELF-F18,18.03,49.61,3133
2024-01-13T00:40:00,1,SHELF-F18,19.77,55.70,3133
2024-01-13T01:00:00,1,SHELF-F18,19.01,44.15,3133
2024-01-13T01:20:00,1,SHELF-F18,19.14,52.19,3133
2024-01-13T01:40:00,1,SHELF-F18,18.56,49.51,3133
2024-01-13T02:00:00,1,SHELF-F18,19.86,44.05,3133
2024-01-13T02:20:00,1,SHELF-F18,19.37,47.85,3133
2024-01-13T02:40:00,1,SHELF-F18,19.28,53.46,3133
2024-01-13T03:00:00,1,SHELF-F18,19.14,53.98,3133
2024-01-13T03:20:00,1,SHELF-F18,19.89,45.14,3133
2024-01-13T03:40:00,1,SHELF-F18,18.62,44.08,3133
2024-01-13T04:00:00,1,SHELF-F18,20.19,45.61,3133
2024-01-13T04:20:00,1,SHELF-F18,18.47,43.52,3133
2024-01-13T04:40:00,1,SHELF-F18,19.12,56.19,3133
2024-01-13T05:00:00,1,SHELF-F18,18.64,45.62,3133
2024-01-13T05:20:00,1,SHELF-F18,18.80,52.55,3133
2024-01-13T05:40:00,1,SHELF-F18,19.09,57.58,3133
2024-01-13T06:00:00,1,SHELF-F18,19.89,50.32,3133
2024-01-13T06:20:00,1,SHELF-F18,19.71,56.14,3133
2024-01-13T06:40:00,1,SHELF-F18,20.08,44.11,3133
2024-01-13T07:00:00,1,SHELF-F18,19.53,52.58,3133
2024-01-13T07:20:00,1,SHELF-F18,19.84,56.95,3133
2024-01-13T07:40:00,1,SHELF-F18,18.75,56.50,3133
2024-01-13T08:00:00,1,SHELF-F18,19.58,42.77,3133
2024-01-13T08:20:00,1,SHELF-F18,19.20,44.91,3133
2024-01-13T08:40:00,1,SHELF-F18,19.09,42.55,3133
2024-01-13T09:00:00,1,SHELF-F18,20.52,44.59,3133
2024-01-13T09:20:00,1,SHELF-F18,19.58,51.15,3133
2024-01-13T09:40:00,1,SHELF-F18,19.90,47.50,3133
2024-01-13T10:00:00,1,SHELF-F18,20.32,55.07,3133
2024-01-13T10:20:00,1,SHELF-F18,20.21,49.23,3133
2024-01-13T10:40:00,1,SHELF-F18,19.49,51.94,3133
2024-01-13T11:00:00,1,SHELF-F18,20.27,43.89,3133
2024-01-13T11:20:00,1,SHELF-F18,19.74,54.30,3133
2024-01-13T11:40:00,1,SHELF-F18,21.03,47.40,3133
2024-01-13T12:00:00,1,SHELF-F18,21.09,46.08,3133
2024-01-13T12:20:00,1,SHELF-F18,20.92,49.80,3133
2024-01-13T12:40:00,1,SHELF-F18,20.41,52.61,3133
2024-01-13T13:00:00,1,SHELF-F18,20.77,47.48,3133
2024-01-13T13:20:00,1,SHELF-F18,20.47,43.01,3133
2024-01-13T13:40:00,1,SHELF-F18,20.16,52.28,3133
2024-01-13T14:00:00,1,SHELF-F18,21.49,44.02,3133
2024-01-13T14:20:00,1,SHELF-F18,20.01,49.32,3133
2024-01-13T14:40:00,1,SHELF-F18,19.78,50.81,3133
2024-01-13T15:00:00,1,SHELF-F18,20.27,55.97,3133
2024-01-13T15:20:00,1,SHELF-F18,20.30,48.98,3133
2024-01-13T15:40:00,1,SHELF-F18,21.65,43.33,3133
2024-01-13T16:00:00,1,SHELF-F18,21.54,50.08,3133
2024-01-13T16:20:00,1,SHELF-F18,20.60,57.06,3133
2024-01-13T16:40:00,1,SHELF-F18,21.80,45.12,3133
2024-01-13T17:00:00,1,SHELF-F18,21.61,45.55,3133
2024-01-13T17:20:00,1,SHELF-F18,19.97,53.73,3133
2024-01-13T17:40:00,1,SHELF-F18,20.64,51.61,3133
2024-01-13T18:00:00,1,SHELF-F18,20.36,55.76,3133
2024-01-13T18:20:00,1,SHELF-F18,21.11,54.80,3133
2024-01-13T18:40:00,1,SHELF-F18,20.78,45.69,3133
2024-01-13T19:00:00,1,SHELF-F18,22.08,50.49,3133
2024-01-13T19:20:00,1,SHELF-F18,20.93,43.60,3133
2024-01-13T19:40:00,1,SHELF-F18,20.51,52.15,3133
2024-01-13T20:00:00,1,SHELF-F18,21.54,55.49,3133
2024-01-13T20:20:00,1,SHELF-F18,21.81,44.43,3133
2024-01-13T20:40:00,1,SHELF-F18,22.19,51.75,3133
2024-01-13T21:00:00,1,SHELF-F18,22.15,46.45,3133
2024-01-13T21:20:00,1,SHELF-F18,22.35,57.18,3133
2024-01-13T21:40:00,1,SHELF-F18,21.03,56.42,3133
2024-01-13T22:00:00,1,SHELF-F18,22.50,56.30,3133
2024-01-13T22:20:00,1,SHELF-F18,21.49,44.18,3133
2024-01-13T22:40:00,1,SHELF-F18,22.43,42.01,3133
2024-01-13T23:00:00,1,SHELF-F18,21.19,50.89,3133
2024-01-13T23:20:00,1,SHELF-F18,21.31,56.77,3133
2024-01-13T23:40:00,1,SHELF-F18,21.91,57.35,3133
2024-01-14T00:00:00,1,SHELF-D12,19.32,44.24,3089
2024-01-14T00:20:00,1,SHELF-D12,18.77,44.56,3089
2024-01-14T00:40:00,1,SHELF-D12,19.75,57.62,3089
2024-01-14T01:00:00,1,SHELF-D12,19.89,48.26,3089
2024-01-14T01:20:00,1,SHELF-D12,18.25,48.70,3089
2024-01-14T01:40:00,1,SHELF-D12,19.12,45.98,3089
2024-01-14T02:00:00,1,SHELF-D12,18.76,45.62,3089
2024-01-14T02:20:00,1,SHELF-D12,19.96,44.25,3089
2024-01-14T02:40:00,1,SHELF-D12,18.86,53.62,3089
2024-01-14T03:00:00,1,SHELF-D12,19.35,52.76,3089
2024-01-14T03:20:00,1,SHELF-D12,18.59,44.28,3089
2024-01-14T03:40:00,1,SHELF-D12,18.73,47.24,3089
2024-01-14T04:00:00,1,SHELF-D12,19.58,50.33,3089
2024-01-14T04:20:00,1,SHELF-D12,19.36,54.35,3089
2024-01-14T04:40:00,1,SHELF-D12,19.50,45.71,3089
2024-01-14T05:00:00,1,SHELF-D12,19.31,55.16,3089
2024-01-14T05:20:00,1,SHELF-D12,19.52,51.76,3089
2024-01-14T05:40:00,1,SHELF-D12,18.74,56.08,3089
2024-01-14T06:00:00,1,SHELF-D12,20.07,53.52,3089
2024-01-14T06:20:00,1,SHELF-D12,20.31,57.19,3089
2024-01-14T06:40:00,1,SHELF-D12,18.64,55.41,3089
2024-01-14T07:00:00,1,SHELF-D12,19.19,52.03,3089
2024-01-14T07:20:00,1,SHELF-D12,19.53,44.70,3089
2024-01-14T07:40:00,1,SHELF-D12,20.10,55.85,3089
2024-01-14T08:00:00,1,SHELF-D12,19.78,46.66,3089
2024-01-14T08:20:00,1,SHELF-D12,19.85,43.42,3089
2024-01-14T08:40:00,1,SHELF-D12,20.27,57.36,3089
2024-01-14T09:00:00,1,SHELF-D12,20.66,45.86,3089
2024-01-14T09:20:00,1,SHELF-D12,20.63,49.91,3089
2024-01-14T09:40:00,1,SHELF-D12,20.34,48.92,3089
2024-01-14T10:00:00,1,SHELF-D12,19.17,43.68,3089
2024-01-14T10:20:00,1,SHELF-D12,20.60,55.48,3089
2024-01-14T10:40:00,1,SHELF-D12,20.52,56.48,3089
2024-01-14T11:00:00,1,SHELF-D12,20.46,47.26,3089
2024-01-14T11:20:00,1,SHELF-D12,20.52,46.02,3089
2024-01-14T11:40:00,1,SHELF-D12,19.90,42.21,3089
2024-01-14T12:00:00,1,SHELF-D12,20.73,49.77,3089
2024-01-14T12:20:00,1,SHELF-D12,20.48,45.54,3089
2024-01-14T12:40:00,1,SHELF-D12,20.18,46.25,3089
2024-01-14T13:00:00,1,SHELF-D12,21.43,55.22,3089
2024-01-14T13:20:00,1,SHELF-D12,20.41,51.71,3089
2024-01-14T13:40:00,1,SHELF-D12,20.56,51.71,3089
2024-01-14T14:00:00,1,SHELF-D12,21.30,52.68,3089
2024-01-14T14:20:00,1,SHELF-D12,19.64,43.72,3089
2024-01-14T14:40:00,1,SHELF-D12,21.23,52.28,3089
2024-01-14T15:00:00,1,SHELF-D12,19.88,43.52,3089
2024-01-14T15:20:00,1,SHELF-D12,21.62,45.82,3089
2024-01-14T15:40:00,1,SHELF-D12,20.84,53.35,3089
2024-01-14T16:00:00,1,SHELF-D12,21.02,55.04,3089
2024-01-14T16:20:00,1,SHELF-D12,21.24,42.64,3089
2024-01-14T16:40:00,1,SHELF-D12,21.10,49.04,3089
2024-01-14T17:00:00,1,SHELF-D12,20.85,55.81,3089
2024-01-14T17:20:00,1,SHELF-D12,20.01,48.38,3089
2024-01-14T17:40:00,1,SHELF-D12,21.54,53.91,3089
2024-01-14T18:00:00,1,SHELF-D12,20.92,56.53,3089
2024-01-14T18:20:00,1,SHELF-D12,20.49,44.89,3089
2024-01-14T18:40:00,1,SHELF-D12,21.32,47.26,3089
2024-01-14T19:00:00,1,SHELF-D12,20.77,48.59,3089
2024-01-14T19:20:00,1,SHELF-D12,20.24,49.31,3089
2024-01-14T19:40:00,1,SHELF-D12,21.96,47.74,3089
2024-01-14T20:00:00,1,SHELF-D12,21.67,47.64,3089
2024-01-14T20:20:00,1,SHELF-D12,22.24,46.43,3089
2024-01-14T20:40:00,1,SHELF-D12,21.88,47.19,3089
2024-01-14T21:00:00,1,SHELF-D12,21.83,52.16,3089
2024-01-14T21:20:00,1,SHELF-D12,21.97,44.57,3089
2024-01-14T21:40:00,1,SHELF-D12,21.55,55.82,3089
2024-01-14T22:00:00,1,SHELF-D12,21.85,53.85,3089
2024-01-14T22:20:00,1,SHELF-D12,22.06,54.50,3089
2024-01-14T22:40:00,1,SHELF-D12,20.90,50.00,3089
2024-01-14T23:00:00,1,SHELF-D12,20.86,47.63,3089
2024-01-14T23:20:00,1,SHELF-D12,21.76,54.88,3089
2024-01-14T23:40:00,1,SHELF-D12,22.61,47.06,3089
2024-01-14T00:00:00,1,SHELF-A19,18.01,53.55,3152
2024-01-14T00:20:00,1,SHELF-A19,19.09,47.01,3152
2024-01-14T00:40:00,1,SHELF-A19,18.80,44.98,3152
2024-01-14T01:00:00,1,SHELF-A19,18.70,46.23,3152
2024-01-14T01:20:00,1,SHELF-A19,19.35,47.61,3152
2024-01-14T01:40:00,1,SHELF-A19,19.54,56.33,3152
2024-01-14T02:00:00,1,SHELF-A19,19.57,57.35,3152
2024-01-14T02:20:00,1,SHELF-A19,18.70,43.78,3152
2024-01-14T02:40:00,1,SHELF-A19,19.22,56.54,3152
2024-01-14T03:00:00,1,SHELF-A19,19.58,50.97,3152
2024-01-14T03:20:00,1,SHELF-A19,19.70,50.61,3152
2024-01-14T03:40:00,1,SHELF-A19,18.98,53.13,3152
2024-01-14T04:00:00,1,SHELF-A19,18.70,43.45,3152
2024-01-14T04:20:00,1,SHELF-A19,19.50,56.03,3152
2024-01-14T04:40:00,1,SHELF-A19,19.12,46.21,3152
2024-01-14T05:00:00,1,SHELF-A19,19.86,50.53,3152
2024-01-14T05:20:00,1,SHELF-A19,19.23,56.74,3152
2024-01-14T05:40:00,1,SHELF-A19,18.64,57.30,3152
2024-01-14T06:00:00,1,SHELF-A19,20.19,56.20,3152
2024-01-14T06:20:00,1,SHELF-A19,19.15,51.12,3152
2024-01-14T06:40:00,1,SHELF-A19,18.72,57.99,3152
2024-01-14T07:00:00,1,SHELF-A19,19.57,42.65,3152
2024-01-14T07:20:00,1,SHELF-A19,19.78,52.68,3152
2024-01-14T07:40:00,1,SHELF-A19,19.23,49.91,3152
2024-01-14T08:00:00,1,SHELF-A19,20.47,57.73,3152
2024-01-14T08:20:00,1,SHELF-A19,19.30,45.61,3152
2024-01-14T08:40:00,1,SHELF-A19,20.10,45.46,3152
2024-01-14T09:00:00,1,SHELF-A19,18.96,45.90,3152
2024-01-14T09:20:00,1,SHELF-A19,18.97,51.80,3152
2024-01-14T09:40:00,1,SHELF-A19,20.61,48.63,3152
2024-01-14T10:00:00,1,SHELF-A19,20.16,51.09,3152
2024-01-14T10:20:00,1,SHELF-A19,19.88,55.57,3152
2024-01-14T10:40:00,1,SHELF-A19,20.22,52.04,3152
2024-01-14T11:00:00,1,SHELF-A19,20.96,57.67,3152
2024-01-14T11:20:00,1,SHELF-A19,20.68,53.31,3152
2024-01-14T11:40:00,1,SHELF-A19,21.15,54.85,3152
2024-01-14T12:00:00,1,SHELF-A19,19.83,47.92,3152
2024-01-14T12:20:00,1,SHELF-A19,21.11,56.99,3152
2024-01-14T12:40:00,1,SHELF-A19,19.95,47.71,3152
2024-01-14T13:00:00,1,SHELF-A19,21.35,44.15,3152
2024-01-14T13:20:00,1,SHELF-A19,21.15,57.78,3152
2024-01-14T13:40:00,1,SHELF-A19,19.93,50.61,3152
2024-01-14T14:00:00,1,SHELF-A19,19.82,57.70,3152
2024-01-14T14:20:00,1,SHELF-A19,21.13,50.12,3152
2024-01-14T14:40:00,1,SHELF-A19,20.51,47.02,3152
2024-01-14T15:00:00,1,SHELF-A19,21.30,51.67,3152
2024-01-14T15:20:00,1,SHELF-A19,21.12,53.48,3152
2024-01-14T15:40:00,1,SHELF-A19,20.97,50.87,3152
2024-01-14T16:00:00,1,SHELF-A19,21.78,49.44,3152
2024-01-14T16:20:00,1,SHELF-A19,20.96,42.85,3152
2024-01-14T16:40:00,1,SHELF-A19,21.05,49.95,3152
2024-01-14T17:00:00,1,SHELF-A19,20.81,57.25,3152
2024-01-14T17:20:00,1,SHELF-A19,20.28,50.96,3152
2024-01-14T17:40:00,1,SHELF-A19,21.05,42.92,3152
2024-01-14T18:00:00,1,SHELF-A19,20.75,55.88,3152
2024-01-14T18:20:00,1,SHELF-A19,20.35,52.91,3152
2024-01-14T18:40:00,1,SHELF-A19,20.19,53.50,3152
2024-01-14T19:00:00,1,SHELF-A19,21.32,57.16,3152
2024-01-14T19:20:00,1,SHELF-A19,21.64,53.42,3152
2024-01-14T19:40:00,1,SHELF-A19,21.16,53.27,3152
2024-01-14T20:00:00,1,SHELF-A19,22.19,57.78,3152
2024-01-14T20:20:00,1,SHELF-A19,20.74,49.23,3152
2024-01-14T20:40:00,1,SHELF-A19,21.38,52.79,3152
2024-01-14T21:00:00,1,SHELF-A19,21.09,51.12,3152
2024-01-14T21:20:00,1,SHELF-A19,22.18,57.14,3152
2024-01-14T21:40:00,1,SHELF-A19,20.72,50.63,3152
2024-01-14T22:00:00,1,SHELF-A19,21.92,47.03,3152
2024-01-14T22:20:00,1,SHELF-A19,20.57,51.75,3152
2024-01-14T22:40:00,1,SHELF-A19,21.98,47.73,3152
2024-01-14T23:00:00,1,SHELF-A19,20.92,57.64,3152
2024-01-14T23:20:00,1,SHELF-A19,21.91,50.48,3152
2024-01-14T23:40:00,1,SHELF-A19,22.14,53.72,3152
2024-01-14T00:00:00,1,SHELF-B19,19.77,54.38,3137
2024-01-14T00:20:00,1,SHELF-B19,19.79,55.37,3137
2024-01-14T00:40:00,1,SHELF-B19,17.87,56.86,3137
2024-01-14T01:00:00,1,SHELF-B19,19.39,47.31,3137
2024-01-14T01:20:00,1,SHELF-B19,18.12,48.46,3137
2024-01-14T01:40:00,1,SHELF-B19,19.33,52.97,3137
2024-01-14T02:00:00,1,SHELF-B19,19.67,48.10,3137
2024-01-14T02:20:00,1,SHELF-B19,19.01,55.56,3137
2024-01-14T02:40:00,1,SHELF-B19,18.42,46.98,3137
2024-01-14T03:00:00,1,SHELF-B19,18.54,48.89,3137
2024-01-14T03:20:00,1,SHELF-B19,18.69,43.45,3137
2024-01-14T03:40:00,1,SHELF-B19,18.70,45.21,3137
2024-01-14T04:00:00,1,SHELF-B19,19.01,52.36,3137
2024-01-14T04:20:00,1,SHELF-B19,18.47,49.23,3137
2024-01-14T04:40:00,1,SHELF-B19,18.50,46.12,3137
2024-01-14T05:00:00,1,SHELF-B19,20.19,42.97,3137
2024-01-14T05:20:00,1,SHELF-B19,19.55,52.92,3137
2024-01-14T05:40:00,1,SHELF-B19,18.62,42.03,3137
2024-01-14T06:00:00,1,SHELF-B19,20.53,42.20,3137
2024-01-14T06:20:00,1,SHELF-B19,19.21,46.90,3137
2024-01-14T06:40:00,1,SHELF-B19,20.16,51.09,3137
2024-01-14T07:00:00,1,SHELF-B19,19.43,43.11,3137
2024-01-14T07:20:00,1,SHELF-B19,19.03,52.18,3137
2024-01-14T07:40:00,1,SHELF-B19,19.68,50.56,3137
2024-01-14T08:00:00,1,SHELF-B19,20.76,43.55,3137
2024-01-14T08:20:00,1,SHELF-B19,20.17,44.47,3137
2024-01-14T08:40:00,1,SHELF-B19,19.56,44.83,3137
2024-01-14T09:00:00,1,SHELF-B19,19.81,55.54,3137
2024-01-14T09:20:00,1,SHELF-B19,20.48,50.12,3137
2024-01-14T09:40:00,1,SHELF-B19,20.56,49.12,3137
2024-01-14T10:00:00,1,SHELF-B19,20.30,56.96,3137
2024-01-14T10:20:00,1,SHELF-B19,20.83,54.70,3137
2024-01-14T10:40:00,1,SHELF-B19,19.30,56.95,3137
2024-01-14T11:00:00,1,SHELF-B19,21.05,43.72,3137
2024-01-14T11:20:00,1,SHELF-B19,20.55,51.44,3137
2024-01-14T11:40:00,1,SHELF-B19,19.52,43.60,3137
2024-01-14T12:00:00,1,SHELF-B19,19.69,44.48,3137
2024-01-14T12:20:00,1,SHELF-B19,20.53,47.40,3137
2024-01-14T12:40:00,1,SHELF-B19,20.22,52.54,3137
2024-01-14T13:00:00,1,SHELF-B19,21.10,54.55,3137
2024-01-14T13:20:00,1,SHELF-B19,21.32,52.70,3137
2024-01-14T13:40:00,1,SHELF-B19,19.56,45.94,3137
2024-01-14T14:00:00,1,SHELF-B19,19.84,57.37,3137
2024-01-14T14:20:00,1,SHELF-B19,20.54,54.70,3137
2024-01-14T14:40:00,1,SHELF-B19,19.64,42.94,3137
2024-01-14T15:00:00,1,SHELF-B19,21.65,49.69,3137
2024-01-14T15:20:00,1,SHELF-B19,21.37,52.55,3137
2024-01-14T15:40:00,1,SHELF-B19,21.19,51.46,3137
2024-01-14T16:00:00,1,SHELF-B19,21.50,43.46,3137
2024-01-14T16:20:00,1,SHELF-B19,21.12,56.59,3137
2024-01-14T16:40:00,1,SHELF-B19,20.93,53.24,3137
2024-01-14T17:00:00,1,SHELF-B19,20.98,54.11,3137
2024-01-14T17:20:00,1,SHELF-B19,21.22,46.52,3137
2024-01-14T17:40:00,1,SHELF-B19,20.20,54.22,3137
2024-01-14T18:00:00,1,SHELF-B19,20.64,52.02,3137
2024-01-14T18:20:00,1,SHELF-B19,20.87,48.03,3137
2024-01-14T18:40:00,1,SHELF-B19,21.04,49.86,3137
2024-01-14T19:00:00,1,SHELF-B19,20.83,49.75,3137
2024-01-14T19:20:00,1,SHELF-B19,20.96,49.96,3137
2024-01-14T19:40:00,1,SHELF-B19,21.76,46.60,3137
2024-01-14T20:00:00,1,SHELF-B19,21.68,42.88,3137
2024-01-14T20:20:00,1,SHELF-B19,21.97,45.01,3137
2024-01-14T20:40:00,1,SHELF-B19,20.49,56.27,3137
2024-01-14T21:00:00,1,SHELF-B19,21.93,51.14,3137
2024-01-14T21:20:00,1,SHELF-B19,20.78,47.02,3137
2024-01-14T21:40:00,1,SHELF-B19,20.53,42.45,3137
2024-01-14T22:00:00,1,SHELF-B19,22.49,48.16,3137
2024-01-14T22:20:00,1,SHELF-B19,21.26,50.60,3137
2024-01-14T22:40:00,1,SHELF-B19,22.21,52.95,3137
2024-01-14T23:00:00,1,SHELF-B19,21.55,50.13,3137
2024-01-14T23:20:00,1,SHELF-B19,22.38,50.14,3137
2024-01-14T23:40:00,1,SHELF-B19,22.04,42.72,3137
2024-01-14T00:00:00,1,SHELF-E06,18.00,57.20,3128
2024-01-14T00:20:00,1,SHELF-E06,19.59,53.40,3128
2024-01-14T00:40:00,1,SHELF-E06,17.95,45.26,3128
2024-01-14T01:00:00,1,SHELF-E06,18.35,52.25,3128
2024-01-14T01:20:00,1,SHELF-E06,17.96,56.75,3128
2024-01-14T01:40:00,1,SHELF-E06,18.34,53.03,3128
2024-01-14T02:00:00,1,SHELF-E06,19.91,42.08,3128
2024-01-14T02:20:00,1,SHELF-E06,18.54,55.02,3128
2024-01-14T02:40:00,1,SHELF-E06,19.72,57.75,3128
2024-01-14T03:00:00,1,SHELF-E06,20.16,55.23,3128
2024-01-14T03:20:00,1,SHELF-E06,18.93,55.40,3128
2024-01-14T03:40:00,1,SHELF-E06,18.27,44.27,3128
2024-01-14T04:00:00,1,SHELF-E06,18.80,52.70,3128
2024-01-14T04:20:00,1,SHELF-E06,20.07,48.77,3128
2024-01-14T04:40:00,1,SHELF-E06,19.45,55.82,3128
2024-01-14T05:00:00,1,SHELF-E06,19.69,45.28,3128
2024-01-14T05:20:00,1,SHELF-E06,20.19,53.79,3128
2024-01-14T05:40:00,1,SHELF-E06,18.98,53.04,3128
2024-01-14T06:00:00,1,SHELF-E06,19.39,48.62,3128
2024-01-14T06:20:00,1,SHELF-E06,19.11,56.42,3128
2024-01-14T06:40:00,1,SHELF-E06,20.19,49.81,3128
2024-01-14T07:00:00,1,SHELF-E06,19.88,52.02,3128
2024-01-14T07:20:00,1,SHELF-E06,19.47,53.14,3128
2024-01-14T07:40:00,1,SHELF-E06,19.58,52.61,3128
2024-01-14T08:00:00,1,SHELF-E06,19.25,52.20,3128
2024-01-14T08:20:00,1,SHELF-E06,19.04,56.44,3128
2024-01-14T08:40:00,1,SHELF-E06,19.78,44.93,3128
2024-01-14T09:00:00,1,SHELF-E06,19.59,57.10,3128
2024-01-14T09:20:00,1,SHELF-E06,19.45,52.89,3128
2024-01-14T09:40:00,1,SHELF-E06,20.79,48.37,3128
2024-01-14T10:00:00,1,SHELF-E06,20.13,46.56,3128
2024-01-14T10:20:00,1,SHELF-E06,20.20,43.74,3128
2024-01-14T10:40:00,1,SHELF-E06,19.30,55.17,3128
2024-01-14T11:00:00,1,SHELF-E06,20.95,57.20,3128
2024-01-14T11:20:00,1,SHELF-E06,20.29,49.97,3128
2024-01-14T11:40:00,1,SHELF-E06,19.44,57.93,3128
2024-01-14T12:00:00,1,SHELF-E06,20.25,43.75,3128
2024-01-14T12:20:00,1,SHELF-E06,19.76,55.33,3128
2024-01-14T12:40:00,1,SHELF-E06,19.68,54.20,3128
2024-01-14T13:00:00,1,SHELF-E06,21.05,45.87,3128
2024-01-14T13:20:00,1,SHELF-E06,20.66,49.01,3128
2024-01-14T13:40:00,1,SHELF-E06,19.72,51.55,3128
2024-01-14T14:00:00,1,SHELF-E06,19.64,56.94,3128
2024-01-14T14:20:00,1,SHELF-E06,21.09,45.02,3128
2024-01-14T14:40:00,1,SHELF-E06,19.98,47.09,3128
2024-01-14T15:00:00,1,SHELF-E06,20.82,57.18,3128
2024-01-14T15:20:00,1,SHELF-E06,20.37,57.21,3128
2024-01-14T15:40:00,1,SHELF-E06,21.53,47.60,3128
2024-01-14T16:00:00,1,SHELF-E06,20.21,52.31,3128
2024-01-14T16:20:00,1,SHELF-E06,20.59,44.45,3128
2024-01-14T16:40:00,1,SHELF-E06,20.39,43.02,3128
2024-01-14T17:00:00,1,SHELF-E06,20.30,45.11,3128
2024-01-14T17:20:00,1,SHELF-E06,21.25,49.02,3128
2024-01-14T17:40:00,1,SHELF-E06,21.68,43.11,3128
2024-01-14T18:00:00,1,SHELF-E06,20.55,50.46,3128
2024-01-14T18:20:00,1,SHELF-E06,21.17,44.29,3128
2024-01-14T18:40:00,1,SHELF-E06,21.99,42.91,3128
2024-01-14T19:00:00,1,SHELF-E06,21.55,48.56,3128
2024-01-14T19:20:00,1,SHELF-E06,21.25,51.90,3128
2024-01-14T19:40:00,1,SHELF-E06,20.52,56.92,3128
2024-01-14T20:00:00,1,SHELF-E06,21.05,44.30,3128
2024-01-14T20:20:00,1,SHELF-E06,20.52,45.74,3128
2024-01-14T20:40:00,1,SHELF-E06,21.07,51.00,3128
2024-01-14T21:00:00,1,SHELF-E06,22.06,54.30,3128
2024-01-14T21:20:00,1,SHELF-E06,20.67,45.59,3128
2024-01-14T21:40:00,1,SHELF-E06,21.69,51.02,3128
2024-01-14T22:00:00,1,SHELF-E06,20.71,52.38,3128
2024-01-14T22:20:00,1,SHELF-E06,22.38,57.00,3128
2024-01-14T22:40:00,1,SHELF-E06,21.85,46.52,3128
2024-01-14T23:00:00,1,SHELF-E06,21.91,49.19,3128
2024-01-14T23:20:00,1,SHELF-E06,22.18,52.93,3128
2024-01-14T23:40:00,1,SHELF-E06,21.91,47.52,3128
2024-01-14T00:00:00,1,SHELF-F18,18.72,56.71,3236
2024-01-14T00:20:00,1,SHELF-F18,18.11,50.58,3236
2024-01-14T00:40:00,1,SHELF-F18,18.53,44.31,3236
2024-01-14T01:00:00,1,SHELF-F18,19.21,44.79,3236
2024-01-14T01:20:00,1,SHELF-F18,19.87,57.99,3236
2024-01-14T01:40:00,1,SHELF-F18,19.70,47.89,3236
2024-01-14T02:00:00,1,SHELF-F18,18.10,54.89,3236
2024-01-14T02:20:00,1,SHELF-F18,18.35,49.36,3236
2024-01-14T02:40:00,1,SHELF-F18,19.48,50.66,3236
2024-01-14T03:00:00,1,SHELF-F18,18.64,48.44,3236
2024-01-14T03:20:00,1,SHELF-F18,19.86,47.65,3236
2024-01-14T03:40:00,1,SHELF-F18,20.07,48.74,3236
2024-01-14T04:00:00,1,SHELF-F18,19.14,53.74,3236
2024-01-14T04:20:00,1,SHELF-F18,19.20,48.22,3236
2024-01-14T04:40:00,1,SHELF-F18,19.03,47.22,3236
2024-01-14T05:00:00,1,SHELF-F18,19.23,53.57,3236
2024-01-14T05:20:00,1,SHELF-F18,18.84,45.47,3236
2024-01-14T05:40:00,1,SHELF-F18,18.81,45.11,3236
2024-01-14T06:00:00,1,SHELF-F18,20.30,52.55,3236
2024-01-14T06:20:00,1,SHELF-F18,19.80,56.41,3236
2024-01-14T06:40:00,1,SHELF-F18,19.65,54.22,3236
2024-01-14T07:00:00,1,SHELF-F18,19.50,52.30,3236
2024-01-14T07:20:00,1,SHELF-F18,19.11,44.26,3236
2024-01-14T07:40:00,1,SHELF-F18,18.90,52.44,3236
2024-01-14T08:00:00,1,SHELF-F18,19.41,55.33,3236
2024-01-14T08:20:00,1,SHELF-F18,20.36,51.98,3236
2024-01-14T08:40:00,1,SHELF-F18,18.91,45.47,3236
2024-01-14T09:00:00,1,SHELF-F18,20.04,44.51,3236
2024-01-14T09:20:00,1,SHELF-F18,19.70,50.28,3236
2024-01-14T09:40:00,1,SHELF-F18,19.29,49.09,3236
2024-01-14T10:00:00,1,SHELF-F18,20.45,48.18,3236
2024-01-14T10:20:00,1,SHELF-F18,20.39,46.37,3236
2024-01-14T10:40:00,1,SHELF-F18,20.55,51.01,3236
2024-01-14T11:00:00,1,SHELF-F18,19.49,48.43,3236
2024-01-14T11:20:00,1,SHELF-F18,20.75,45.16,3236
2024-01-14T11:40:00,1,SHELF-F18,20.01,49.50,3236
2024-01-14T12:00:00,1,SHELF-F18,21.04,44.09,3236
2024-01-14T12:20:00,1,SHELF-F18,21.17,47.06,3236
2024-01-14T12:40:00,1,SHELF-F18,21.17,51.80,3236
2024-01-14T13:00:00,1,SHELF-F18,20.90,56.01,3236
2024-01-14T13:20:00,1,SHELF-F18,20.79,54.59,3236
2024-01-14T13:40:00,1,SHELF-F18,19.60,42.14,3236
2024-01-14T14:00:00,1,SHELF-F18,21.28,42.84,3236
2024-01-14T14:20:00,1,SHELF-F18,21.26,47.01,3236
2024-01-14T14:40:00,1,SHELF-F18,21.36,45.25,3236
2024-01-14T15:00:00,1,SHELF-F18,19.98,45.41,3236
2024-01-14T15:20:00,1,SHELF-F18,21.36,47.81,3236
2024-01-14T15:40:00,1,SHELF-F18,21.50,51.34,3236
2024-01-14T16:00:00,1,SHELF-F18,21.46,49.60,3236
2024-01-14T16:20:00,1,SHELF-F18,21.21,46.64,3236
2024-01-14T16:40:00,1,SHELF-F18,20.01,50.99,3236
2024-01-14T17:00:00,1,SHELF-F18,21.73,44.43,3236
2024-01-14T17:20:00,1,SHELF-F18,20.76,50.52,3236
2024-01-14T17:40:00,1,SHELF-F18,21.17,44.53,3236
2024-01-14T18:00:00,1,SHELF-F18,21.16,49.51,3236
2024-01-14T18:20:00,1,SHELF-F18,22.02,53.04,3236
2024-01-14T18:40:00,1,SHELF-F18,21.86,57.62,3236
2024-01-14T19:00:00,1,SHELF-F18,21.51,44.35,3236
2024-01-14T19:20:00,1,SHELF-F18,21.07,54.09,3236
2024-01-14T19:40:00,1,SHELF-F18,20.45,48.10,3236
2024-01-14T20:00:00,1,SHELF-F18,21.07,44.73,3236
2024-01-14T20:20:00,1,SHELF-F18,20.35,53.01,3236
2024-01-14T20:40:00,1,SHELF-F18,21.94,56.90,3236
2024-01-14T21:00:00,1,SHELF-F18,21.60,44.91,3236
2024-01-14T21:20:00,1,SHELF-F18,22.22,57.52,3236
2024-01-14T21:40:00,1,SHELF-F18,22.33,51.07,3236
2024-01-14T22:00:00,1,SHELF-F18,22.33,57.81,3236
2024-01-14T22:20:00,1,SHELF-F18,22.33,43.10,3236
2024-01-14T22:40:00,1,SHELF-F18,20.83,46.80,3236
2024-01-14T23:00:00,1,SHELF-F18,21.47,44.39,3236
2024-01-14T23:20:00,1,SHELF-F18,22.67,54.66,3236
2024-01-14T23:40:00,1,SHELF-F18,22.02,57.39,3236
2024-01-15T00:00:00,1,SHELF-D12,18.39,54.68,3154
2024-01-15T00:20:00,1,SHELF-D12,19.38,47.68,3154
2024-01-15T00:40:00,1,SHELF-D12,19.77,49.92,3154
2024-01-15T01:00:00,1,SHELF-D12,19.18,51.45,3154
2024-01-15T01:20:00,1,SHELF-D12,19.92,47.84,3154
2024-01-15T01:40:00,1,SHELF-D12,18.44,50.21,3154
2024-01-15T02:00:00,1,SHELF-D12,20.02,56.47,3154
2024-01-15T02:20:00,1,SHELF-D12,18.10,47.10,3154
2024-01-15T02:40:00,1,SHELF-D12,18.39,52.39,3154
2024-01-15T03:00:00,1,SHELF-D12,19.58,46.21,3154
2024-01-15T03:20:00,1,SHELF-D12,20.18,47.40,3154
2024-01-15T03:40:00,1,SHELF-D12,18.73,57.92,3154
2024-01-15T04:00:00,1,SHELF-D12,19.62,52.55,3154
2024-01-15T04:20:00,1,SHELF-D12,18.97,42.50,3154
2024-01-15T04:40:00,1,SHELF-D12,20.05,56.82,3154
2024-01-15T05:00:00,1,SHELF-D12,18.45,51.18,3154
2024-01-15T05:20:00,1,SHELF-D12,19.04,45.19,3154
2024-01-15T05:40:00,1,SHELF-D12,19.37,48.21,3154
2024-01-15T06:00:00,1,SHELF-D12,19.95,46.32,3154
2024-01-15T06:20:00,1,SHELF-D12,19.31,47.87,3154
2024-01-15T06:40:00,1,SHELF-D12,19.58,57.90,3154
2024-01-15T07:00:00,1,SHELF-D12,19.53,53.32,3154
2024-01-15T07:20:00,1,SHELF-D12,18.95,47.54,3154
2024-01-15T07:40:00,1,SHELF-D12,19.21,45.09,3154
2024-01-15T08:00:00,1,SHELF-D12,19.37,43.33,3154
2024-01-15T08:20:00,1,SHELF-D12,19.71,52.75,3154
2024-01-15T08:40:00,1,SHELF-D12,20.42,56.61,3154
2024-01-15T09:00:00,1,SHELF-D12,20.66,56.33,3154
2024-01-15T09:20:00,1,SHELF-D12,18.98,44.06,3154
2024-01-15T09:40:00,1,SHELF-D12,20.46,45.89,3154
2024-01-15T10:00:00,1,SHELF-D12,19.41,43.04,3154
2024-01-15T10:20:00,1,SHELF-D12,20.20,45.79,3154
2024-01-15T10:40:00,1,SHELF-D12,19.23,43.21,3154
2024-01-15T11:00:00,1,SHELF-D12,20.63,53.78,3154
2024-01-15T11:20:00,1,SHELF-D12,19.86,56.54,3154
2024-01-15T11:40:00,1,SHELF-D12,19.32,51.32,3154
2024-01-15T12:00:00,1,SHELF-D12,21.24,57.51,3154
2024-01-15T12:20:00,1,SHELF-D12,20.57,47.29,3154
2024-01-15T12:40:00,1,SHELF-D12,20.64,51.80,3154
2024-01-15T13:00:00,1,SHELF-D12,19.55,44.22,3154
2024-01-15T13:20:00,1,SHELF-D12,21.27,56.82,3154
2024-01-15T13:40:00,1,SHELF-D12,19.80,53.49,3154
2024-01-15T14:00:00,1,SHELF-D12,19.74,48.93,3154
2024-01-15T14:20:00,1,SHELF-D12,20.93,45.36,3154
2024-01-15T14:40:00,1,SHELF-D12,20.99,48.19,3154
2024-01-15T15:00:00,1,SHELF-D12,20.93,45.08,3154
2024-01-15T15:20:00,1,SHELF-D12,21.32,53.33,3154
2024-01-15T15:40:00,1,SHELF-D12,20.67,53.30,3154
2024-01-15T16:00:00,1,SHELF-D12,20.75,53.71,3154
2024-01-15T16:20:00,1,SHELF-D12,20.99,55.77,3154
2024-01-15T16:40:00,1,SHELF-D12,20.69,50.12,3154
2024-01-15T17:00:00,1,SHELF-D12,20.09,57.59,3154
2024-01-15T17:20:00,1,SHELF-D12,20.46,56.05,3154
2024-01-15T17:40:00,1,SHELF-D12,21.08,45.03,3154
2024-01-15T18:00:00,1,SHELF-D12,20.31,54.19,3154
2024-01-15T18:20:00,1,SHELF-D12,20.43,55.58,3154
2024-01-15T18:40:00,1,SHELF-D12,21.57,45.64,3154
2024-01-15T19:00:00,1,SHELF-D12,20.97,55.38,3154
2024-01-15T19:20:00,1,SHELF-D12,20.78,48.60,3154
2024-01-15T19:40:00,1,SHELF-D12,21.46,45.49,3154
2024-01-15T20:00:00,1,SHELF-D12,20.81,47.52,3154
2024-01-15T20:20:00,1,SHELF-D12,20.79,42.11,3154
2024-01-15T20:40:00,1,SHELF-D12,22.09,52.94,3154
2024-01-15T21:00:00,1,SHELF-D12,21.00,44.58,3154
2024-01-15T21:20:00,1,SHELF-D12,20.56,49.90,3154
2024-01-15T21:40:00,1,SHELF-D12,22.24,42.97,3154
2024-01-15T22:00:00,1,SHELF-D12,22.07,48.88,3154
2024-01-15T22:20:00,1,SHELF-D12,21.91,56.38,3154
2024-01-15T22:40:00,1,SHELF-D12,21.45,57.63,3154
2024-01-15T23:00:00,1,SHELF-D12,22.03,47.09,3154
2024-01-15T23:20:00,1,SHELF-D12,22.23,56.63,3154
2024-01-15T23:40:00,1,SHELF-D12,22.08,51.69,3154
2024-01-15T00:00:00,1,SHELF-A19,18.95,53.63,3088
2024-01-15T00:20:00,1,SHELF-A19,18.45,47.73,3088
2024-01-15T00:40:00,1,SHELF-A19,19.43,47.93,3088
2024-01-15T01:00:00,1,SHELF-A19,18.53,49.83,3088
2024-01-15T01:20:00,1,SHELF-A19,19.02,53.92,3088
2024-01-15T01:40:00,1,SHELF-A19,18.39,44.73,3088
2024-01-15T02:00:00,1,SHELF-A19,19.44,48.56,3088
2024-01-15T02:20:00,1,SHELF-A19,19.82,47.19,3088
2024-01-15T02:40:00,1,SHELF-A19,19.65,57.12,3088
2024-01-15T03:00:00,1,SHELF-A19,18.99,55.90,3088
2024-01-15T03:20:00,1,SHELF-A19,19.11,44.44,3088
2024-01-15T03:40:00,1,SHELF-A19,19.66,48.17,3088
2024-01-15T04:00:00,1,SHELF-A19,20.21,55.97,3088
2024-01-15T04:20:00,1,SHELF-A19,19.88,48.10,3088
2024-01-15T04:40:00,1,SHELF-A19,20.05,44.39,3088
2024-01-15T05:00:00,1,SHELF-A19,19.16,48.95,3088
2024-01-15T05:20:00,1,SHELF-A19,20.07,56.49,3088
2024-01-15T05:40:00,1,SHELF-A19,18.73,57.14,3088
2024-01-15T06:00:00,1,SHELF-A19,18.99,42.26,3088
2024-01-15T06:20:00,1,SHELF-A19,19.50,46.33,3088
2024-01-15T06:40:00,1,SHELF-A19,18.95,49.96,3088
2024-01-15T07:00:00,1,SHELF-A19,19.00,55.28,3088
2024-01-15T07:20:00,1,SHELF-A19,20.39,46.44,3088
2024-01-15T07:40:00,1,SHELF-A19,19.06,51.71,3088
2024-01-15T08:00:00,1,SHELF-A19,19.81,48.96,3088
2024-01-15T08:20:00,1,SHELF-A19,20.51,49.80,3088
2024-01-15T08:40:00,1,SHELF-A19,20.14,47.65,3088
2024-01-15T09:00:00,1,SHELF-A19,19.14,57.25,3088
2024-01-15T09:20:00,1,SHELF-A19,20.34,51.73,3088
2024-01-15T09:40:00,1,SHELF-A19,19.22,50.30,3088
2024-01-15T10:00:00,1,SHELF-A19,20.05,45.46,3088
2024-01-15T10:20:00,1,SHELF-A19,20.04,57.31,3088
2024-01-15T10:40:00,1,SHELF-A19,20.32,47.42,3088
2024-01-15T11:00:00,1,SHELF-A19,19.80,51.90,3088
2024-01-15T11:20:00,1,SHELF-A19,20.41,51.59,3088
2024-01-15T11:40:00,1,SHELF-A19,20.24,47.46,3088
2024-01-15T12:00:00,1,SHELF-A19,20.05,53.02,3088
2024-01-15T12:20:00,1,SHELF-A19,19.56,51.05,3088
2024-01-15T12:40:00,1,SHELF-A19,20.25,42.28,3088
2024-01-15T13:00:00,1,SHELF-A19,20.17,45.94,3088
2024-01-15T13:20:00,1,SHELF-A19,21.32,53.01,3088
2024-01-15T13:40:00,1,SHELF-A19,21.25,56.44,3088
2024-01-15T14:00:00,1,SHELF-A19,20.83,56.43,3088
2024-01-15T14:20:00,1,SHELF-A19,20.51,46.49,3088
2024-01-15T14:40:00,1,SHELF-A19,20.24,54.70,3088
2024-01-15T15:00:00,1,SHELF-A19,21.08,56.43,3088
2024-01-15T15:20:00,1,SHELF-A19,21.61,54.51,3088
2024-01-15T15:40:00,1,SHELF-A19,20.83,56.58,3088
2024-01-15T16:00:00,1,SHELF-A19,21.22,51.75,3088
2024-01-15T16:20:00,1,SHELF-A19,21.43,45.99,3088
2024-01-15T16:40:00,1,SHELF-A19,20.93,56.25,3088
2024-01-15T17:00:00,1,SHELF-A19,20.56,56.09,3088
2024-01-15T17:20:00,1,SHELF-A19,20.70,44.37,3088
2024-01-15T17:40:00,1,SHELF-A19,20.58,50.47,3088
2024-01-15T18:00:00,1,SHELF-A19,20.98,56.41,3088
2024-01-15T18:20:00,1,SHELF-A19,21.95,53.65,3088
2024-01-15T18:40:00,1,SHELF-A19,20.19,48.23,3088
2024-01-15T19:00:00,1,SHELF-A19,20.57,54.32,3088
2024-01-15T19:20:00,1,SHELF-A19,21.61,47.82,3088
2024-01-15T19:40:00,1,SHELF-A19,21.74,49.58,3088
2024-01-15T20:00:00,1,SHELF-A19,20.75,42.05,3088
2024-01-15T20:20:00,1,SHELF-A19,21.02,51.93,3088
2024-01-15T20:40:00,1,SHELF-A19,21.43,54.54,3088
2024-01-15T21:00:00,1,SHELF-A19,22.35,49.76,3088
2024-01-15T21:20:00,1,SHELF-A19,21.06,56.13,3088
2024-01-15T21:40:00,1,SHELF-A19,20.83,54.97,3088
2024-01-15T22:00:00,1,SHELF-A19,20.93,56.78,3088
2024-01-15T22:20:00,1,SHELF-A19,21.77,46.73,3088
2024-01-15T22:40:00,1,SHELF-A19,20.68,56.16,3088
2024-01-15T23:00:00,1,SHELF-A19,21.73,50.07,3088
2024-01-15T23:20:00,1,SHELF-A19,21.18,48.02,3088
2024-01-15T23:40:00,1,SHELF-A19,22.08,55.64,3088
2024-01-15T00:00:00,1,SHELF-B19,18.33,44.30,3148
2024-01-15T00:20:00,1,SHELF-B19,17.86,52.43,3148
2024-01-15T00:40:00,1,SHELF-B19,19.33,43.26,3148
2024-01-15T01:00:00,1,SHELF-B19,18.86,56.56,3148
2024-01-15T01:20:00,1,SHELF-B19,18.23,52.01,3148
2024-01-15T01:40:00,1,SHELF-B19,19.04,51.50,3148
2024-01-15T02:00:00,1,SHELF-B19,19.57,43.72,3148
2024-01-15T02:20:00,1,SHELF-B19,18.60,46.42,3148
2024-01-15T02:40:00,1,SHELF-B19,19.47,49.25,3148
2024-01-15T03:00:00,1,SHELF-B19,18.51,44.06,3148
2024-01-15T03:20:00,1,SHELF-B19,20.09,43.98,3148
2024-01-15T03:40:00,1,SHELF-B19,19.92,50.84,3148
2024-01-15T04:00:00,1,SHELF-B19,19.05,47.04,3148
2024-01-15T04:20:00,1,SHELF-B19,19.75,50.80,3148
2024-01-15T04:40:00,1,SHELF-B19,19.57,52.34,3148
2024-01-15T05:00:00,1,SHELF-B19,19.22,47.23,3148
2024-01-15T05:20:00,1,SHELF-B19,20.10,42.55,3148
2024-01-15T05:40:00,1,SHELF-B19,19.00,51.05,3148
2024-01-15T06:00:00,1,SHELF-B19,19.69,56.13,3148
2024-01-15T06:20:00,1,SHELF-B19,18.67,53.48,3148
2024-01-15T06:40:00,1,SHELF-B19,18.82,43.02,3148
2024-01-15T07:00:00,1,SHELF-B19,18.82,44.43,3148
2024-01-15T07:20:00,1,SHELF-B19,19.73,57.04,3148
2024-01-15T07:40:00,1,SHELF-B19,19.15,54.07,3148
2024-01-15T08:00:00,1,SHELF-B19,20.75,47.41,3148
2024-01-15T08:20:00,1,SHELF-B19,19.63,54.01,3148
2024-01-15T08:40:00,1,SHELF-B19,19.79,50.72,3148
2024-01-15T09:00:00,1,SHELF-B19,19.98,52.27,3148
2024-01-15T09:20:00,1,SHELF-B19,19.72,44.48,3148
2024-01-15T09:40:00,1,SHELF-B19,20.58,55.03,3148
2024-01-15T10:00:00,1,SHELF-B19,19.95,43.84,3148
2024-01-15T10:20:00,1,SHELF-B19,20.88,46.17,3148
2024-01-15T10:40:00,1,SHELF-B19,19.54,52.32,3148
2024-01-15T11:00:00,1,SHELF-B19,20.30,42.84,3148
2024-01-15T11:20:00,1,SHELF-B19,20.87,45.61,3148
2024-01-15T11:40:00,1,SHELF-B19,19.27,45.50,3148
2024-01-15T12:00:00,1,SHELF-B19,19.77,44.44,3148
2024-01-15T12:20:00,1,SHELF-B19,21.05,50.01,3148
2024-01-15T12:40:00,1,SHELF-B19,19.95,54.10,3148
2024-01-15T13:00:00,1,SHELF-B19,20.77,42.31,3148
2024-01-15T13:20:00,1,SHELF-B19,20.96,49.88,3148
2024-01-15T13:40:00,1,SHELF-B19,20.77,53.15,3148
2024-01-15T14:00:00,1,SHELF-B19,20.66,42.64,3148
2024-01-15T14:20:00,1,SHELF-B19,20.74,45.34,3148
2024-01-15T14:40:00,1,SHELF-B19,20.72,42.11,3148
2024-01-15T15:00:00,1,SHELF-B19,21.09,51.31,3148
2024-01-15T15:20:00,1,SHELF-B19,20.42,56.38,3148
2024-01-15T15:40:00,1,SHELF-B19,20.01,45.40,3148
2024-01-15T16:00:00,1,SHELF-B19,20.88,56.64,3148
2024-01-15T16:20:00,1,SHELF-B19,21.30,46.50,3148
2024-01-15T16:40:00,1,SHELF-B19,20.92,50.17,3148
2024-01-15T17:00:00,1,SHELF-B19,20.25,45.23,3148
2024-01-15T17:20:00,1,SHELF-B19,21.15,47.35,3148
2024-01-15T17:40:00,1,SHELF-B19,20.59,46.17,3148
2024-01-15T18:00:00,1,SHELF-B19,20.30,46.57,3148
2024-01-15T18:20:00,1,SHELF-B19,20.12,51.65,3148
2024-01-15T18:40:00,1,SHELF-B19,21.36,50.19,3148
2024-01-15T19:00:00,1,SHELF-B19,20.99,44.96,3148
2024-01-15T19:20:00,1,SHELF-B19,20.27,54.87,3148
2024-01-15T19:40:00,1,SHELF-B19,21.67,55.99,3148
2024-01-15T20:00:00,1,SHELF-B19,20.71,51.12,3148
2024-01-15T20:20:00,1,SHELF-B19,21.80,55.33,3148
2024-01-15T20:40:00,1,SHELF-B19,21.66,56.19,3148
2024-01-15T21:00:00,1,SHELF-B19,22.07,47.78,3148
2024-01-15T21:20:00,1,SHELF-B19,20.54,52.02,3148
2024-01-15T21:40:00,1,SHELF-B19,21.57,56.15,3148
2024-01-15T22:00:00,1,SHELF-B19,21.06,50.18,3148
2024-01-15T22:20:00,1,SHELF-B19,21.18,45.46,3148
2024-01-15T22:40:00,1,SHELF-B19,20.92,47.34,3148
2024-01-15T23:00:00,1,SHELF-B19,21.68,53.52,3148
2024-01-15T23:20:00,1,SHELF-B19,22.12,49.33,3148
2024-01-15T23:40:00,1,SHELF-B19,21.46,54.06,3148
2024-01-15T00:00:00,1,SHELF-E06,18.77,51.55,3197
2024-01-15T00:20:00,1,SHELF-E06,19.40,52.67,3197
2024-01-15T00:40:00,1,SHELF-E06,19.68,43.24,3197
2024-01-15T01:00:00,1,SHELF-E06,18.15,42.00,3197
2024-01-15T01:20:00,1,SHELF-E06,18.00,42.80,3197
2024-01-15T01:40:00,1,SHELF-E06,17.96,46.39,3197
2024-01-15T02:00:00,1,SHELF-E06,18.06,49.12,3197
2024-01-15T02:20:00,1,SHELF-E06,19.52,57.38,3197
2024-01-15T02:40:00,1,SHELF-E06,18.25,47.89,3197
2024-01-15T03:00:00,1,SHELF-E06,19.47,57.54,3197
2024-01-15T03:20:00,1,SHELF-E06,19.67,47.97,3197
2024-01-15T03:40:00,1,SHELF-E06,18.74,52.46,3197
2024-01-15T04:00:00,1,SHELF-E06,18.90,42.56,3197
2024-01-15T04:20:00,1,SHELF-E06,18.55,44.27,3197
2024-01-15T04:40:00,1,SHELF-E06,19.22,56.92,3197
2024-01-15T05:00:00,1,SHELF-E06,20.40,56.63,3197
2024-01-15T05:20:00,1,SHELF-E06,18.67,52.19,3197
2024-01-15T05:40:00,1,SHELF-E06,20.34,54.68,3197
2024-01-15T06:00:00,1,SHELF-E06,20.32,56.91,3197
2024-01-15T06:20:00,1,SHELF-E06,18.91,43.80,3197
2024-01-15T06:40:00,1,SHELF-E06,20.01,49.28,3197
2024-01-15T07:00:00,1,SHELF-E06,20.46,53.12,3197
2024-01-15T07:20:00,1,SHELF-E06,19.23,42.36,3197
2024-01-15T07:40:00,1,SHELF-E06,19.81,43.01,3197
2024-01-15T08:00:00,1,SHELF-E06,20.19,45.45,3197
2024-01-15T08:20:00,1,SHELF-E06,19.60,48.04,3197
2024-01-15T08:40:00,1,SHELF-E06,18.88,48.92,3197
2024-01-15T09:00:00,1,SHELF-E06,19.86,44.80,3197
2024-01-15T09:20:00,1,SHELF-E06,18.96,56.36,3197
2024-01-15T09:40:00,1,SHELF-E06,20.25,57.35,3197
2024-01-15T10:00:00,1,SHELF-E06,20.81,53.36,3197
2024-01-15T10:20:00,1,SHELF-E06,20.50,45.24,3197
2024-01-15T10:40:00,1,SHELF-E06,19.59,52.74,3197
2024-01-15T11:00:00,1,SHELF-E06,21.11,45.01,3197
2024-01-15T11:20:00,1,SHELF-E06,20.56,54.97,3197
2024-01-15T11:40:00,1,SHELF-E06,21.17,42.71,3197
2024-01-15T12:00:00,1,SHELF-E06,20.43,55.71,3197
2024-01-15T12:20:00,1,SHELF-E06,20.43,53.25,3197
2024-01-15T12:40:00,1,SHELF-E06,20.89,53.45,3197
2024-01-15T13:00:00,1,SHELF-E06,20.92,46.58,3197
2024-01-15T13:20:00,1,SHELF-E06,19.61,47.88,3197
2024-01-15T13:40:00,1,SHELF-E06,21.07,50.71,3197
2024-01-15T14:00:00,1,SHELF-E06,20.30,56.43,3197
2024-01-15T14:20:00,1,SHELF-E06,21.01,50.65,3197
2024-01-15T14:40:00,1,SHELF-E06,20.20,52.23,3197
2024-01-15T15:00:00,1,SHELF-E06,20.50,51.28,3197
2024-01-15T15:20:00,1,SHELF-E06,20.43,57.74,3197
2024-01-15T15:40:00,1,SHELF-E06,21.22,44.36,3197
2024-01-15T16:00:00,1,SHELF-E06,21.15,56.23,3197
2024-01-15T16:20:00,1,SHELF-E06,21.16,48.53,3197
2024-01-15T16:40:00,1,SHELF-E06,21.73,43.38,3197
2024-01-15T17:00:00,1,SHELF-E06,20.44,44.20,3197
2024-01-15T17:20:00,1,SHELF-E06,21.78,52.33,3197
2024-01-15T17:40:00,1,SHELF-E06,20.83,50.63,3197
2024-01-15T18:00:00,1,SHELF-E06,21.42,56.24,3197
2024-01-15T18:20:00,1,SHELF-E06,20.74,56.69,3197
2024-01-15T18:40:00,1,SHELF-E06,22.02,44.32,3197
2024-01-15T19:00:00,1,SHELF-E06,20.87,52.12,3197
2024-01-15T19:20:00,1,SHELF-E06,21.67,55.62,3197
2024-01-15T19:40:00,1,SHELF-E06,21.33,57.64,3197
2024-01-15T20:00:00,1,SHELF-E06,21.89,55.19,3197
2024-01-15T20:20:00,1,SHELF-E06,21.10,55.18,3197
2024-01-15T20:40:00,1,SHELF-E06,22.07,57.85,3197
2024-01-15T21:00:00,1,SHELF-E06,21.52,50.31,3197
2024-01-15T21:20:00,1,SHELF-E06,21.58,46.08,3197
2024-01-15T21:40:00,1,SHELF-E06,21.53,57.08,3197
2024-01-15T22:00:00,1,SHELF-E06,22.04,52.94,3197
2024-01-15T22:20:00,1,SHELF-E06,22.13,49.83,3197
2024-01-15T22:40:00,1,SHELF-E06,21.21,55.38,3197
2024-01-15T23:00:00,1,SHELF-E06,21.43,56.99,3197
2024-01-15T23:20:00,1,SHELF-E06,21.73,55.11,3197
2024-01-15T23:40:00,1,SHELF-E06,21.12,47.62,3197
2024-01-15T00:00:00,1,SHELF-F18,19.18,57.81,3176
2024-01-15T00:20:00,1,SHELF-F18,18.26,52.30,3176
2024-01-15T00:40:00,1,SHELF-F18,18.12,53.10,3176
2024-01-15T01:00:00,1,SHELF-F18,19.44,53.46,3176
2024-01-15T01:20:00,1,SHELF-F18,19.72,57.51,3176
2024-01-15T01:40:00,1,SHELF-F18,19.53,49.92,3176
2024-01-15T02:00:00,1,SHELF-F18,19.89,53.12,3176
2024-01-15T02:20:00,1,SHELF-F18,18.67,54.09,3176
2024-01-15T02:40:00,1,SHELF-F18,18.66,45.35,3176
2024-01-15T03:00:00,1,SHELF-F18,19.46,57.22,3176
2024-01-15T03:20:00,1,SHELF-F18,18.56,42.26,3176
2024-01-15T03:40:00,1,SHELF-F18,18.77,45.31,3176
2024-01-15T04:00:00,1,SHELF-F18,19.96,52.89,3176
2024-01-15T04:20:00,1,SHELF-F18,18.44,49.24,3176
2024-01-15T04:40:00,1,SHELF-F18,18.55,57.12,3176
2024-01-15T05:00:00,1,SHELF-F18,19.76,42.17,3176
2024-01-15T05:20:00,1,SHELF-F18,19.63,47.49,3176
2024-01-15T05:40:00,1,SHELF-F18,19.18,46.86,3176
2024-01-15T06:00:00,1,SHELF-F18,19.80,56.71,3176
2024-01-15T06:20:00,1,SHELF-F18,19.83,51.49,3176
2024-01-15T06:40:00,1,SHELF-F18,19.92,57.63,3176
2024-01-15T07:00:00,1,SHELF-F18,19.68,47.62,3176
2024-01-15T07:20:00,1,SHELF-F18,19.19,49.58,3176
2024-01-15T07:40:00,1,SHELF-F18,20.28,54.05,3176
2024-01-15T08:00:00,1,SHELF-F18,20.35,48.76,3176
2024-01-15T08:20:00,1,SHELF-F18,19.98,56.09,3176
2024-01-15T08:40:00,1,SHELF-F18,20.71,52.96,3176
2024-01-15T09:00:00,1,SHELF-F18,20.92,48.08,3176
2024-01-15T09:20:00,1,SHELF-F18,20.86,54.14,3176
2024-01-15T09:40:00,1,SHELF-F18,19.11,46.03,3176
2024-01-15T10:00:00,1,SHELF-F18,19.24,45.93,3176
2024-01-15T10:20:00,1,SHELF-F18,20.72,52.10,3176
2024-01-15T10:40:00,1,SHELF-F18,19.25,48.08,3176
2024-01-15T11:00:00,1,SHELF-F18,19.86,51.66,3176
2024-01-15T11:20:00,1,SHELF-F18,20.12,47.17,3176
2024-01-15T11:40:00,1,SHELF-F18,20.29,53.26,3176
2024-01-15T12:00:00,1,SHELF-F18,20.21,51.82,3176
2024-01-15T12:20:00,1,SHELF-F18,19.50,52.94,3176
2024-01-15T12:40:00,1,SHELF-F18,20.49,52.80,3176
2024-01-15T13:00:00,1,SHELF-F18,19.49,50.10,3176
2024-01-15T13:20:00,1,SHELF-F18,19.57,44.90,3176
2024-01-15T13:40:00,1,SHELF-F18,19.98,51.04,3176
2024-01-15T14:00:00,1,SHELF-F18,21.16,50.57,3176
2024-01-15T14:20:00,1,SHELF-F18,21.01,46.05,3176
2024-01-15T14:40:00,1,SHELF-F18,19.79,50.27,3176
2024-01-15T15:00:00,1,SHELF-F18,20.03,49.23,3176
2024-01-15T15:20:00,1,SHELF-F18,21.39,42.64,3176
2024-01-15T15:40:00,1,SHELF-F18,20.88,48.83,3176
2024-01-15T16:00:00,1,SHELF-F18,21.18,57.50,3176
2024-01-15T16:20:00,1,SHELF-F18,19.96,49.71,3176
2024-01-15T16:40:00,1,SHELF-F18,20.31,48.20,3176
2024-01-15T17:00:00,1,SHELF-F18,21.42,52.46,3176
2024-01-15T17:20:00,1,SHELF-F18,20.29,48.03,3176
2024-01-15T17:40:00,1,SHELF-F18,20.54,45.57,3176
2024-01-15T18:00:00,1,SHELF-F18,21.79,51.34,3176
2024-01-15T18:20:00,1,SHELF-F18,21.04,53.42,3176
2024-01-15T18:40:00,1,SHELF-F18,21.67,57.17,3176
2024-01-15T19:00:00,1,SHELF-F18,20.41,44.63,3176
2024-01-15T19:20:00,1,SHELF-F18,20.45,57.66,3176
2024-01-15T19:40:00,1,SHELF-F18,21.39,42.38,3176
2024-01-15T20:00:00,1,SHELF-F18,21.30,54.71,3176
2024-01-15T20:20:00,1,SHELF-F18,21.17,53.33,3176
2024-01-15T20:40:00,1,SHELF-F18,22.10,47.89,3176
2024-01-15T21:00:00,1,SHELF-F18,21.52,48.70,3176
2024-01-15T21:20:00,1,SHELF-F18,20.50,48.98,3176
2024-01-15T21:40:00,1,SHELF-F18,21.84,43.07,3176
2024-01-15T22:00:00,1,SHELF-F18,20.73,56.04,3176
2024-01-15T22:20:00,1,SHELF-F18,21.89,49.59,3176
2024-01-15T22:40:00,1,SHELF-F18,21.57,45.89,3176
2024-01-15T23:00:00,1,SHELF-F18,22.54,44.20,3176
2024-01-15T23:20:00,1,SHELF-F18,20.73,43.38,3176
2024-01-15T23:40:00,1,SHELF-F18,21.06,45.14,3176
2024-01-16T00:00:00,1,SHELF-D12,19.80,47.97,3238
2024-01-16T00:20:00,1,SHELF-D12,18.33,43.07,3238
2024-01-16T00:40:00,1,SHELF-D12,19.39,44.97,3238
2024-01-16T01:00:00,1,SHELF-D12,18.76,50.95,3238
2024-01-16T01:20:00,1,SHELF-D12,18.40,44.36,3238
2024-01-16T01:40:00,1,SHELF-D12,18.20,53.22,3238
2024-01-16T02:00:00,1,SHELF-D12,18.08,42.96,3238
2024-01-16T02:20:00,1,SHELF-D12,19.63,43.80,3238
2024-01-16T02:40:00,1,SHELF-D12,19.39,51.37,3238
2024-01-16T03:00:00,1,SHELF-D12,18.20,56.09,3238
2024-01-16T03:20:00,1,SHELF-D12,18.46,56.73,3238
2024-01-16T03:40:00,1,SHELF-D12,19.90,54.82,3238
2024-01-16T04:00:00,1,SHELF-D12,18.69,49.60,3238
2024-01-16T04:20:00,1,SHELF-D12,19.27,43.58,3238
2024-01-16T04:40:00,1,SHELF-D12,19.08,52.13,3238
2024-01-16T05:00:00,1,SHELF-D12,19.52,54.86,3238
2024-01-16T05:20:00,1,SHELF-D12,18.72,44.03,3238
2024-01-16T05:40:00,1,SHELF-D12,19.45,55.78,3238
2024-01-16T06:00:00,1,SHELF-D12,18.69,50.21,3238
2024-01-16T06:20:00,1,SHELF-D12,20.53,51.06,3238
2024-01-16T06:40:00,1,SHELF-D12,19.05,54.05,3238
2024-01-16T07:00:00,1,SHELF-D12,20.36,47.79,3238
2024-01-16T07:20:00,1,SHELF-D12,19.13,46.20,3238
2024-01-16T07:40:00,1,SHELF-D12,18.80,48.91,3238
2024-01-16T08:00:00,1,SHELF-D12,20.55,54.49,3238
2024-01-16T08:20:00,1,SHELF-D12,18.86,52.75,3238
2024-01-16T08:40:00,1,SHELF-D12,20.67,48.25,3238
2024-01-16T09:00:00,1,SHELF-D12,20.15,55.87,3238
2024-01-16T09:20:00,1,SHELF-D12,20.43,44.04,3238
2024-01-16T09:40:00,1,SHELF-D12,20.16,54.65,3238
2024-01-16T10:00:00,1,SHELF-D12,20.84,52.34,3238
2024-01-16T10:20:00,1,SHELF-D12,20.57,44.52,3238
2024-01-16T10:40:00,1,SHELF-D12,20.26,46.60,3238
2024-01-16T11:00:00,1,SHELF-D12,20.73,48.92,3238
2024-01-16T11:20:00,1,SHELF-D12,19.24,43.06,3238
2024-01-16T11:40:00,1,SHELF-D12,19.35,56.27,3238
2024-01-16T12:00:00,1,SHELF-D12,19.60,52.26,3238
2024-01-16T12:20:00,1,SHELF-D12,20.05,48.29,3238
2024-01-16T12:40:00,1,SHELF-D12,20.24,54.91,3238
2024-01-16T13:00:00,1,SHELF-D12,21.27,46.86,3238
2024-01-16T13:20:00,1,SHELF-D12,20.50,47.23,3238
2024-01-16T13:40:00,1,SHELF-D12,20.05,57.18,3238
2024-01-16T14:00:00,1,SHELF-D12,20.58,48.18,3238
2024-01-16T14:20:00,1,SHELF-D12,21.30,53.02,3238
2024-01-16T14:40:00,1,SHELF-D12,20.95,56.78,3238
2024-01-16T15:00:00,1,SHELF-D12,20.89,52.58,3238
2024-01-16T15:20:00,1,SHELF-D12,20.83,49.51,3238
2024-01-16T15:40:00,1,SHELF-D12,19.86,49.83,3238
2024-01-16T16:00:00,1,SHELF-D12,20.49,50.27,3238
2024-01-16T16:20:00,1,SHELF-D12,21.07,46.03,3238
2024-01-16T16:40:00,1,SHELF-D12,20.34,46.34,3238
2024-01-16T17:00:00,1,SHELF-D12,20.51,50.22,3238
2024-01-16T17:20:00,1,SHELF-D12,20.56,56.49,3238
2024-01-16T17:40:00,1,SHELF-D12,21.75,51.06,3238
2024-01-16T18:00:00,1,SHELF-D12,20.75,46.90,3238
2024-01-16T18:20:00,1,SHELF-D12,21.71,50.28,3238
2024-01-16T18:40:00,1,SHELF-D12,20.88,46.22,3238
2024-01-16T19:00:00,1,SHELF-D12,21.03,52.55,3238
2024-01-16T19:20:00,1,SHELF-D12,21.72,56.25,3238
2024-01-16T19:40:00,1,SHELF-D12,20.46,54.32,3238
2024-01-16T20:00:00,1,SHELF-D12,20.90,52.99,3238
2024-01-16T20:20:00,1,SHELF-D12,21.03,50.68,3238
2024-01-16T20:40:00,1,SHELF-D12,20.95,54.77,3238
2024-01-16T21:00:00,1,SHELF-D12,21.60,44.77,3238
2024-01-16T21:20:00,1,SHELF-D12,21.88,56.02,3238
2024-01-16T21:40:00,1,SHELF-D12,21.71,45.29,3238
2024-01-16T22:00:00,1,SHELF-D12,22.14,55.29,3238
2024-01-16T22:20:00,1,SHELF-D12,20.92,52.36,3238
2024-01-16T22:40:00,1,SHELF-D12,21.55,45.93,3238
2024-01-16T23:00:00,1,SHELF-D12,21.65,46.33,3238
2024-01-16T23:20:00,1,SHELF-D12,21.82,50.60,3238
2024-01-16T23:40:00,1,SHELF-D12,20.98,51.70,3238
2024-01-16T00:00:00,1,SHELF-A19,18.06,48.02,3134
2024-01-16T00:20:00,1,SHELF-A19,18.91,48.29,3134
2024-01-16T00:40:00,1,SHELF-A19,17.94,54.99,3134
2024-01-16T01:00:00,1,SHELF-A19,18.44,49.92,3134
2024-01-16T01:20:00,1,SHELF-A19,19.80,50.81,3134
2024-01-16T01:40:00,1,SHELF-A19,19.58,50.18,3134
2024-01-16T02:00:00,1,SHELF-A19,18.90,46.25,3134
2024-01-16T02:20:00,1,SHELF-A19,20.02,52.05,3134
2024-01-16T02:40:00,1,SHELF-A19,19.04,43.73,3134
2024-01-16T03:00:00,1,SHELF-A19,19.06,47.01,3134
2024-01-16T03:20:00,1,SHELF-A19,18.46,43.97,3134
2024-01-16T03:40:00,1,SHELF-A19,19.70,57.91,3134
2024-01-16T04:00:00,1,SHELF-A19,18.39,43.12,3134
2024-01-16T04:20:00,1,SHELF-A19,18.52,50.56,3134
2024-01-16T04:40:00,1,SHELF-A19,18.56,43.53,3134
2024-01-16T05:00:00,1,SHELF-A19,19.92,48.77,3134
2024-01-16T05:20:00,1,SHELF-A19,18.51,52.56,3134
2024-01-16T05:40:00,1,SHELF-A19,18.55,43.78,3134
2024-01-16T06:00:00,1,SHELF-A19,20.51,53.51,3134
2024-01-16T06:20:00,1,SHELF-A19,19.13,45.85,3134
2024-01-16T06:40:00,1,SHELF-A19,19.00,51.66,3134
2024-01-16T07:00:00,1,SHELF-A19,20.19,56.85,3134
2024-01-16T07:20:00,1,SHELF-A19,19.39,45.78,3134
2024-01-16T07:40:00,1,SHELF-A19,18.73,51.35,3134
2024-01-16T08:00:00,1,SHELF-A19,20.33,44.75,3134
2024-01-16T08:20:00,1,SHELF-A19,20.74,48.13,3134
2024-01-16T08:40:00,1,SHELF-A19,19.89,42.28,3134
2024-01-16T09:00:00,1,SHELF-A19,19.25,51.14,3134
2024-01-16T09:20:00,1,SHELF-A19,20.16,57.59,3134
2024-01-16T09:40:00,1,SHELF-A19,20.55,43.99,3134
2024-01-16T10:00:00,1,SHELF-A19,19.55,48.50,3134
2024-01-16T10:20:00,1,SHELF-A19,19.54,51.75,3134
2024-01-16T10:40:00,1,SHELF-A19,20.84,56.68,3134
2024-01-16T11:00:00,1,SHELF-A19,19.74,42.05,3134
2024-01-16T11:20:00,1,SHELF-A19,20.53,48.96,3134
2024-01-16T11:40:00,1,SHELF-A19,20.90,55.59,3134
2024-01-16T12:00:00,1,SHELF-A19,20.20,45.71,3134
2024-01-16T12:20:00,1,SHELF-A19,21.00,48.54,3134
2024-01-16T12:40:00,1,SHELF-A19,20.20,44.41,3134
2024-01-16T13:00:00,1,SHELF-A19,21.21,55.61,3134
2024-01-16T13:20:00,1,SHELF-A19,20.93,42.37,3134
2024-01-16T13:40:00,1,SHELF-A19,20.96,45.28,3134
2024-01-16T14:00:00,1,SHELF-A19,20.90,48.99,3134
2024-01-16T14:20:00,1,SHELF-A19,21.31,47.48,3134
2024-01-16T14:40:00,1,SHELF-A19,19.60,50.12,3134
2024-01-16T15:00:00,1,SHELF-A19,20.46,49.08,3134
2024-01-16T15:20:00,1,SHELF-A19,20.09,44.31,3134
2024-01-16T15:40:00,1,SHELF-A19,19.84,55.39,3134
2024-01-16T16:00:00,1,SHELF-A19,21.17,44.69,3134
2024-01-16T16:20:00,1,SHELF-A19,20.62,45.49,3134
2024-01-16T16:40:00,1,SHELF-A19,20.51,46.39,3134
2024-01-16T17:00:00,1,SHELF-A19,21.36,56.38,3134
2024-01-16T17:20:00,1,SHELF-A19,20.69,56.04,3134
2024-01-16T17:40:00,1,SHELF-A19,21.85,52.98,3134
2024-01-16T18:00:00,1,SHELF-A19,21.18,52.33,3134
2024-01-16T18:20:00,1,SHELF-A19,20.19,53.41,3134
2024-01-16T18:40:00,1,SHELF-A19,20.10,51.15,3134
2024-01-16T19:00:00,1,SHELF-A19,20.90,42.33,3134
2024-01-16T19:20:00,1,SHELF-A19,21.06,49.13,3134
2024-01-16T19:40:00,1,SHELF-A19,21.03,49.00,3134
2024-01-16T20:00:00,1,SHELF-A19,21.00,46.31,3134
2024-01-16T20:20:00,1,SHELF-A19,22.13,46.16,3134
2024-01-16T20:40:00,1,SHELF-A19,20.62,45.51,3134
2024-01-16T21:00:00,1,SHELF-A19,21.60,50.27,3134
2024-01-16T21:20:00,1,SHELF-A19,21.49,45.13,3134
2024-01-16T21:40:00,1,SHELF-A19,20.51,48.10,3134
2024-01-16T22:00:00,1,SHELF-A19,20.65,45.66,3134
2024-01-16T22:20:00,1,SHELF-A19,21.97,44.54,3134
2024-01-16T22:40:00,1,SHELF-A19,21.79,50.85,3134
2024-01-16T23:00:00,1,SHELF-A19,21.18,50.40,3134
2024-01-16T23:20:00,1,SHELF-A19,21.19,44.38,3134
2024-01-16T23:40:00,1,SHELF-A19,20.97,48.97,3134
2024-01-16T00:00:00,1,SHELF-B19,18.27,46.99,3117
2024-01-16T00:20:00,1,SHELF-B19,18.85,45.71,3117
2024-01-16T00:40:00,1,SHELF-B19,17.99,42.83,3117
2024-01-16T01:00:00,1,SHELF-B19,19.24,54.55,3117
2024-01-16T01:20:00,1,SHELF-B19,19.84,57.06,3117
2024-01-16T01:40:00,1,SHELF-B19,18.28,50.77,3117
2024-01-16T02:00:00,1,SHELF-B19,19.94,56.32,3117
2024-01-16T02:20:00,1,SHELF-B19,18.53,54.92,3117
2024-01-16T02:40:00,1,SHELF-B19,18.45,53.40,3117
2024-01-16T03:00:00,1,SHELF-B19,18.32,43.62,3117
2024-01-16T03:20:00,1,SHELF-B19,19.82,44.86,3117
2024-01-16T03:40:00,1,SHELF-B19,18.43,49.40,3117
2024-01-16T04:00:00,1,SHELF-B19,19.83,53.57,3117
2024-01-16T04:20:00,1,SHELF-B19,18.61,56.91,3117
2024-01-16T04:40:00,1,SHELF-B19,18.80,42.14,3117
2024-01-16T05:00:00,1,SHELF-B19,20.14,54.26,3117
2024-01-16T05:20:00,1,SHELF-B19,19.46,42.33,3117
2024-01-16T05:40:00,1,SHELF-B19,19.44,42.91,3117
2024-01-16T06:00:00,1,SHELF-B19,18.83,42.77,3117
2024-01-16T06:20:00,1,SHELF-B19,18.87,44.12,3117
2024-01-16T06:40:00,1,SHELF-B19,20.28,55.35,3117
2024-01-16T07:00:00,1,SHELF-B19,19.83,46.47,3117
2024-01-16T07:20:00,1,SHELF-B19,19.17,44.80,3117
2024-01-16T07:40:00,1,SHELF-B19,18.90,45.97,3117
2024-01-16T08:00:00,1,SHELF-B19,20.09,54.07,3117
2024-01-16T08:20:00,1,SHELF-B19,18.94,48.04,3117
2024-01-16T08:40:00,1,SHELF-B19,18.81,49.37,3117
2024-01-16T09:00:00,1,SHELF-B19,20.53,52.84,3117
2024-01-16T09:20:00,1,SHELF-B19,19.72,50.66,3117
2024-01-16T09:40:00,1,SHELF-B19,19.74,50.40,3117
2024-01-16T10:00:00,1,SHELF-B19,20.98,57.09,3117
2024-01-16T10:20:00,1,SHELF-B19,19.77,51.69,3117
2024-01-16T10:40:00,1,SHELF-B19,20.49,53.99,3117
2024-01-16T11:00:00,1,SHELF-B19,20.69,50.38,3117
2024-01-16T11:20:00,1,SHELF-B19,20.00,50.05,3117
2024-01-16T11:40:00,1,SHELF-B19,20.18,54.88,3117
2024-01-16T12:00:00,1,SHELF-B19,19.72,51.60,3117
2024-01-16T12:20:00,1,SHELF-B19,20.04,46.78,3117
2024-01-16T12:40:00,1,SHELF-B19,20.52,48.60,3117
2024-01-16T13:00:00,1,SHELF-B19,20.18,47.98,3117
2024-01-16T13:20:00,1,SHELF-B19,20.06,45.18,3117
2024-01-16T13:40:00,1,SHELF-B19,19.46,48.97,3117
2024-01-16T14:00:00,1,SHELF-B19,20.83,44.35,3117
2024-01-16T14:20:00,1,SHELF-B19,21.29,54.65,3117
2024-01-16T14:40:00,1,SHELF-B19,21.06,52.39,3117
2024-01-16T15:00:00,1,SHELF-B19,20.29,45.91,3117
2024-01-16T15:20:00,1,SHELF-B19,19.72,45.63,3117
2024-01-16T15:40:00,1,SHELF-B19,20.56,49.79,3117
2024-01-16T16:00:00,1,SHELF-B19,20.74,49.44,3117
2024-01-16T16:20:00,1,SHELF-B19,21.57,49.41,3117
2024-01-16T16:40:00,1,SHELF-B19,20.64,42.82,3117
2024-01-16T17:00:00,1,SHELF-B19,21.83,56.35,3117
2024-01-16T17:20:00,1,SHELF-B19,21.78,46.73,3117
2024-01-16T17:40:00,1,SHELF-B19,20.04,49.44,3117
2024-01-16T18:00:00,1,SHELF-B19,20.83,52.45,3117
2024-01-16T18:20:00,1,SHELF-B19,20.92,51.57,3117
2024-01-16T18:40:00,1,SHELF-B19,20.77,50.20,3117
2024-01-16T19:00:00,1,SHELF-B19,21.14,56.94,3117
2024-01-16T19:20:00,1,SHELF-B19,21.92,49.67,3117
2024-01-16T19:40:00,1,SHELF-B19,20.89,45.10,3117
2024-01-16T20:00:00,1,SHELF-B19,22.15,44.66,3117
2024-01-16T20:20:00,1,SHELF-B19,22.29,44.34,3117
2024-01-16T20:40:00,1,SHELF-B19,21.73,46.31,3117
2024-01-16T21:00:00,1,SHELF-B19,20.48,45.50,3117
2024-01-16T21:20:00,1,SHELF-B19,21.47,42.39,3117
2024-01-16T21:40:00,1,SHELF-B19,21.24,54.78,3117
2024-01-16T22:00:00,1,SHELF-B19,21.48,51.95,3117
2024-01-16T22:20:00,1,SHELF-B19,21.13,42.81,3117
2024-01-16T22:40:00,1,SHELF-B19,21.59,43.97,3117
2024-01-16T23:00:00,1,SHELF-B19,21.56,49.80,3117
2024-01-16T23:20:00,1,SHELF-B19,22.21,42.58,3117
2024-01-16T23:40:00,1,SHELF-B19,22.24,53.66,3117
2024-01-16T00:00:00,1,SHELF-E06,18.82,57.98,3214
2024-01-16T00:20:00,1,SHELF-E06,18.11,55.20,3214
2024-01-16T00:40:00,1,SHELF-E06,18.47,53.43,3214
2024-01-16T01:00:00,1,SHELF-E06,19.40,52.16,3214
2024-01-16T01:20:00,1,SHELF-E06,18.22,54.19,3214
2024-01-16T01:40:00,1,SHELF-E06,18.33,51.87,3214
2024-01-16T02:00:00,1,SHELF-E06,18.61,45.52,3214
2024-01-16T02:20:00,1,SHELF-E06,18.15,42.19,3214
2024-01-16T02:40:00,1,SHELF-E06,18.32,48.69,3214
2024-01-16T03:00:00,1,SHELF-E06,18.57,54.79,3214
2024-01-16T03:20:00,1,SHELF-E06,19.95,48.83,3214
2024-01-16T03:40:00,1,SHELF-E06,19.32,57.85,3214
2024-01-16T04:00:00,1,SHELF-E06,18.73,57.86,3214
2024-01-16T04:20:00,1,SHELF-E06,18.63,42.60,3214
2024-01-16T04:40:00,1,SHELF-E06,19.76,54.59,3214
2024-01-16T05:00:00,1,SHELF-E06,18.87,56.64,3214
2024-01-16T05:20:00,1,SHELF-E06,18.76,52.76,3214
2024-01-16T05:40:00,1,SHELF-E06,18.66,52.71,3214
2024-01-16T06:00:00,1,SHELF-E06,20.18,47.48,3214
2024-01-16T06:20:00,1,SHELF-E06,20.01,47.95,3214
2024-01-16T06:40:00,1,SHELF-E06,19.50,57.30,3214
2024-01-16T07:00:00,1,SHELF-E06,19.84,50.77,3214
2024-01-16T07:20:00,1,SHELF-E06,20.49,53.87,3214
2024-01-16T07:40:00,1,SHELF-E06,19.95,47.22,3214
2024-01-16T08:00:00,1,SHELF-E06,19.12,52.91,3214
2024-01-16T08:20:00,1,SHELF-E06,20.24,50.32,3214
2024-01-16T08:40:00,1,SHELF-E06,19.37,51.50,3214
2024-01-16T09:00:00,1,SHELF-E06,20.73,45.62,3214
2024-01-16T09:20:00,1,SHELF-E06,18.98,49.73,3214
2024-01-16T09:40:00,1,SHELF-E06,19.59,50.14,3214
2024-01-16T10:00:00,1,SHELF-E06,20.06,53.59,3214
2024-01-16T10:20:00,1,SHELF-E06,19.87,57.23,3214
2024-01-16T10:40:00,1,SHELF-E06,19.66,55.81,3214
2024-01-16T11:00:00,1,SHELF-E06,19.40,44.37,3214
2024-01-16T11:20:00,1,SHELF-E06,19.63,54.54,3214
2024-01-16T11:40:00,1,SHELF-E06,20.94,45.98,3214
2024-01-16T12:00:00,1,SHELF-E06,21.12,56.82,3214
2024-01-16T12:20:00,1,SHELF-E06,20.70,50.09,3214
2024-01-16T12:40:00,1,SHELF-E06,20.13,48.40,3214
2024-01-16T13:00:00,1,SHELF-E06,20.57,46.79,3214
2024-01-16T13:20:00,1,SHELF-E06,19.92,51.97,3214
2024-01-16T13:40:00,1,SHELF-E06,21.33,52.61,3214
2024-01-16T14:00:00,1,SHELF-E06,21.11,56.82,3214
2024-01-16T14:20:00,1,SHELF-E06,19.67,48.49,3214
2024-01-16T14:40:00,1,SHELF-E06,20.42,48.63,3214
2024-01-16T15:00:00,1,SHELF-E06,21.64,47.34,3214
2024-01-16T15:20:00,1,SHELF-E06,20.42,46.93,3214
2024-01-16T15:40:00,1,SHELF-E06,20.66,57.96,3214
2024-01-16T16:00:00,1,SHELF-E06,21.66,48.34,3214
2024-01-16T16:20:00,1,SHELF-E06,20.24,48.88,3214
2024-01-16T16:40:00,1,SHELF-E06,20.28,45.89,3214
2024-01-16T17:00:00,1,SHELF-E06,21.54,47.38,3214
2024-01-16T17:20:00,1,SHELF-E06,21.13,51.50,3214
2024-01-16T17:40:00,1,SHELF-E06,21.64,43.61,3214
2024-01-16T18:00:00,1,SHELF-E06,20.22,53.80,3214
2024-01-16T18:20:00,1,SHELF-E06,20.36,48.86,3214
2024-01-16T18:40:00,1,SHELF-E06,21.85,56.95,3214
2024-01-16T19:00:00,1,SHELF-E06,21.77,53.16,3214
2024-01-16T19:20:00,1,SHELF-E06,20.49,42.82,3214
2024-01-16T19:40:00,1,SHELF-E06,21.13,42.52,3214
2024-01-16T20:00:00,1,SHELF-E06,20.89,55.50,3214
2024-01-16T20:20:00,1,SHELF-E06,21.67,56.69,3214
2024-01-16T20:40:00,1,SHELF-E06,21.71,52.66,3214
2024-01-16T21:00:00,1,SHELF-E06,20.61,44.64,3214
2024-01-16T21:20:00,1,SHELF-E06,21.05,43.60,3214
2024-01-16T21:40:00,1,SHELF-E06,22.43,43.32,3214
2024-01-16T22:00:00,1,SHELF-E06,20.64,42.00,3214
2024-01-16T22:20:00,1,SHELF-E06,22.40,54.63,3214
2024-01-16T22:40:00,1,SHELF-E06,22.35,55.19,3214
2024-01-16T23:00:00,1,SHELF-E06,21.66,46.28,3214
2024-01-16T23:20:00,1,SHELF-E06,21.27,55.39,3214
2024-01-16T23:40:00,1,SHELF-E06,20.83,51.80,3214
2024-01-16T00:00:00,1,SHELF-F18,17.94,51.70,3105
2024-01-16T00:20:00,1,SHELF-F18,18.33,52.30,3105
2024-01-16T00:40:00,1,SHELF-F18,19.21,43.54,3105
2024-01-16T01:00:00,1,SHELF-F18,19.15,53.02,3105
2024-01-16T01:20:00,1,SHELF-F18,18.00,55.63,3105
2024-01-16T01:40:00,1,SHELF-F18,19.26,53.12,3105
2024-01-16T02:00:00,1,SHELF-F18,19.68,47.74,3105
2024-01-16T02:20:00,1,SHELF-F18,19.08,46.70,3105
2024-01-16T02:40:00,1,SHELF-F18,19.47,48.42,3105
2024-01-16T03:00:00,1,SHELF-F18,19.80,45.76,3105
2024-01-16T03:20:00,1,SHELF-F18,20.15,46.95,3105
2024-01-16T03:40:00,1,SHELF-F18,18.84,45.85,3105
2024-01-16T04:00:00,1,SHELF-F18,18.61,44.48,3105
2024-01-16T04:20:00,1,SHELF-F18,18.47,51.40,3105
2024-01-16T04:40:00,1,SHELF-F18,18.54,43.72,3105
2024-01-16T05:00:00,1,SHELF-F18,19.33,44.39,3105
2024-01-16T05:20:00,1,SHELF-F18,18.58,54.33,3105
2024-01-16T05:40:00,1,SHELF-F18,19.81,51.27,3105
2024-01-16T06:00:00,1,SHELF-F18,19.99,48.97,3105
2024-01-16T06:20:00,1,SHELF-F18,18.80,52.31,3105
2024-01-16T06:40:00,1,SHELF-F18,20.44,50.83,3105
2024-01-16T07:00:00,1,SHELF-F18,19.86,57.00,3105
2024-01-16T07:20:00,1,SHELF-F18,19.10,49.57,3105
2024-01-16T07:40:00,1,SHELF-F18,18.75,44.50,3105
2024-01-16T08:00:00,1,SHELF-F18,19.19,43.06,3105
2024-01-16T08:20:00,1,SHELF-F18,18.87,55.65,3105
2024-01-16T08:40:00,1,SHELF-F18,19.31,44.98,3105
2024-01-16T09:00:00,1,SHELF-F18,19.93,52.53,3105
2024-01-16T09:20:00,1,SHELF-F18,19.73,53.35,3105
2024-01-16T09:40:00,1,SHELF-F18,19.58,44.13,3105
2024-01-16T10:00:00,1,SHELF-F18,19.71,57.47,3105
2024-01-16T10:20:00,1,SHELF-F18,19.90,47.04,3105
2024-01-16T10:40:00,1,SHELF-F18,20.89,51.07,3105
2024-01-16T11:00:00,1,SHELF-F18,20.58,42.12,3105
2024-01-16T11:20:00,1,SHELF-F18,20.75,57.27,3105
2024-01-16T11:40:00,1,SHELF-F18,20.01,49.79,3105
2024-01-16T12:00:00,1,SHELF-F18,21.28,44.37,3105
2024-01-16T12:20:00,1,SHELF-F18,21.08,45.84,3105
2024-01-16T12:40:00,1,SHELF-F18,20.52,57.31,3105
2024-01-16T13:00:00,1,SHELF-F18,21.25,53.53,3105
2024-01-16T13:20:00,1,SHELF-F18,20.27,54.33,3105
2024-01-16T13:40:00,1,SHELF-F18,20.70,53.38,3105
2024-01-16T14:00:00,1,SHELF-F18,21.16,47.97,3105
2024-01-16T14:20:00,1,SHELF-F18,19.56,49.72,3105
2024-01-16T14:40:00,1,SHELF-F18,21.21,50.02,3105
2024-01-16T15:00:00,1,SHELF-F18,20.10,47.32,3105
2024-01-16T15:20:00,1,SHELF-F18,21.00,53.78,3105
2024-01-16T15:40:00,1,SHELF-F18,20.69,50.49,3105
2024-01-16T16:00:00,1,SHELF-F18,21.59,57.90,3105
2024-01-16T16:20:00,1,SHELF-F18,21.03,51.80,3105
2024-01-16T16:40:00,1,SHELF-F18,20.68,57.20,3105
2024-01-16T17:00:00,1,SHELF-F18,21.53,49.28,3105
2024-01-16T17:20:00,1,SHELF-F18,21.37,50.75,3105
2024-01-16T17:40:00,1,SHELF-F18,21.01,54.09,3105
2024-01-16T18:00:00,1,SHELF-F18,20.15,47.32,3105
2024-01-16T18:20:00,1,SHELF-F18,20.87,52.03,3105
2024-01-16T18:40:00,1,SHELF-F18,21.64,49.59,3105
2024-01-16T19:00:00,1,SHELF-F18,21.94,56.86,3105
2024-01-16T19:20:00,1,SHELF-F18,22.01,51.74,3105
2024-01-16T19:40:00,1,SHELF-F18,20.64,47.04,3105
2024-01-16T20:00:00,1,SHELF-F18,21.49,49.19,3105
2024-01-16T20:20:00,1,SHELF-F18,20.91,52.43,3105
2024-01-16T20:40:00,1,SHELF-F18,20.39,45.67,3105
2024-01-16T21:00:00,1,SHELF-F18,22.24,46.07,3105
2024-01-16T21:20:00,1,SHELF-F18,20.96,50.49,3105
2024-01-16T21:40:00,1,SHELF-F18,20.51,57.23,3105
2024-01-16T22:00:00,1,SHELF-F18,21.46,48.35,3105
2024-01-16T22:20:00,1,SHELF-F18,21.42,57.34,3105
2024-01-16T22:40:00,1,SHELF-F18,22.16,46.38,3105
2024-01-16T23:00:00,1,SHELF-F18,22.31,50.74,3105
2024-01-16T23:20:00,1,SHELF-F18,21.52,50.03,3105
2024-01-16T23:40:00,1,SHELF-F18,22.59,54.71,3105
2024-01-17T00:00:00,1,SHELF-D12,19.38,54.30,3231
2024-01-17T00:20:00,1,SHELF-D12,19.13,49.95,3231
2024-01-17T00:40:00,1,SHELF-D12,18.97,50.55,3231
2024-01-17T01:00:00,1,SHELF-D12,19.04,54.47,3231
2024-01-17T01:20:00,1,SHELF-D12,19.64,56.81,3231
2024-01-17T01:40:00,1,SHELF-D12,18.71,53.61,3231
2024-01-17T02:00:00,1,SHELF-D12,18.41,52.50,3231
2024-01-17T02:20:00,1,SHELF-D12,18.09,48.87,3231
2024-01-17T02:40:00,1,SHELF-D12,18.72,45.93,3231
2024-01-17T03:00:00,1,SHELF-D12,19.14,43.59,3231
2024-01-17T03:20:00,1,SHELF-D12,20.04,53.70,3231
2024-01-17T03:40:00,1,SHELF-D12,18.52,46.68,3231
2024-01-17T04:00:00,1,SHELF-D12,18.82,44.59,3231
2024-01-17T04:20:00,1,SHELF-D12,19.16,53.67,3231
2024-01-17T04:40:00,1,SHELF-D12,19.03,54.24,3231
2024-01-17T05:00:00,1,SHELF-D12,19.01,57.97,3231
2024-01-17T05:20:00,1,SHELF-D12,19.82,52.22,3231
2024-01-17T05:40:00,1,SHELF-D12,18.59,44.49,3231
2024-01-17T06:00:00,1,SHELF-D12,18.80,56.99,3231
2024-01-17T06:20:00,1,SHELF-D12,20.46,43.06,3231
2024-01-17T06:40:00,1,SHELF-D12,20.10,54.14,3231
2024-01-17T07:00:00,1,SHELF-D12,19.22,44.86,3231
2024-01-17T07:20:00,1,SHELF-D12,20.21,47.40,3231
2024-01-17T07:40:00,1,SHELF-D12,19.68,55.36,3231
2024-01-17T08:00:00,1,SHELF-D12,19.88,50.17,3231
2024-01-17T08:20:00,1,SHELF-D12,19.77,51.83,3231
2024-01-17T08:40:00,1,SHELF-D12,20.38,47.70,3231
2024-01-17T09:00:00,1,SHELF-D12,19.12,44.82,3231
2024-01-17T09:20:00,1,SHELF-D12,20.55,50.72,3231
2024-01-17T09:40:00,1,SHELF-D12,19.43,42.29,3231
2024-01-17T10:00:00,1,SHELF-D12,20.89,54.87,3231
2024-01-17T10:20:00,1,SHELF-D12,20.64,43.38,3231
2024-01-17T10:40:00,1,SHELF-D12,19.18,44.33,3231
2024-01-17T11:00:00,1,SHELF-D12,19.50,55.04,3231
2024-01-17T11:20:00,1,SHELF-D12,20.25,49.66,3231
2024-01-17T11:40:00,1,SHELF-D12,21.03,52.11,3231
2024-01-17T12:00:00,1,SHELF-D12,19.37,55.66,3231
2024-01-17T12:20:00,1,SHELF-D12,20.89,48.92,3231
2024-01-17T12:40:00,1,SHELF-D12,20.92,54.41,3231
2024-01-17T13:00:00,1,SHELF-D12,20.24,44.68,3231
2024-01-17T13:20:00,1,SHELF-D12,20.67,49.73,3231
2024-01-17T13:40:00,1,SHELF-D12,20.61,53.16,3231
2024-01-17T14:00:00,1,SHELF-D12,21.51,53.91,3231
2024-01-17T14:20:00,1,SHELF-D12,21.23,56.94,3231
2024-01-17T14:40:00,1,SHELF-D12,21.12,50.92,3231
2024-01-17T15:00:00,1,SHELF-D12,20.60,47.16,3231
2024-01-17T15:20:00,1,SHELF-D12,20.42,56.40,3231
2024-01-17T15:40:00,1,SHELF-D12,19.76,45.01,3231
2024-01-17T16:00:00,1,SHELF-D12,20.95,42.27,3231
2024-01-17T16:20:00,1,SHELF-D12,21.14,47.96,3231
2024-01-17T16:40:00,1,SHELF-D12,20.49,54.00,3231
2024-01-17T17:00:00,1,SHELF-D12,19.95,47.04,3231
2024-01-17T17:20:00,1,SHELF-D12,20.86,44.15,3231
2024-01-17T17:40:00,1,SHELF-D12,20.12,50.33,3231
2024-01-17T18:00:00,1,SHELF-D12,21.59,51.49,3231
2024-01-17T18:20:00,1,SHELF-D12,21.00,50.86,3231
2024-01-17T18:40:00,1,SHELF-D12,21.16,54.19,3231
2024-01-17T19:00:00,1,SHELF-D12,20.42,54.97,3231
2024-01-17T19:20:00,1,SHELF-D12,21.75,52.21,3231
2024-01-17T19:40:00,1,SHELF-D12,20.67,50.59,3231
2024-01-17T20:00:00,1,SHELF-D12,21.16,42.62,3231
2024-01-17T20:20:00,1,SHELF-D12,20.52,57.02,3231
2024-01-17T20:40:00,1,SHELF-D12,21.64,57.97,3231
2024-01-17T21:00:00,1,SHELF-D12,21.82,55.05,3231
2024-01-17T21:20:00,1,SHELF-D12,22.43,46.49,3231
2024-01-17T21:40:00,1,SHELF-D12,22.13,57.70,3231
2024-01-17T22:00:00,1,SHELF-D12,22.51,47.82,3231
2024-01-17T22:20:00,1,SHELF-D12,21.55,53.82,3231
2024-01-17T22:40:00,1,SHELF-D12,21.37,42.42,3231
2024-01-17T23:00:00,1,SHELF-D12,21.25,44.96,3231
2024-01-17T23:20:00,1,SHELF-D12,20.87,44.20,3231
2024-01-17T23:40:00,1,SHELF-D12,21.73,51.59,3231
2024-01-17T00:00:00,1,SHELF-A19,18.53,43.52,3093
2024-01-17T00:20:00,1,SHELF-A19,18.34,47.34,3093
2024-01-17T00:40:00,1,SHELF-A19,19.58,44.92,3093
2024-01-17T01:00:00,1,SHELF-A19,18.36,54.81,3093
2024-01-17T01:20:00,1,SHELF-A19,18.40,46.42,3093
2024-01-17T01:40:00,1,SHELF-A19,19.62,50.80,3093
2024-01-17T02:00:00,1,SHELF-A19,19.14,55.75,3093
2024-01-17T02:20:00,1,SHELF-A19,19.68,50.78,3093
2024-01-17T02:40:00,1,SHELF-A19,19.21,53.05,3093
2024-01-17T03:00:00,1,SHELF-A19,18.78,50.84,3093
2024-01-17T03:20:00,1,SHELF-A19,18.78,56.33,3093
2024-01-17T03:40:00,1,SHELF-A19,19.69,42.65,3093
2024-01-17T04:00:00,1,SHELF-A19,20.15,48.72,3093
2024-01-17T04:20:00,1,SHELF-A19,19.62,46.30,3093
2024-01-17T04:40:00,1,SHELF-A19,18.41,43.10,3093
2024-01-17T05:00:00,1,SHELF-A19,20.33,51.41,3093
2024-01-17T05:20:00,1,SHELF-A19,18.65,49.63,3093
2024-01-17T05:40:00,1,SHELF-A19,19.37,47.78,3093
2024-01-17T06:00:00,1,SHELF-A19,19.64,46.23,3093
2024-01-17T06:20:00,1,SHELF-A19,19.74,50.98,3093
2024-01-17T06:40:00,1,SHELF-A19,20.15,43.31,3093
2024-01-17T07:00:00,1,SHELF-A19,19.02,52.38,3093
2024-01-17T07:20:00,1,SHELF-A19,19.82,55.87,3093
2024-01-17T07:40:00,1,SHELF-A19,19.94,42.27,3093
2024-01-17T08:00:00,1,SHELF-A19,19.24,53.33,3093
2024-01-17T08:20:00,1,SHELF-A19,19.15,57.32,3093
2024-01-17T08:40:00,1,SHELF-A19,20.54,50.15,3093
2024-01-17T09:00:00,1,SHELF-A19,20.91,42.08,3093
2024-01-17T09:20:00,1,SHELF-A19,19.98,46.37,3093
2024-01-17T09:40:00,1,SHELF-A19,20.52,54.42,3093
2024-01-17T10:00:00,1,SHELF-A19,19.43,50.76,3093
2024-01-17T10:20:00,1,SHELF-A19,19.18,45.38,3093
2024-01-17T10:40:00,1,SHELF-A19,20.39,45.08,3093
2024-01-17T11:00:00,1,SHELF-A19,20.24,47.51,3093
2024-01-17T11:20:00,1,SHELF-A19,19.99,51.45,3093
2024-01-17T11:40:00,1,SHELF-A19,21.00,46.60,3093
2024-01-17T12:00:00,1,SHELF-A19,19.81,55.70,3093
2024-01-17T12:20:00,1,SHELF-A19,19.56,48.72,3093
2024-01-17T12:40:00,1,SHELF-A19,20.60,49.96,3093
2024-01-17T13:00:00,1,SHELF-A19,21.39,48.49,3093
2024-01-17T13:20:00,1,SHELF-A19,19.82,46.05,3093
2024-01-17T13:40:00,1,SHELF-A19,19.69,44.95,3093
2024-01-17T14:00:00,1,SHELF-A19,20.84,43.92,3093
2024-01-17T14:20:00,1,SHELF-A19,20.90,44.12,3093
2024-01-17T14:40:00,1,SHELF-A19,19.64,57.97,3093
2024-01-17T15:00:00,1,SHELF-A19,21.17,53.70,3093
2024-01-17T15:20:00,1,SHELF-A19,21.05,44.13,3093
2024-01-17T15:40:00,1,SHELF-A19,20.12,57.35,3093
2024-01-17T16:00:00,1,SHELF-A19,20.96,52.43,3093
2024-01-17T16:20:00,1,SHELF-A19,21.24,55.28,3093
2024-01-17T16:40:00,1,SHELF-A19,19.84,43.71,3093
2024-01-17T17:00:00,1,SHELF-A19,20.35,44.31,3093
2024-01-17T17:20:00,1,SHELF-A19,21.38,54.57,3093
2024-01-17T17:40:00,1,SHELF-A19,21.67,47.20,3093
2024-01-17T18:00:00,1,SHELF-A19,20.88,52.55,3093
2024-01-17T18:20:00,1,SHELF-A19,21.42,49.09,3093
2024-01-17T18:40:00,1,SHELF-A19,20.46,52.16,3093
2024-01-17T19:00:00,1,SHELF-A19,20.60,47.65,3093
2024-01-17T19:20:00,1,SHELF-A19,21.92,55.73,3093
2024-01-17T19:40:00,1,SHELF-A19,21.51,49.84,3093
2024-01-17T20:00:00,1,SHELF-A19,22.21,49.00,3093
2024-01-17T20:20:00,1,SHELF-A19,20.81,48.93,3093
2024-01-17T20:40:00,1,SHELF-A19,20.62,54.50,3093
2024-01-17T21:00:00,1,SHELF-A19,22.10,53.97,3093
2024-01-17T21:20:00,1,SHELF-A19,21.48,45.26,3093
2024-01-17T21:40:00,1,SHELF-A19,20.65,46.60,3093
2024-01-17T22:00:00,1,SHELF-A19,21.12,44.83,3093
2024-01-17T22:20:00,1,SHELF-A19,22.10,49.57,3093
2024-01-17T22:40:00,1,SHELF-A19,22.08,43.04,3093
2024-01-17T23:00:00,1,SHELF-A19,21.59,46.85,3093
2024-01-17T23:20:00,1,SHELF-A19,21.13,45.21,3093
2024-01-17T23:40:00,1,SHELF-A19,22.41,55.43,3093
2024-01-17T00:00:00,1,SHELF-B19,18.35,49.69,3167
2024-01-17T00:20:00,1,SHELF-B19,18.68,44.14,3167
2024-01-17T00:40:00,1,SHELF-B19,19.37,52.32,3167
2024-01-17T01:00:00,1,SHELF-B19,18.70,57.78,3167
2024-01-17T01:20:00,1,SHELF-B19,19.04,52.27,3167
2024-01-17T01:40:00,1,SHELF-B19,18.22,46.28,3167
2024-01-17T02:00:00,1,SHELF-B19,18.80,46.08,3167
2024-01-17T02:20:00,1,SHELF-B19,18.26,55.79,3167
2024-01-17T02:40:00,1,SHELF-B19,19.09,46.96,3167
2024-01-17T03:00:00,1,SHELF-B19,18.99,43.01,3167
2024-01-17T03:20:00,1,SHELF-B19,20.10,43.71,3167
2024-01-17T03:40:00,1,SHELF-B19,19.98,46.03,3167
2024-01-17T04:00:00,1,SHELF-B19,18.80,57.32,3167
2024-01-17T04:20:00,1,SHELF-B19,20.17,55.69,3167
2024-01-17T04:40:00,1,SHELF-B19,19.46,56.79,3167
2024-01-17T05:00:00,1,SHELF-B19,20.28,52.04,3167
2024-01-17T05:20:00,1,SHELF-B19,20.39,42.05,3167
2024-01-17T05:40:00,1,SHELF-B19,20.35,47.24,3167
2024-01-17T06:00:00,1,SHELF-B19,19.94,50.86,3167
2024-01-17T06:20:00,1,SHELF-B19,19.69,42.02,3167
2024-01-17T06:40:00,1,SHELF-B19,18.94,43.74,3167
2024-01-17T07:00:00,1,SHELF-B19,19.30,54.23,3167
2024-01-17T07:20:00,1,SHELF-B19,19.19,54.87,3167
2024-01-17T07:40:00,1,SHELF-B19,19.86,52.06,3167
2024-01-17T08:00:00,1,SHELF-B19,20.15,57.37,3167
2024-01-17T08:20:00,1,SHELF-B19,19.94,47.71,3167
2024-01-17T08:40:00,1,SHELF-B19,19.57,51.99,3167
2024-01-17T09:00:00,1,SHELF-B19,20.71,47.20,3167
2024-01-17T09:20:00,1,SHELF-B19,20.65,47.71,3167
2024-01-17T09:40:00,1,SHELF-B19,20.45,50.52,3167
2024-01-17T10:00:00,1,SHELF-B19,20.04,48.89,3167
2024-01-17T10:20:00,1,SHELF-B19,20.18,53.04,3167
2024-01-17T10:40:00,1,SHELF-B19,19.26,56.33,3167
2024-01-17T11:00:00,1,SHELF-B19,19.65,55.86,3167
2024-01-17T11:20:00,1,SHELF-B19,19.59,48.60,3167
2024-01-17T11:40:00,1,SHELF-B19,21.17,43.16,3167
2024-01-17T12:00:00,1,SHELF-B19,20.67,57.61,3167
2024-01-17T12:20:00,1,SHELF-B19,20.19,44.17,3167
2024-01-17T12:40:00,1,SHELF-B19,20.78,45.50,3167
2024-01-17T13:00:00,1,SHELF-B19,19.63,46.10,3167
2024-01-17T13:20:00,1,SHELF-B19,21.27,48.55,3167
2024-01-17T13:40:00,1,SHELF-B19,21.42,52.29,3167
2024-01-17T14:00:00,1,SHELF-B19,21.34,56.29,3167
2024-01-17T14:20:00,1,SHELF-B19,19.74,56.78,3167
2024-01-17T14:40:00,1,SHELF-B19,20.78,43.50,3167
2024-01-17T15:00:00,1,SHELF-B19,20.18,51.57,3167
2024-01-17T15:20:00,1,SHELF-B19,21.18,57.01,3167
2024-01-17T15:40:00,1,SHELF-B19,20.17,49.62,3167
2024-01-17T16:00:00,1,SHELF-B19,20.36,44.67,3167
2024-01-17T16:20:00,1,SHELF-B19,21.32,53.66,3167
2024-01-17T16:40:00,1,SHELF-B19,21.66,49.83,3167
2024-01-17T17:00:00,1,SHELF-B19,21.92,54.73,3167
2024-01-17T17:20:00,1,SHELF-B19,21.71,43.60,3167
2024-01-17T17:40:00,1,SHELF-B19,20.94,45.67,3167
2024-01-17T18:00:00,1,SHELF-B19,21.21,42.00,3167
2024-01-17T18:20:00,1,SHELF-B19,21.45,56.95,3167
2024-01-17T18:40:00,1,SHELF-B19,21.56,50.90,3167
2024-01-17T19:00:00,1,SHELF-B19,20.51,53.82,3167
2024-01-17T19:20:00,1,SHELF-B19,22.14,51.15,3167
2024-01-17T19:40:00,1,SHELF-B19,21.52,45.08,3167
2024-01-17T20:00:00,1,SHELF-B19,21.95,45.75,3167
2024-01-17T20:20:00,1,SHELF-B19,20.40,44.87,3167
2024-01-17T20:40:00,1,SHELF-B19,21.96,45.16,3167
2024-01-17T21:00:00,1,SHELF-B19,21.02,42.98,3167
2024-01-17T21:20:00,1,SHELF-B19,21.33,51.90,3167
2024-01-17T21:40:00,1,SHELF-B19,20.50,53.61,3167
2024-01-17T22:00:00,1,SHELF-B19,22.01,47.87,3167
2024-01-17T22:20:00,1,SHELF-B19,22.07,54.18,3167
2024-01-17T22:40:00,1,SHELF-B19,22.23,48.91,3167
2024-01-17T23:00:00,1,SHELF-B19,22.06,55.34,3167
2024-01-17T23:20:00,1,SHELF-B19,21.00,48.05,3167
2024-01-17T23:40:00,1,SHELF-B19,21.03,42.56,3167
2024-01-17T00:00:00,1,SHELF-E06,19.18,56.29,3112
2024-01-17T00:20:00,1,SHELF-E06,18.02,54.23,3112
2024-01-17T00:40:00,1,SHELF-E06,18.23,44.46,3112
2024-01-17T01:00:00,1,SHELF-E06,18.15,45.67,3112
2024-01-17T01:20:00,1,SHELF-E06,19.56,46.26,3112
2024-01-17T01:40:00,1,SHELF-E06,18.97,50.88,3112
2024-01-17T02:00:00,1,SHELF-E06,19.41,57.20,3112
2024-01-17T02:20:00,1,SHELF-E06,19.92,56.38,3112
2024-01-17T02:40:00,1,SHELF-E06,19.89,57.75,3112
2024-01-17T03:00:00,1,SHELF-E06,19.96,44.52,3112
2024-01-17T03:20:00,1,SHELF-E06,20.18,50.53,3112
2024-01-17T03:40:00,1,SHELF-E06,19.32,57.26,3112
2024-01-17T04:00:00,1,SHELF-E06,19.16,51.78,3112
2024-01-17T04:20:00,1,SHELF-E06,19.90,46.47,3112
2024-01-17T04:40:00,1,SHELF-E06,18.83,45.43,3112
2024-01-17T05:00:00,1,SHELF-E06,19.90,54.35,3112
2024-01-17T05:20:00,1,SHELF-E06,18.47,48.49,3112
2024-01-17T05:40:00,1,SHELF-E06,19.18,50.57,3112
2024-01-17T06:00:00,1,SHELF-E06,20.41,56.00,3112
2024-01-17T06:20:00,1,SHELF-E06,18.79,53.11,3112
2024-01-17T06:40:00,1,SHELF-E06,20.36,45.68,3112
2024-01-17T07:00:00,1,SHELF-E06,20.08,57.19,3112
2024-01-17T07:20:00,1,SHELF-E06,18.91,49.67,3112
2024-01-17T07:40:00,1,SHELF-E06,20.50,51.29,3112
2024-01-17T08:00:00,1,SHELF-E06,20.28,44.16,3112
2024-01-17T08:20:00,1,SHELF-E06,19.84,50.62,3112
2024-01-17T08:40:00,1,SHELF-E06,19.27,44.02,3112
2024-01-17T09:00:00,1,SHELF-E06,20.75,50.13,3112
2024-01-17T09:20:00,1,SHELF-E06,20.15,56.15,3112
2024-01-17T09:40:00,1,SHELF-E06,19.42,50.84,3112
2024-01-17T10:00:00,1,SHELF-E06,19.74,50.60,3112
2024-01-17T10:20:00,1,SHELF-E06,19.58,47.31,3112
2024-01-17T10:40:00,1,SHELF-E06,19.33,44.85,3112
2024-01-17T11:00:00,1,SHELF-E06,20.04,55.60,3112
2024-01-17T11:20:00,1,SHELF-E06,19.59,54.85,3112
2024-01-17T11:40:00,1,SHELF-E06,19.62,52.18,3112
2024-01-17T12:00:00,1,SHELF-E06,20.34,52.00,3112
2024-01-17T12:20:00,1,SHELF-E06,19.45,53.53,3112
2024-01-17T12:40:00,1,SHELF-E06,20.40,53.80,3112
2024-01-17T13:00:00,1,SHELF-E06,20.08,44.63,3112
2024-01-17T13:20:00,1,SHELF-E06,19.99,55.56,3112
2024-01-17T13:40:00,1,SHELF-E06,19.49,54.25,3112
2024-01-17T14:00:00,1,SHELF-E06,21.12,54.40,3112
2024-01-17T14:20:00,1,SHELF-E06,20.94,55.81,3112
2024-01-17T14:40:00,1,SHELF-E06,21.00,43.34,3112
2024-01-17T15:00:00,1,SHELF-E06,20.01,53.88,3112
2024-01-17T15:20:00,1,SHELF-E06,20.96,43.30,3112
2024-01-17T15:40:00,1,SHELF-E06,21.06,49.69,3112
2024-01-17T16:00:00,1,SHELF-E06,21.42,49.02,3112
2024-01-17T16:20:00,1,SHELF-E06,21.60,52.36,3112
2024-01-17T16:40:00,1,SHELF-E06,19.92,52.09,3112
2024-01-17T17:00:00,1,SHELF-E06,21.87,42.41,3112
2024-01-17T17:20:00,1,SHELF-E06,20.23,47.65,3112
2024-01-17T17:40:00,1,SHELF-E06,20.69,43.84,3112
2024-01-17T18:00:00,1,SHELF-E06,21.89,52.33,3112
2024-01-17T18:20:00,1,SHELF-E06,21.56,46.17,3112
2024-01-17T18:40:00,1,SHELF-E06,20.23,55.00,3112
2024-01-17T19:00:00,1,SHELF-E06,21.38,51.22,3112
2024-01-17T19:20:00,1,SHELF-E06,21.14,49.86,3112
2024-01-17T19:40:00,1,SHELF-E06,22.00,43.23,3112
2024-01-17T20:00:00,1,SHELF-E06,20.66,54.21,3112
2024-01-17T20:20:00,1,SHELF-E06,21.31,54.61,3112
2024-01-17T20:40:00,1,SHELF-E06,20.94,49.50,3112
2024-01-17T21:00:00,1,SHELF-E06,21.45,49.48,3112
2024-01-17T21:20:00,1,SHELF-E06,20.52,42.78,3112
2024-01-17T21:40:00,1,SHELF-E06,21.76,56.17,3112
2024-01-17T22:00:00,1,SHELF-E06,21.31,52.19,3112
2024-01-17T22:20:00,1,SHELF-E06,20.74,53.58,3112
2024-01-17T22:40:00,1,SHELF-E06,21.11,44.40,3112
2024-01-17T23:00:00,1,SHELF-E06,21.44,43.97,3112
2024-01-17T23:20:00,1,SHELF-E06,21.51,54.76,3112
2024-01-17T23:40:00,1,SHELF-E06,21.71,57.85,3112
2024-01-17T00:00:00,1,SHELF-F18,19.13,47.86,3162
2024-01-17T00:20:00,1,SHELF-F18,19.45,54.56,3162
2024-01-17T00:40:00,1,SHELF-F18,18.56,42.67,3162
2024-01-17T01:00:00,1,SHELF-F18,19.36,52.00,3162
2024-01-17T01:20:00,1,SHELF-F18,18.04,45.33,3162
2024-01-17T01:40:00,1,SHELF-F18,18.75,55.70,3162
2024-01-17T02:00:00,1,SHELF-F18,19.17,51.89,3162
2024-01-17T02:20:00,1,SHELF-F18,19.63,42.27,3162
2024-01-17T02:40:00,1,SHELF-F18,19.31,52.18,3162
2024-01-17T03:00:00,1,SHELF-F18,20.06,56.79,3162
2024-01-17T03:20:00,1,SHELF-F18,18.55,43.03,3162
2024-01-17T03:40:00,1,SHELF-F18,18.72,42.75,3162
2024-01-17T04:00:00,1,SHELF-F18,18.55,48.27,3162
2024-01-17T04:20:00,1,SHELF-F18,19.98,43.99,3162
2024-01-17T04:40:00,1,SHELF-F18,19.42,50.47,3162
2024-01-17T05:00:00,1,SHELF-F18,18.44,52.01,3162
2024-01-17T05:20:00,1,SHELF-F18,18.95,55.71,3162
2024-01-17T05:40:00,1,SHELF-F18,18.79,57.18,3162
2024-01-17T06:00:00,1,SHELF-F18,19.55,56.89,3162
2024-01-17T06:20:00,1,SHELF-F18,19.59,48.05,3162
2024-01-17T06:40:00,1,SHELF-F18,20.09,50.45,3162
2024-01-17T07:00:00,1,SHELF-F18,18.81,46.28,3162
2024-01-17T07:20:00,1,SHELF-F18,18.99,43.05,3162
2024-01-17T07:40:00,1,SHELF-F18,20.08,51.91,3162
2024-01-17T08:00:00,1,SHELF-F18,19.40,44.73,3162
2024-01-17T08:20:00,1,SHELF-F18,19.95,52.71,3162
2024-01-17T08:40:00,1,SHELF-F18,20.27,48.52,3162
2024-01-17T09:00:00,1,SHELF-F18,19.25,45.88,3162
2024-01-17T09:20:00,1,SHELF-F18,19.77,53.47,3162
2024-01-17T09:40:00,1,SHELF-F18,19.67,53.60,3162
2024-01-17T10:00:00,1,SHELF-F18,20.11,45.42,3162
2024-01-17T10:20:00,1,SHELF-F18,19.68,54.45,3162
2024-01-17T10:40:00,1,SHELF-F18,19.22,55.98,3162
2024-01-17T11:00:00,1,SHELF-F18,20.83,46.67,3162
2024-01-17T11:20:00,1,SHELF-F18,21.15,48.24,3162
2024-01-17T11:40:00,1,SHELF-F18,19.89,54.00,3162
2024-01-17T12:00:00,1,SHELF-F18,20.82,55.86,3162
2024-01-17T12:20:00,1,SHELF-F18,19.39,48.45,3162
2024-01-17T12:40:00,1,SHELF-F18,19.77,52.81,3162
2024-01-17T13:00:00,1,SHELF-F18,20.11,52.93,3162
2024-01-17T13:20:00,1,SHELF-F18,20.02,57.35,3162
2024-01-17T13:40:00,1,SHELF-F18,21.26,42.37,3162
2024-01-17T14:00:00,1,SHELF-F18,19.73,48.04,3162
2024-01-17T14:20:00,1,SHELF-F18,20.38,46.48,3162
2024-01-17T14:40:00,1,SHELF-F18,20.14,51.21,3162
2024-01-17T15:00:00,1,SHELF-F18,21.31,50.08,3162
2024-01-17T15:20:00,1,SHELF-F18,21.52,54.35,3162
2024-01-17T15:40:00,1,SHELF-F18,21.14,47.89,3162
2024-01-17T16:00:00,1,SHELF-F18,20.92,50.02,3162
2024-01-17T16:20:00,1,SHELF-F18,20.16,57.72,3162
2024-01-17T16:40:00,1,SHELF-F18,20.47,57.56,3162
2024-01-17T17:00:00,1,SHELF-F18,20.86,55.31,3162
2024-01-17T17:20:00,1,SHELF-F18,20.06,53.01,3162
2024-01-17T17:40:00,1,SHELF-F18,20.01,52.99,3162
2024-01-17T18:00:00,1,SHELF-F18,20.17,55.65,3162
2024-01-17T18:20:00,1,SHELF-F18,20.54,56.66,3162
2024-01-17T18:40:00,1,SHELF-F18,20.48,54.24,3162
2024-01-17T19:00:00,1,SHELF-F18,20.89,55.26,3162
2024-01-17T19:20:00,1,SHELF-F18,20.70,47.04,3162
2024-01-17T19:40:00,1,SHELF-F18,21.60,48.32,3162
2024-01-17T20:00:00,1,SHELF-F18,20.75,44.26,3162
2024-01-17T20:20:00,1,SHELF-F18,20.51,43.51,3162
2024-01-17T20:40:00,1,SHELF-F18,21.51,50.42,3162
2024-01-17T21:00:00,1,SHELF-F18,21.88,54.60,3162
2024-01-17T21:20:00,1,SHELF-F18,21.52,51.70,3162
2024-01-17T21:40:00,1,SHELF-F18,20.83,51.49,3162
2024-01-17T22:00:00,1,SHELF-F18,21.82,45.17,3162
2024-01-17T22:20:00,1,SHELF-F18,20.99,48.48,3162
2024-01-17T22:40:00,1,SHELF-F18,21.20,45.61,3162
2024-01-17T23:00:00,1,SHELF-F18,22.45,55.68,3162
2024-01-17T23:20:00,1,SHELF-F18,22.13,57.30,3162
2024-01-17T23:40:00,1,SHELF-F18,22.52,51.79,3162
2024-01-18T00:00:00,1,SHELF-D12,18.80,57.39,3195
2024-01-18T00:20:00,1,SHELF-D12,19.79,43.52,3195
2024-01-18T00:40:00,1,SHELF-D12,19.73,55.73,3195
2024-01-18T01:00:00,1,SHELF-D12,19.49,53.52,3195
2024-01-18T01:20:00,1,SHELF-D12,18.98,42.13,3195
2024-01-18T01:40:00,1,SHELF-D12,19.76,45.34,3195
2024-01-18T02:00:00,1,SHELF-D12,18.11,54.97,3195
2024-01-18T02:20:00,1,SHELF-D12,19.23,47.35,3195
2024-01-18T02:40:00,1,SHELF-D12,18.89,50.80,3195
2024-01-18T03:00:00,1,SHELF-D12,19.86,50.38,3195
2024-01-18T03:20:00,1,SHELF-D12,18.21,53.01,3195
2024-01-18T03:40:00,1,SHELF-D12,18.85,52.19,3195
2024-01-18T04:00:00,1,SHELF-D12,19.30,53.67,3195
2024-01-18T04:20:00,1,SHELF-D12,19.95,51.54,3195
2024-01-18T04:40:00,1,SHELF-D12,20.23,56.53,3195
2024-01-18T05:00:00,1,SHELF-D12,20.27,56.12,3195
2024-01-18T05:20:00,1,SHELF-D12,19.79,48.27,3195
2024-01-18T05:40:00,1,SHELF-D12,19.65,47.53,3195
2024-01-18T06:00:00,1,SHELF-D12,20.33,43.22,3195
2024-01-18T06:20:00,1,SHELF-D12,19.77,54.94,3195
2024-01-18T06:40:00,1,SHELF-D12,20.30,52.23,3195
2024-01-18T07:00:00,1,SHELF-D12,19.83,43.74,3195
2024-01-18T07:20:00,1,SHELF-D12,19.27,45.70,3195
2024-01-18T07:40:00,1,SHELF-D12,19.74,47.49,3195
2024-01-18T08:00:00,1,SHELF-D12,18.86,44.23,3195
2024-01-18T08:20:00,1,SHELF-D12,20.80,45.12,3195
2024-01-18T08:40:00,1,SHELF-D12,20.44,44.52,3195
2024-01-18T09:00:00,1,SHELF-D12,19.36,51.63,3195
2024-01-18T09:20:00,1,SHELF-D12,19.23,45.84,3195
2024-01-18T09:40:00,1,SHELF-D12,19.48,47.40,3195
2024-01-18T10:00:00,1,SHELF-D12,19.21,46.08,3195
2024-01-18T10:20:00,1,SHELF-D12,19.13,53.94,3195
2024-01-18T10:40:00,1,SHELF-D12,20.52,44.08,3195
2024-01-18T11:00:00,1,SHELF-D12,20.25,57.05,3195
2024-01-18T11:20:00,1,SHELF-D12,19.27,47.87,3195
2024-01-18T11:40:00,1,SHELF-D12,19.23,54.67,3195
2024-01-18T12:00:00,1,SHELF-D12,19.78,56.97,3195
2024-01-18T12:20:00,1,SHELF-D12,20.17,57.46,3195
2024-01-18T12:40:00,1,SHELF-D12,20.80,50.31,3195
2024-01-18T13:00:00,1,SHELF-D12,19.62,53.94,3195
2024-01-18T13:20:00,1,SHELF-D12,20.29,55.54,3195
2024-01-18T13:40:00,1,SHELF-D12,21.31,57.10,3195
2024-01-18T14:00:00,1,SHELF-D12,21.31,42.89,3195
2024-01-18T14:20:00,1,SHELF-D12,21.33,47.78,3195
2024-01-18T14:40:00,1,SHELF-D12,20.35,51.72,3195
2024-01-18T15:00:00,1,SHELF-D12,21.32,54.20,3195
2024-01-18T15:20:00,1,SHELF-D12,20.46,52.96,3195
2024-01-18T15:40:00,1,SHELF-D12,19.83,57.04,3195
2024-01-18T16:00:00,1,SHELF-D12,20.23,57.24,3195
2024-01-18T16:20:00,1,SHELF-D12,21.34,46.06,3195
2024-01-18T16:40:00,1,SHELF-D12,20.49,42.83,3195
2024-01-18T17:00:00,1,SHELF-D12,20.79,50.80,3195
2024-01-18T17:20:00,1,SHELF-D12,20.81,43.74,3195
2024-01-18T17:40:00,1,SHELF-D12,21.19,49.76,3195
2024-01-18T18:00:00,1,SHELF-D12,21.58,52.31,3195
2024-01-18T18:20:00,1,SHELF-D12,20.34,45.37,3195
2024-01-18T18:40:00,1,SHELF-D12,21.11,46.22,3195
2024-01-18T19:00:00,1,SHELF-D12,21.68,42.65,3195
2024-01-18T19:20:00,1,SHELF-D12,20.67,56.34,3195
2024-01-18T19:40:00,1,SHELF-D12,20.19,50.44,3195
2024-01-18T20:00:00,1,SHELF-D12,21.20,45.11,3195
2024-01-18T20:20:00,1,SHELF-D12,20.90,49.63,3195
2024-01-18T20:40:00,1,SHELF-D12,21.64,50.80,3195
2024-01-18T21:00:00,1,SHELF-D12,22.22,44.18,3195
2024-01-18T21:20:00,1,SHELF-D12,20.52,45.74,3195
2024-01-18T21:40:00,1,SHELF-D12,21.18,53.58,3195
2024-01-18T22:00:00,1,SHELF-D12,20.66,52.67,3195
2024-01-18T22:20:00,1,SHELF-D12,21.46,53.10,3195
2024-01-18T22:40:00,1,SHELF-D12,21.77,42.76,3195
2024-01-18T23:00:00,1,SHELF-D12,21.42,51.03,3195
2024-01-18T23:20:00,1,SHELF-D12,22.10,54.85,3195
2024-01-18T23:40:00,1,SHELF-D12,21.25,44.91,3195
2024-01-18T00:00:00,1,SHELF-A19,19.24,49.25,3070
2024-01-18T00:20:00,1,SHELF-A19,18.32,54.92,3070
2024-01-18T00:40:00,1,SHELF-A19,18.61,51.57,3070
2024-01-18T01:00:00,1,SHELF-A19,19.08,57.08,3070
2024-01-18T01:20:00,1,SHELF-A19,18.77,51.99,3070
2024-01-18T01:40:00,1,SHELF-A19,19.55,55.91,3070
2024-01-18T02:00:00,1,SHELF-A19,19.37,55.28,3070
2024-01-18T02:20:00,1,SHELF-A19,19.34,54.15,3070
2024-01-18T02:40:00,1,SHELF-A19,19.55,52.81,3070
2024-01-18T03:00:00,1,SHELF-A19,19.70,55.67,3070
2024-01-18T03:20:00,1,SHELF-A19,18.36,50.36,3070
2024-01-18T03:40:00,1,SHELF-A19,18.47,54.54,3070
2024-01-18T04:00:00,1,SHELF-A19,19.47,52.19,3070
2024-01-18T04:20:00,1,SHELF-A19,19.45,44.35,3070
2024-01-18T04:40:00,1,SHELF-A19,19.44,46.71,3070
2024-01-18T05:00:00,1,SHELF-A19,19.98,56.20,3070
2024-01-18T05:20:00,1,SHELF-A19,19.57,54.68,3070
2024-01-18T05:40:00,1,SHELF-A19,20.15,57.25,3070
2024-01-18T06:00:00,1,SHELF-A19,20.34,43.73,3070
2024-01-18T06:20:00,1,SHELF-A19,20.24,54.91,3070
2024-01-18T06:40:00,1,SHELF-A19,19.00,54.49,3070
2024-01-18T07:00:00,1,SHELF-A19,20.24,48.88,3070
2024-01-18T07:20:00,1,SHELF-A19,19.81,57.37,3070
2024-01-18T07:40:00,1,SHELF-A19,18.79,51.96,3070
2024-01-18T08:00:00,1,SHELF-A19,18.85,50.93,3070
2024-01-18T08:20:00,1,SHELF-A19,19.12,52.24,3070
2024-01-18T08:40:00,1,SHELF-A19,19.72,48.68,3070
2024-01-18T09:00:00,1,SHELF-A19,20.72,52.27,3070
2024-01-18T09:20:00,1,SHELF-A19,19.28,45.45,3070
2024-01-18T09:40:00,1,SHELF-A19,20.06,57.92,3070
2024-01-18T10:00:00,1,SHELF-A19,19.51,51.71,3070
2024-01-18T10:20:00,1,SHELF-A19,19.71,52.60,3070
2024-01-18T10:40:00,1,SHELF-A19,20.87,52.40,3070
2024-01-18T11:00:00,1,SHELF-A19,20.98,50.32,3070
2024-01-18T11:20:00,1,SHELF-A19,20.50,50.98,3070
2024-01-18T11:40:00,1,SHELF-A19,19.22,55.10,3070
2024-01-18T12:00:00,1,SHELF-A19,19.88,42.05,3070
2024-01-18T12:20:00,1,SHELF-A19,20.00,48.52,3070
2024-01-18T12:40:00,1,SHELF-A19,20.63,57.71,3070
2024-01-18T13:00:00,1,SHELF-A19,21.24,51.06,3070
2024-01-18T13:20:00,1,SHELF-A19,20.30,42.48,3070
2024-01-18T13:40:00,1,SHELF-A19,21.04,54.55,3070
2024-01-18T14:00:00,1,SHELF-A19,20.37,54.21,3070
2024-01-18T14:20:00,1,SHELF-A19,20.65,44.35,3070
2024-01-18T14:40:00,1,SHELF-A19,20.88,43.50,3070
2024-01-18T15:00:00,1,SHELF-A19,20.78,51.17,3070
2024-01-18T15:20:00,1,SHELF-A19,20.37,52.09,3070
2024-01-18T15:40:00,1,SHELF-A19,21.53,45.47,3070
2024-01-18T16:00:00,1,SHELF-A19,20.93,54.94,3070
2024-01-18T16:20:00,1,SHELF-A19,20.00,55.29,3070
2024-01-18T16:40:00,1,SHELF-A19,21.57,54.26,3070
2024-01-18T17:00:00,1,SHELF-A19,21.55,47.02,3070
2024-01-18T17:20:00,1,SHELF-A19,20.61,56.78,3070
2024-01-18T17:40:00,1,SHELF-A19,20.17,55.49,3070
2024-01-18T18:00:00,1,SHELF-A19,21.61,48.38,3070
2024-01-18T18:20:00,1,SHELF-A19,20.36,51.40,3070
2024-01-18T18:40:00,1,SHELF-A19,21.60,55.60,3070
2024-01-18T19:00:00,1,SHELF-A19,20.73,56.38,3070
2024-01-18T19:20:00,1,SHELF-A19,21.89,55.32,3070
2024-01-18T19:40:00,1,SHELF-A19,20.51,54.04,3070
2024-01-18T20:00:00,1,SHELF-A19,20.31,52.68,3070
2024-01-18T20:20:00,1,SHELF-A19,21.34,51.61,3070
2024-01-18T20:40:00,1,SHELF-A19,22.12,48.23,3070
2024-01-18T21:00:00,1,SHELF-A19,22.43,43.87,3070
2024-01-18T21:20:00,1,SHELF-A19,22.39,48.19,3070
2024-01-18T21:40:00,1,SHELF-A19,20.84,43.30,3070
2024-01-18T22:00:00,1,SHELF-A19,20.94,51.79,3070
2024-01-18T22:20:00,1,SHELF-A19,22.20,55.17,3070
2024-01-18T22:40:00,1,SHELF-A19,20.61,57.13,3070
2024-01-18T23:00:00,1,SHELF-A19,21.43,42.90,3070
2024-01-18T23:20:00,1,SHELF-A19,21.98,43.28,3070
2024-01-18T23:40:00,1,SHELF-A19,21.94,43.17,3070
2024-01-18T00:00:00,1,SHELF-B19,18.45,49.25,3254
2024-01-18T00:20:00,1,SHELF-B19,19.36,55.81,3254
2024-01-18T00:40:00,1,SHELF-B19,18.85,55.95,3254
2024-01-18T01:00:00,1,SHELF-B19,19.83,52.27,3254
2024-01-18T01:20:00,1,SHELF-B19,19.19,42.80,3254
2024-01-18T01:40:00,1,SHELF-B19,18.67,52.20,3254
2024-01-18T02:00:00,1,SHELF-B19,18.60,56.33,3254
2024-01-18T02:20:00,1,SHELF-B19,18.94,51.58,3254
2024-01-18T02:40:00,1,SHELF-B19,18.84,42.93,3254
2024-01-18T03:00:00,1,SHELF-B19,20.07,56.17,3254
2024-01-18T03:20:00,1,SHELF-B19,19.63,54.21,3254
2024-01-18T03:40:00,1,SHELF-B19,19.01,44.08,3254
2024-01-18T04:00:00,1,SHELF-B19,18.58,42.31,3254
2024-01-18T04:20:00,1,SHELF-B19,19.91,53.93,3254
2024-01-18T04:40:00,1,SHELF-B19,19.29,52.01,3254
2024-01-18T05:00:00,1,SHELF-B19,19.38,48.15,3254
2024-01-18T05:20:00,1,SHELF-B19,18.53,44.58,3254
2024-01-18T05:40:00,1,SHELF-B19,19.83,51.63,3254
2024-01-18T06:00:00,1,SHELF-B19,20.10,46.22,3254
2024-01-18T06:20:00,1,SHELF-B19,19.35,50.38,3254
2024-01-18T06:40:00,1,SHELF-B19,19.62,43.07,3254
2024-01-18T07:00:00,1,SHELF-B19,19.07,45.24,3254
2024-01-18T07:20:00,1,SHELF-B19,19.15,57.00,3254
2024-01-18T07:40:00,1,SHELF-B19,20.59,47.03,3254
2024-01-18T08:00:00,1,SHELF-B19,20.24,44.74,3254
2024-01-18T08:20:00,1,SHELF-B19,19.50,57.38,3254
2024-01-18T08:40:00,1,SHELF-B19,19.03,50.71,3254
2024-01-18T09:00:00,1,SHELF-B19,19.09,42.17,3254
2024-01-18T09:20:00,1,SHELF-B19,20.63,56.39,3254
2024-01-18T09:40:00,1,SHELF-B19,19.26,43.63,3254
2024-01-18T10:00:00,1,SHELF-B19,20.26,42.01,3254
2024-01-18T10:20:00,1,SHELF-B19,19.28,54.01,3254
2024-01-18T10:40:00,1,SHELF-B19,19.53,50.21,3254
2024-01-18T11:00:00,1,SHELF-B19,20.52,44.12,3254
2024-01-18T11:20:00,1,SHELF-B19,20.17,51.17,3254
2024-01-18T11:40:00,1,SHELF-B19,19.87,43.94,3254
2024-01-18T12:00:00,1,SHELF-B19,19.74,43.19,3254
2024-01-18T12:20:00,1,SHELF-B19,20.64,46.75,3254
2024-01-18T12:40:00,1,SHELF-B19,19.84,42.79,3254
2024-01-18T13:00:00,1,SHELF-B19,21.36,55.83,3254
2024-01-18T13:20:00,1,SHELF-B19,20.08,44.25,3254
2024-01-18T13:40:00,1,SHELF-B19,20.22,50.16,3254
2024-01-18T14:00:00,1,SHELF-B19,21.50,43.51,3254
2024-01-18T14:20:00,1,SHELF-B19,20.11,57.92,3254
2024-01-18T14:40:00,1,SHELF-B19,20.03,45.28,3254
2024-01-18T15:00:00,1,SHELF-B19,20.18,43.63,3254
2024-01-18T15:20:00,1,SHELF-B19,20.62,43.73,3254
2024-01-18T15:40:00,1,SHELF-B19,19.97,49.41,3254
2024-01-18T16:00:00,1,SHELF-B19,21.39,52.68,3254
2024-01-18T16:20:00,1,SHELF-B19,20.15,44.99,3254
2024-01-18T16:40:00,1,SHELF-B19,19.84,44.58,3254
2024-01-18T17:00:00,1,SHELF-B19,20.12,49.87,3254
2024-01-18T17:20:00,1,SHELF-B19,21.57,50.58,3254
2024-01-18T17:40:00,1,SHELF-B19,20.30,52.05,3254
2024-01-18T18:00:00,1,SHELF-B19,20.58,56.89,3254
2024-01-18T18:20:00,1,SHELF-B19,20.90,51.16,3254
2024-01-18T18:40:00,1,SHELF-B19,20.74,55.28,3254
2024-01-18T19:00:00,1,SHELF-B19,21.75,52.99,3254
2024-01-18T19:20:00,1,SHELF-B19,21.06,54.13,3254
2024-01-18T19:40:00,1,SHELF-B19,21.92,45.71,3254
2024-01-18T20:00:00,1,SHELF-B19,21.95,45.89,3254
2024-01-18T20:20:00,1,SHELF-B19,20.54,50.24,3254
2024-01-18T20:40:00,1,SHELF-B19,21.39,57.93,3254
2024-01-18T21:00:00,1,SHELF-B19,21.25,47.42,3254
2024-01-18T21:20:00,1,SHELF-B19,21.58,49.19,3254
2024-01-18T21:40:00,1,SHELF-B19,21.91,49.89,3254
2024-01-18T22:00:00,1,SHELF-B19,21.96,50.71,3254
2024-01-18T22:20:00,1,SHELF-B19,21.83,48.44,3254
2024-01-18T22:40:00,1,SHELF-B19,22.41,43.90,3254
2024-01-18T23:00:00,1,SHELF-B19,21.64,42.98,3254
2024-01-18T23:20:00,1,SHELF-B19,22.40,49.94,3254
2024-01-18T23:40:00,1,SHELF-B19,22.48,50.29,3254
2024-01-18T00:00:00,1,SHELF-E06,19.53,42.25,3103
2024-01-18T00:20:00,1,SHELF-E06,19.34,48.02,3103
2024-01-18T00:40:00,1,SHELF-E06,18.09,52.54,3103
2024-01-18T01:00:00,1,SHELF-E06,18.27,45.58,3103
2024-01-18T01:20:00,1,SHELF-E06,18.63,52.78,3103
2024-01-18T01:40:00,1,SHELF-E06,18.11,48.29,3103
2024-01-18T02:00:00,1,SHELF-E06,19.80,47.86,3103
2024-01-18T02:20:00,1,SHELF-E06,19.61,50.63,3103
2024-01-18T02:40:00,1,SHELF-E06,18.95,43.68,3103
2024-01-18T03:00:00,1,SHELF-E06,18.71,51.11,3103
2024-01-18T03:20:00,1,SHELF-E06,19.65,50.37,3103
2024-01-18T03:40:00,1,SHELF-E06,19.72,44.79,3103
2024-01-18T04:00:00,1,SHELF-E06,20.27,44.22,3103
2024-01-18T04:20:00,1,SHELF-E06,19.44,57.50,3103
2024-01-18T04:40:00,1,SHELF-E06,19.82,57.28,3103
2024-01-18T05:00:00,1,SHELF-E06,19.55,50.55,3103
2024-01-18T05:20:00,1,SHELF-E06,19.80,45.76,3103
2024-01-18T05:40:00,1,SHELF-E06,19.68,50.67,3103
2024-01-18T06:00:00,1,SHELF-E06,20.12,55.89,3103
2024-01-18T06:20:00,1,SHELF-E06,20.46,44.03,3103
2024-01-18T06:40:00,1,SHELF-E06,20.39,55.61,3103
2024-01-18T07:00:00,1,SHELF-E06,20.28,57.22,3103
2024-01-18T07:20:00,1,SHELF-E06,20.07,45.68,3103
2024-01-18T07:40:00,1,SHELF-E06,20.37,48.93,3103
2024-01-18T08:00:00,1,SHELF-E06,20.25,53.47,3103
2024-01-18T08:20:00,1,SHELF-E06,19.31,57.51,3103
2024-01-18T08:40:00,1,SHELF-E06,20.10,46.77,3103
2024-01-18T09:00:00,1,SHELF-E06,20.14,55.54,3103
2024-01-18T09:20:00,1,SHELF-E06,20.15,50.86,3103
2024-01-18T09:40:00,1,SHELF-E06,19.06,43.34,3103
2024-01-18T10:00:00,1,SHELF-E06,19.75,52.02,3103
2024-01-18T10:20:00,1,SHELF-E06,20.07,57.40,3103
2024-01-18T10:40:00,1,SHELF-E06,20.56,42.57,3103
2024-01-18T11:00:00,1,SHELF-E06,20.49,43.47,3103
2024-01-18T11:20:00,1,SHELF-E06,21.03,45.76,3103
2024-01-18T11:40:00,1,SHELF-E06,20.27,49.16,3103
2024-01-18T12:00:00,1,SHELF-E06,20.26,50.63,3103
2024-01-18T12:20:00,1,SHELF-E06,21.25,44.99,3103
2024-01-18T12:40:00,1,SHELF-E06,21.18,49.23,3103
2024-01-18T13:00:00,1,SHELF-E06,20.19,43.25,3103
2024-01-18T13:20:00,1,SHELF-E06,20.66,53.51,3103
2024-01-18T13:40:00,1,SHELF-E06,20.76,49.38,3103
2024-01-18T14:00:00,1,SHELF-E06,20.78,49.88,3103
2024-01-18T14:20:00,1,SHELF-E06,20.64,55.71,3103
2024-01-18T14:40:00,1,SHELF-E06,20.71,48.98,3103
2024-01-18T15:00:00,1,SHELF-E06,20.68,55.53,3103
2024-01-18T15:20:00,1,SHELF-E06,21.36,44.07,3103
2024-01-18T15:40:00,1,SHELF-E06,20.71,45.14,3103
2024-01-18T16:00:00,1,SHELF-E06,21.80,42.61,3103
2024-01-18T16:20:00,1,SHELF-E06,21.09,47.09,3103
2024-01-18T16:40:00,1,SHELF-E06,20.86,48.38,3103
2024-01-18T17:00:00,1,SHELF-E06,20.31,52.00,3103
2024-01-18T17:20:00,1,SHELF-E06,20.41,42.83,3103
2024-01-18T17:40:00,1,SHELF-E06,20.47,42.48,3103
2024-01-18T18:00:00,1,SHELF-E06,21.85,47.77,3103
2024-01-18T18:20:00,1,SHELF-E06,22.05,48.10,3103
2024-01-18T18:40:00,1,SHELF-E06,21.30,52.97,3103
2024-01-18T19:00:00,1,SHELF-E06,21.32,42.49,3103
2024-01-18T19:20:00,1,SHELF-E06,20.43,46.47,3103
2024-01-18T19:40:00,1,SHELF-E06,21.27,54.45,3103
2024-01-18T20:00:00,1,SHELF-E06,20.99,47.99,3103
2024-01-18T20:20:00,1,SHELF-E06,20.81,56.95,3103
2024-01-18T20:40:00,1,SHELF-E06,21.09,51.50,3103
2024-01-18T21:00:00,1,SHELF-E06,20.82,47.65,3103
2024-01-18T21:20:00,1,SHELF-E06,22.06,46.71,3103
2024-01-18T21:40:00,1,SHELF-E06,21.71,52.14,3103
2024-01-18T22:00:00,1,SHELF-E06,20.82,50.52,3103
2024-01-18T22:20:00,1,SHELF-E06,21.71,46.31,3103
2024-01-18T22:40:00,1,SHELF-E06,21.34,55.86,3103
2024-01-18T23:00:00,1,SHELF-E06,22.42,45.11,3103
2024-01-18T23:20:00,1,SHELF-E06,22.60,56.78,3103
2024-01-18T23:40:00,1,SHELF-E06,22.55,47.44,3103
2024-01-18T00:00:00,1,SHELF-F18,18.33,52.95,3108
2024-01-18T00:20:00,1,SHELF-F18,19.64,44.99,3108
2024-01-18T00:40:00,1,SHELF-F18,19.33,53.56,3108
2024-01-18T01:00:00,1,SHELF-F18,19.80,44.85,3108
2024-01-18T01:20:00,1,SHELF-F18,19.82,48.23,3108
2024-01-18T01:40:00,1,SHELF-F18,19.87,44.75,3108
2024-01-18T02:00:00,1,SHELF-F18,19.95,45.55,3108
2024-01-18T02:20:00,1,SHELF-F18,19.45,47.49,3108
2024-01-18T02:40:00,1,SHELF-F18,19.27,52.98,3108
2024-01-18T03:00:00,1,SHELF-F18,18.39,55.77,3108
2024-01-18T03:20:00,1,SHELF-F18,20.06,43.70,3108
2024-01-18T03:40:00,1,SHELF-F18,19.60,47.91,3108
2024-01-18T04:00:00,1,SHELF-F18,18.36,52.33,3108
2024-01-18T04:20:00,1,SHELF-F18,19.35,57.30,3108
2024-01-18T04:40:00,1,SHELF-F18,20.21,50.94,3108
2024-01-18T05:00:00,1,SHELF-F18,18.46,47.13,3108
2024-01-18T05:20:00,1,SHELF-F18,19.41,52.88,3108
2024-01-18T05:40:00,1,SHELF-F18,20.08,45.59,3108
2024-01-18T06:00:00,1,SHELF-F18,18.95,52.05,3108
2024-01-18T06:20:00,1,SHELF-F18,18.80,52.81,3108
2024-01-18T06:40:00,1,SHELF-F18,19.58,51.23,3108
2024-01-18T07:00:00,1,SHELF-F18,20.54,43.81,3108
2024-01-18T07:20:00,1,SHELF-F18,19.65,49.75,3108
2024-01-18T07:40:00,1,SHELF-F18,18.78,50.34,3108
2024-01-18T08:00:00,1,SHELF-F18,20.22,51.31,3108
2024-01-18T08:20:00,1,SHELF-F18,19.35,42.60,3108
2024-01-18T08:40:00,1,SHELF-F18,20.48,45.36,3108
2024-01-18T09:00:00,1,SHELF-F18,19.55,47.20,3108
2024-01-18T09:20:00,1,SHELF-F18,19.84,47.23,3108
2024-01-18T09:40:00,1,SHELF-F18,19.59,43.72,3108
2024-01-18T10:00:00,1,SHELF-F18,20.52,47.86,3108
2024-01-18T10:20:00,1,SHELF-F18,20.83,55.08,3108
2024-01-18T10:40:00,1,SHELF-F18,20.01,55.53,3108
2024-01-18T11:00:00,1,SHELF-F18,20.23,45.81,3108
2024-01-18T11:20:00,1,SHELF-F18,20.04,55.62,3108
2024-01-18T11:40:00,1,SHELF-F18,19.27,57.36,3108
2024-01-18T12:00:00,1,SHELF-F18,19.84,55.55,3108
2024-01-18T12:20:00,1,SHELF-F18,20.70,52.29,3108
2024-01-18T12:40:00,1,SHELF-F18,19.53,57.21,3108
2024-01-18T13:00:00,1,SHELF-F18,21.02,42.56,3108
2024-01-18T13:20:00,1,SHELF-F18,20.14,49.31,3108
2024-01-18T13:40:00,1,SHELF-F18,20.66,57.17,3108
2024-01-18T14:00:00,1,SHELF-F18,19.80,51.47,3108
2024-01-18T14:20:00,1,SHELF-F18,20.50,42.96,3108
2024-01-18T14:40:00,1,SHELF-F18,21.02,44.11,3108
2024-01-18T15:00:00,1,SHELF-F18,20.64,46.35,3108
2024-01-18T15:20:00,1,SHELF-F18,19.94,55.52,3108
2024-01-18T15:40:00,1,SHELF-F18,20.74,55.70,3108
2024-01-18T16:00:00,1,SHELF-F18,20.50,44.60,3108
2024-01-18T16:20:00,1,SHELF-F18,20.08,47.29,3108
2024-01-18T16:40:00,1,SHELF-F18,21.43,54.95,3108
2024-01-18T17:00:00,1,SHELF-F18,20.79,42.93,3108
2024-01-18T17:20:00,1,SHELF-F18,20.58,54.37,3108
2024-01-18T17:40:00,1,SHELF-F18,20.95,54.68,3108
2024-01-18T18:00:00,1,SHELF-F18,20.96,49.08,3108
2024-01-18T18:20:00,1,SHELF-F18,20.65,44.68,3108
2024-01-18T18:40:00,1,SHELF-F18,21.04,47.41,3108
2024-01-18T19:00:00,1,SHELF-F18,20.86,53.85,3108
2024-01-18T19:20:00,1,SHELF-F18,21.52,50.66,3108
2024-01-18T19:40:00,1,SHELF-F18,20.86,51.41,3108
2024-01-18T20:00:00,1,SHELF-F18,22.24,54.75,3108
2024-01-18T20:20:00,1,SHELF-F18,20.94,53.40,3108
2024-01-18T20:40:00,1,SHELF-F18,21.53,44.84,3108
2024-01-18T21:00:00,1,SHELF-F18,20.69,57.33,3108
2024-01-18T21:20:00,1,SHELF-F18,22.25,57.48,3108
2024-01-18T21:40:00,1,SHELF-F18,22.06,48.85,3108
2024-01-18T22:00:00,1,SHELF-F18,21.22,44.18,3108
2024-01-18T22:20:00,1,SHELF-F18,22.26,56.12,3108
2024-01-18T22:40:00,1,SHELF-F18,20.64,54.83,3108
2024-01-18T23:00:00,1,SHELF-F18,21.43,45.67,3108
2024-01-18T23:20:00,1,SHELF-F18,21.98,45.71,3108
2024-01-18T23:40:00,1,SHELF-F18,22.60,44.10,3108
2024-01-19T00:00:00,1,SHELF-D12,19.41,55.90,3093
2024-01-19T00:20:00,1,SHELF-D12,17.95,42.09,3093
2024-01-19T00:40:00,1,SHELF-D12,18.49,42.54,3093
2024-01-19T01:00:00,1,SHELF-D12,18.34,52.13,3093
2024-01-19T01:20:00,1,SHELF-D12,19.04,44.91,3093
2024-01-19T01:40:00,1,SHELF-D12,18.13,46.85,3093
2024-01-19T02:00:00,1,SHELF-D12,19.76,50.40,3093
2024-01-19T02:20:00,1,SHELF-D12,18.82,51.38,3093
2024-01-19T02:40:00,1,SHELF-D12,20.05,49.85,3093
2024-01-19T03:00:00,1,SHELF-D12,19.18,55.61,3093
2024-01-19T03:20:00,1,SHELF-D12,20.16,45.55,3093
2024-01-19T03:40:00,1,SHELF-D12,19.08,52.20,3093
2024-01-19T04:00:00,1,SHELF-D12,19.19,57.19,3093
2024-01-19T04:20:00,1,SHELF-D12,19.59,44.40,3093
2024-01-19T04:40:00,1,SHELF-D12,18.32,47.86,3093
2024-01-19T05:00:00,1,SHELF-D12,19.46,53.82,3093
2024-01-19T05:20:00,1,SHELF-D12,18.77,47.90,3093
2024-01-19T05:40:00,1,SHELF-D12,18.85,57.34,3093
2024-01-19T06:00:00,1,SHELF-D12,19.61,54.89,3093
2024-01-19T06:20:00,1,SHELF-D12,18.90,50.69,3093
2024-01-19T06:40:00,1,SHELF-D12,20.19,53.79,3093
2024-01-19T07:00:00,1,SHELF-D12,19.06,43.01,3093
2024-01-19T07:20:00,1,SHELF-D12,19.08,44.29,3093
2024-01-19T07:40:00,1,SHELF-D12,20.37,42.11,3093
2024-01-19T08:00:00,1,SHELF-D12,19.42,43.48,3093
2024-01-19T08:20:00,1,SHELF-D12,19.56,42.13,3093
2024-01-19T08:40:00,1,SHELF-D12,18.99,45.92,3093
2024-01-19T09:00:00,1,SHELF-D12,19.46,44.56,3093
2024-01-19T09:20:00,1,SHELF-D12,20.37,49.41,3093
2024-01-19T09:40:00,1,SHELF-D12,18.98,44.64,3093
2024-01-19T10:00:00,1,SHELF-D12,20.00,50.30,3093
2024-01-19T10:20:00,1,SHELF-D12,19.23,49.30,3093
2024-01-19T10:40:00,1,SHELF-D12,20.63,56.40,3093
2024-01-19T11:00:00,1,SHELF-D12,20.14,47.13,3093
2024-01-19T11:20:00,1,SHELF-D12,20.68,47.81,3093
2024-01-19T11:40:00,1,SHELF-D12,20.44,49.74,3093
2024-01-19T12:00:00,1,SHELF-D12,20.07,55.80,3093
2024-01-19T12:20:00,1,SHELF-D12,21.19,47.21,3093
2024-01-19T12:40:00,1,SHELF-D12,20.54,50.17,3093
2024-01-19T13:00:00,1,SHELF-D12,20.98,52.72,3093
2024-01-19T13:20:00,1,SHELF-D12,20.34,56.39,3093
2024-01-19T13:40:00,1,SHELF-D12,20.54,53.67,3093
2024-01-19T14:00:00,1,SHELF-D12,20.34,50.79,3093
2024-01-19T14:20:00,1,SHELF-D12,19.92,49.03,3093
2024-01-19T14:40:00,1,SHELF-D12,19.80,49.50,3093
2024-01-19T15:00:00,1,SHELF-D12,19.81,53.00,3093
2024-01-19T15:20:00,1,SHELF-D12,20.08,54.60,3093
2024-01-19T15:40:00,1,SHELF-D12,21.14,56.81,3093
2024-01-19T16:00:00,1,SHELF-D12,21.12,57.47,3093
2024-01-19T16:20:00,1,SHELF-D12,21.72,56.82,3093
2024-01-19T16:40:00,1,SHELF-D12,20.46,44.76,3093
2024-01-19T17:00:00,1,SHELF-D12,21.09,51.07,3093
2024-01-19T17:20:00,1,SHELF-D12,21.16,53.86,3093
2024-01-19T17:40:00,1,SHELF-D12,21.70,57.29,3093
2024-01-19T18:00:00,1,SHELF-D12,21.52,54.79,3093
2024-01-19T18:20:00,1,SHELF-D12,21.37,51.36,3093
2024-01-19T18:40:00,1,SHELF-D12,21.34,45.78,3093
2024-01-19T19:00:00,1,SHELF-D12,21.28,45.78,3093
2024-01-19T19:20:00,1,SHELF-D12,20.52,52.45,3093
2024-01-19T19:40:00,1,SHELF-D12,21.59,45.91,3093
2024-01-19T20:00:00,1,SHELF-D12,21.46,56.31,3093
2024-01-19T20:20:00,1,SHELF-D12,20.71,50.90,3093
2024-01-19T20:40:00,1,SHELF-D12,20.92,48.69,3093
2024-01-19T21:00:00,1,SHELF-D12,21.41,52.31,3093
2024-01-19T21:20:00,1,SHELF-D12,21.91,56.12,3093
2024-01-19T21:40:00,1,SHELF-D12,20.87,54.93,3093
2024-01-19T22:00:00,1,SHELF-D12,21.14,57.07,3093
2024-01-19T22:20:00,1,SHELF-D12,21.70,46.18,3093
2024-01-19T22:40:00,1,SHELF-D12,21.07,54.97,3093
2024-01-19T23:00:00,1,SHELF-D12,22.23,51.78,3093
2024-01-19T23:20:00,1,SHELF-D12,22.13,44.89,3093
2024-01-19T23:40:00,1,SHELF-D12,21.58,55.20,3093
2024-01-19T00:00:00,1,SHELF-A19,18.69,44.99,3213
2024-01-19T00:20:00,1,SHELF-A19,18.16,43.12,3213
2024-01-19T00:40:00,1,SHELF-A19,17.92,45.94,3213
2024-01-19T01:00:00,1,SHELF-A19,19.73,49.50,3213
2024-01-19T01:20:00,1,SHELF-A19,18.99,49.96,3213
2024-01-19T01:40:00,1,SHELF-A19,18.16,49.85,3213
2024-01-19T02:00:00,1,SHELF-A19,19.85,47.23,3213
2024-01-19T02:20:00,1,SHELF-A19,19.22,50.93,3213
2024-01-19T02:40:00,1,SHELF-A19,19.89,45.89,3213
2024-01-19T03:00:00,1,SHELF-A19,18.48,55.00,3213
2024-01-19T03:20:00,1,SHELF-A19,19.69,43.58,3213
2024-01-19T03:40:00,1,SHELF-A19,19.77,48.35,3213
2024-01-19T04:00:00,1,SHELF-A19,19.89,55.81,3213
2024-01-19T04:20:00,1,SHELF-A19,19.40,44.77,3213
2024-01-19T04:40:00,1,SHELF-A19,20.07,46.24,3213
2024-01-19T05:00:00,1,SHELF-A19,19.54,51.71,3213
2024-01-19T05:20:00,1,SHELF-A19,20.31,56.16,3213
2024-01-19T05:40:00,1,SHELF-A19,19.47,50.09,3213
2024-01-19T06:00:00,1,SHELF-A19,19.70,47.59,3213
2024-01-19T06:20:00,1,SHELF-A19,18.98,53.84,3213
2024-01-19T06:40:00,1,SHELF-A19,19.97,47.96,3213
2024-01-19T07:00:00,1,SHELF-A19,19.71,44.95,3213
2024-01-19T07:20:00,1,SHELF-A19,19.96,48.31,3213
2024-01-19T07:40:00,1,SHELF-A19,18.80,55.41,3213
2024-01-19T08:00:00,1,SHELF-A19,20.31,57.96,3213
2024-01-19T08:20:00,1,SHELF-A19,20.34,45.23,3213
2024-01-19T08:40:00,1,SHELF-A19,19.36,46.83,3213
2024-01-19T09:00:00,1,SHELF-A19,20.78,52.33,3213
2024-01-19T09:20:00,1,SHELF-A19,20.56,55.68,3213
2024-01-19T09:40:00,1,SHELF-A19,20.08,43.75,3213
2024-01-19T10:00:00,1,SHELF-A19,19.19,55.36,3213
2024-01-19T10:20:00,1,SHELF-A19,19.38,45.36,3213
2024-01-19T10:40:00,1,SHELF-A19,20.51,56.38,3213
2024-01-19T11:00:00,1,SHELF-A19,20.92,42.37,3213
2024-01-19T11:20:00,1,SHELF-A19,19.48,51.24,3213
2024-01-19T11:40:00,1,SHELF-A19,20.74,53.68,3213
2024-01-19T12:00:00,1,SHELF-A19,20.48,47.57,3213
2024-01-19T12:20:00,1,SHELF-A19,19.36,46.84,3213
2024-01-19T12:40:00,1,SHELF-A19,20.26,52.46,3213
2024-01-19T13:00:00,1,SHELF-A19,20.90,45.09,3213
2024-01-19T13:20:00,1,SHELF-A19,20.66,45.14,3213
2024-01-19T13:40:00,1,SHELF-A19,19.44,48.65,3213
2024-01-19T14:00:00,1,SHELF-A19,20.50,45.37,3213
2024-01-19T14:20:00,1,SHELF-A19,20.74,43.49,3213
2024-01-19T14:40:00,1,SHELF-A19,21.49,44.32,3213
2024-01-19T15:00:00,1,SHELF-A19,19.78,44.41,3213
2024-01-19T15:20:00,1,SHELF-A19,19.99,45.32,3213
2024-01-19T15:40:00,1,SHELF-A19,19.92,52.99,3213
2024-01-19T16:00:00,1,SHELF-A19,21.21,49.37,3213
2024-01-19T16:20:00,1,SHELF-A19,20.74,52.56,3213
2024-01-19T16:40:00,1,SHELF-A19,19.91,51.69,3213
2024-01-19T17:00:00,1,SHELF-A19,21.42,43.43,3213
2024-01-19T17:20:00,1,SHELF-A19,20.16,48.44,3213
2024-01-19T17:40:00,1,SHELF-A19,20.19,44.89,3213
2024-01-19T18:00:00,1,SHELF-A19,20.30,53.55,3213
2024-01-19T18:20:00,1,SHELF-A19,20.95,53.57,3213
2024-01-19T18:40:00,1,SHELF-A19,21.38,56.81,3213
2024-01-19T19:00:00,1,SHELF-A19,21.70,56.92,3213
2024-01-19T19:20:00,1,SHELF-A19,20.58,51.97,3213
2024-01-19T19:40:00,1,SHELF-A19,21.64,42.59,3213
2024-01-19T20:00:00,1,SHELF-A19,21.45,48.90,3213
2024-01-19T20:20:00,1,SHELF-A19,20.98,50.58,3213
2024-01-19T20:40:00,1,SHELF-A19,21.63,49.29,3213
2024-01-19T21:00:00,1,SHELF-A19,22.19,54.98,3213
2024-01-19T21:20:00,1,SHELF-A19,21.99,43.66,3213
2024-01-19T21:40:00,1,SHELF-A19,21.96,46.51,3213
2024-01-19T22:00:00,1,SHELF-A19,20.76,46.55,3213
2024-01-19T22:20:00,1,SHELF-A19,22.14,52.93,3213
2024-01-19T22:40:00,1,SHELF-A19,21.81,44.25,3213
2024-01-19T23:00:00,1,SHELF-A19,21.36,42.14,3213
2024-01-19T23:20:00,1,SHELF-A19,22.01,57.71,3213
2024-01-19T23:40:00,1,SHELF-A19,20.98,46.59,3213
2024-01-19T00:00:00,1,SHELF-B19,17.84,55.17,3096
2024-01-19T00:20:00,1,SHELF-B19,18.20,55.55,3096
2024-01-19T00:40:00,1,SHELF-B19,19.80,47.60,3096
2024-01-19T01:00:00,1,SHELF-B19,18.69,54.66,3096
2024-01-19T01:20:00,1,SHELF-B19,19.55,53.78,3096
2024-01-19T01:40:00,1,SHELF-B19,17.94,56.89,3096
2024-01-19T02:00:00,1,SHELF-B19,19.49,51.10,3096
2024-01-19T02:20:00,1,SHELF-B19,18.75,54.47,3096
2024-01-19T02:40:00,1,SHELF-B19,19.22,55.18,3096
2024-01-19T03:00:00,1,SHELF-B19,19.74,45.66,3096
2024-01-19T03:20:00,1,SHELF-B19,19.09,44.27,3096
2024-01-19T03:40:00,1,SHELF-B19,18.56,56.96,3096
2024-01-19T04:00:00,1,SHELF-B19,19.41,50.63,3096
2024-01-19T04:20:00,1,SHELF-B19,19.08,54.20,3096
2024-01-19T04:40:00,1,SHELF-B19,18.57,55.54,3096
2024-01-19T05:00:00,1,SHELF-B19,18.95,43.20,3096
2024-01-19T05:20:00,1,SHELF-B19,19.92,44.50,3096
2024-01-19T05:40:00,1,SHELF-B19,18.71,49.71,3096
2024-01-19T06:00:00,1,SHELF-B19,18.67,43.97,3096
2024-01-19T06:20:00,1,SHELF-B19,19.79,49.67,3096
2024-01-19T06:40:00,1,SHELF-B19,19.67,46.45,3096
2024-01-19T07:00:00,1,SHELF-B19,19.02,51.91,3096
2024-01-19T07:20:00,1,SHELF-B19,19.57,53.54,3096
2024-01-19T07:40:00,1,SHELF-B19,18.85,48.82,3096
2024-01-19T08:00:00,1,SHELF-B19,19.99,48.60,3096
2024-01-19T08:20:00,1,SHELF-B19,19.07,55.76,3096
2024-01-19T08:40:00,1,SHELF-B19,19.87,57.12,3096
2024-01-19T09:00:00,1,SHELF-B19,19.15,47.11,3096
2024-01-19T09:20:00,1,SHELF-B19,20.84,44.54,3096
2024-01-19T09:40:00,1,SHELF-B19,20.69,52.11,3096
2024-01-19T10:00:00,1,SHELF-B19,19.07,53.22,3096
2024-01-19T10:20:00,1,SHELF-B19,20.79,42.52,3096
2024-01-19T10:40:00,1,SHELF-B19,19.17,42.27,3096
2024-01-19T11:00:00,1,SHELF-B19,19.91,56.48,3096
2024-01-19T11:20:00,1,SHELF-B19,21.10,51.03,3096
2024-01-19T11:40:00,1,SHELF-B19,20.72,49.22,3096
2024-01-19T12:00:00,1,SHELF-B19,20.15,54.59,3096
2024-01-19T12:20:00,1,SHELF-B19,20.55,47.93,3096
2024-01-19T12:40:00,1,SHELF-B19,20.49,54.45,3096
2024-01-19T13:00:00,1,SHELF-B19,20.13,46.56,3096
2024-01-19T13:20:00,1,SHELF-B19,21.12,57.13,3096
2024-01-19T13:40:00,1,SHELF-B19,19.94,55.47,3096
2024-01-19T14:00:00,1,SHELF-B19,19.83,54.96,3096
2024-01-19T14:20:00,1,SHELF-B19,20.48,42.04,3096
2024-01-19T14:40:00,1,SHELF-B19,19.65,42.95,3096
2024-01-19T15:00:00,1,SHELF-B19,19.92,54.54,3096
2024-01-19T15:20:00,1,SHELF-B19,19.93,45.32,3096
2024-01-19T15:40:00,1,SHELF-B19,21.29,53.79,3096
2024-01-19T16:00:00,1,SHELF-B19,20.63,45.68,3096
2024-01-19T16:20:00,1,SHELF-B19,20.71,46.42,3096
2024-01-19T16:40:00,1,SHELF-B19,21.69,49.82,3096
2024-01-19T17:00:00,1,SHELF-B19,20.78,42.68,3096
2024-01-19T17:20:00,1,SHELF-B19,19.96,43.56,3096
2024-01-19T17:40:00,1,SHELF-B19,21.39,47.86,3096
2024-01-19T18:00:00,1,SHELF-B19,20.27,51.48,3096
2024-01-19T18:20:00,1,SHELF-B19,21.79,43.73,3096
2024-01-19T18:40:00,1,SHELF-B19,20.74,42.97,3096
2024-01-19T19:00:00,1,SHELF-B19,20.35,50.13,3096
2024-01-19T19:20:00,1,SHELF-B19,21.00,43.63,3096
2024-01-19T19:40:00,1,SHELF-B19,20.29,53.40,3096
2024-01-19T20:00:00,1,SHELF-B19,20.97,57.50,3096
2024-01-19T20:20:00,1,SHELF-B19,21.93,46.60,3096
2024-01-19T20:40:00,1,SHELF-B19,22.25,57.26,3096
2024-01-19T21:00:00,1,SHELF-B19,21.42,45.19,3096
2024-01-19T21:20:00,1,SHELF-B19,21.23,43.83,3096
2024-01-19T21:40:00,1,SHELF-B19,20.83,42.28,3096
2024-01-19T22:00:00,1,SHELF-B19,21.43,47.58,3096
2024-01-19T22:20:00,1,SHELF-B19,22.28,52.82,3096
2024-01-19T22:40:00,1,SHELF-B19,21.45,53.25,3096
2024-01-19T23:00:00,1,SHELF-B19,21.88,49.94,3096
2024-01-19T23:20:00,1,SHELF-B19,21.09,50.98,3096
2024-01-19T23:40:00,1,SHELF-B19,21.35,58.00,3096
2024-01-19T00:00:00,1,SHELF-E06,18.21,48.44,3262
2024-01-19T00:20:00,1,SHELF-E06,19.45,56.71,3262
2024-01-19T00:40:00,1,SHELF-E06,18.69,46.07,3262
2024-01-19T01:00:00,1,SHELF-E06,18.81,48.30,3262
2024-01-19T01:20:00,1,SHELF-E06,19.58,43.26,3262
2024-01-19T01:40:00,1,SHELF-E06,19.10,50.39,3262
2024-01-19T02:00:00,1,SHELF-E06,19.72,53.19,3262
2024-01-19T02:20:00,1,SHELF-E06,19.01,42.51,3262
2024-01-19T02:40:00,1,SHELF-E06,20.02,48.45,3262
2024-01-19T03:00:00,1,SHELF-E06,19.03,46.97,3262
2024-01-19T03:20:00,1,SHELF-E06,18.84,51.43,3262
2024-01-19T03:40:00,1,SHELF-E06,19.69,54.72,3262
2024-01-19T04:00:00,1,SHELF-E06,18.41,51.42,3262
2024-01-19T04:20:00,1,SHELF-E06,19.64,43.99,3262
2024-01-19T04:40:00,1,SHELF-E06,18.81,42.31,3262
2024-01-19T05:00:00,1,SHELF-E06,19.74,51.37,3262
2024-01-19T05:20:00,1,SHELF-E06,19.52,57.06,3262
2024-01-19T05:40:00,1,SHELF-E06,18.57,53.44,3262
2024-01-19T06:00:00,1,SHELF-E06,20.07,55.73,3262
2024-01-19T06:20:00,1,SHELF-E06,19.82,46.31,3262
2024-01-19T06:40:00,1,SHELF-E06,18.56,45.99,3262
2024-01-19T07:00:00,1,SHELF-E06,20.68,43.05,3262
2024-01-19T07:20:00,1,SHELF-E06,20.25,42.68,3262
2024-01-19T07:40:00,1,SHELF-E06,19.90,50.03,3262
2024-01-19T08:00:00,1,SHELF-E06,20.42,46.76,3262
2024-01-19T08:20:00,1,SHELF-E06,20.47,55.15,3262
2024-01-19T08:40:00,1,SHELF-E06,20.67,48.32,3262
2024-01-19T09:00:00,1,SHELF-E06,20.14,57.84,3262
2024-01-19T09:20:00,1,SHELF-E06,20.21,52.37,3262
2024-01-19T09:40:00,1,SHELF-E06,19.33,51.45,3262
2024-01-19T10:00:00,1,SHELF-E06,20.43,55.02,3262
2024-01-19T10:20:00,1,SHELF-E06,19.82,50.90,3262
2024-01-19T10:40:00,1,SHELF-E06,19.64,48.57,3262
2024-01-19T11:00:00,1,SHELF-E06,19.95,43.59,3262
2024-01-19T11:20:00,1,SHELF-E06,19.62,46.59,3262
2024-01-19T11:40:00,1,SHELF-E06,19.28,49.68,3262
2024-01-19T12:00:00,1,SHELF-E06,19.84,45.73,3262
2024-01-19T12:20:00,1,SHELF-E06,19.66,47.16,3262
2024-01-19T12:40:00,1,SHELF-E06,19.67,53.79,3262
2024-01-19T13:00:00,1,SHELF-E06,21.37,52.72,3262
2024-01-19T13:20:00,1,SHELF-E06,20.62,51.33,3262
2024-01-19T13:40:00,1,SHELF-E06,21.26,57.93,3262
2024-01-19T14:00:00,1,SHELF-E06,20.45,42.23,3262
2024-01-19T14:20:00,1,SHELF-E06,20.98,56.58,3262
2024-01-19T14:40:00,1,SHELF-E06,19.89,48.89,3262
2024-01-19T15:00:00,1,SHELF-E06,21.66,52.57,3262
2024-01-19T15:20:00,1,SHELF-E06,19.74,49.48,3262
2024-01-19T15:40:00,1,SHELF-E06,20.71,55.12,3262
2024-01-19T16:00:00,1,SHELF-E06,20.89,44.74,3262
2024-01-19T16:20:00,1,SHELF-E06,19.99,42.88,3262
2024-01-19T16:40:00,1,SHELF-E06,20.12,52.65,3262
2024-01-19T17:00:00,1,SHELF-E06,19.99,54.85,3262
2024-01-19T17:20:00,1,SHELF-E06,21.19,43.52,3262
2024-01-19T17:40:00,1,SHELF-E06,21.79,56.98,3262
2024-01-19T18:00:00,1,SHELF-E06,21.95,54.79,3262
2024-01-19T18:20:00,1,SHELF-E06,20.53,52.95,3262
2024-01-19T18:40:00,1,SHELF-E06,21.56,51.14,3262
2024-01-19T19:00:00,1,SHELF-E06,21.37,56.16,3262
2024-01-19T19:20:00,1,SHELF-E06,21.74,49.18,3262
2024-01-19T19:40:00,1,SHELF-E06,20.48,43.79,3262
2024-01-19T20:00:00,1,SHELF-E06,22.26,57.40,3262
2024-01-19T20:20:00,1,SHELF-E06,21.77,50.60,3262
2024-01-19T20:40:00,1,SHELF-E06,21.56,57.43,3262
2024-01-19T21:00:00,1,SHELF-E06,22.29,50.13,3262
2024-01-19T21:20:00,1,SHELF-E06,22.06,55.62,3262
2024-01-19T21:40:00,1,SHELF-E06,22.37,56.85,3262
2024-01-19T22:00:00,1,SHELF-E06,22.35,46.87,3262
2024-01-19T22:20:00,1,SHELF-E06,20.83,54.13,3262
2024-01-19T22:40:00,1,SHELF-E06,21.46,56.08,3262
2024-01-19T23:00:00,1,SHELF-E06,21.39,50.21,3262
2024-01-19T23:20:00,1,SHELF-E06,22.54,51.14,3262
2024-01-19T23:40:00,1,SHELF-E06,21.56,50.11,3262
2024-01-19T00:00:00,1,SHELF-F18,19.67,50.63,3176
2024-01-19T00:20:00,1,SHELF-F18,17.93,42.41,3176
2024-01-19T00:40:00,1,SHELF-F18,18.89,48.70,3176
2024-01-19T01:00:00,1,SHELF-F18,18.57,52.67,3176
2024-01-19T01:20:00,1,SHELF-F18,19.59,44.88,3176
2024-01-19T01:40:00,1,SHELF-F18,18.31,51.01,3176
2024-01-19T02:00:00,1,SHELF-F18,18.66,48.45,3176
2024-01-19T02:20:00,1,SHELF-F18,19.59,52.69,3176
2024-01-19T02:40:00,1,SHELF-F18,19.93,50.17,3176
2024-01-19T03:00:00,1,SHELF-F18,19.18,55.07,3176
2024-01-19T03:20:00,1,SHELF-F18,18.72,44.65,3176
2024-01-19T03:40:00,1,SHELF-F18,19.52,50.96,3176
2024-01-19T04:00:00,1,SHELF-F18,19.32,49.41,3176
2024-01-19T04:20:00,1,SHELF-F18,19.81,51.26,3176
2024-01-19T04:40:00,1,SHELF-F18,20.31,56.88,3176
2024-01-19T05:00:00,1,SHELF-F18,19.39,52.17,3176
2024-01-19T05:20:00,1,SHELF-F18,18.97,51.42,3176
2024-01-19T05:40:00,1,SHELF-F18,18.89,43.89,3176
2024-01-19T06:00:00,1,SHELF-F18,20.37,43.41,3176
2024-01-19T06:20:00,1,SHELF-F18,19.72,43.80,3176
2024-01-19T06:40:00,1,SHELF-F18,19.41,49.91,3176
2024-01-19T07:00:00,1,SHELF-F18,19.79,45.97,3176
2024-01-19T07:20:00,1,SHELF-F18,19.66,52.79,3176
2024-01-19T07:40:00,1,SHELF-F18,20.30,50.85,3176
2024-01-19T08:00:00,1,SHELF-F18,19.26,53.57,3176
2024-01-19T08:20:00,1,SHELF-F18,19.52,54.46,3176
2024-01-19T08:40:00,1,SHELF-F18,19.73,54.77,3176
2024-01-19T09:00:00,1,SHELF-F18,20.54,52.72,3176
2024-01-19T09:20:00,1,SHELF-F18,19.73,46.69,3176
2024-01-19T09:40:00,1,SHELF-F18,19.02,51.68,3176
2024-01-19T10:00:00,1,SHELF-F18,19.90,52.23,3176
2024-01-19T10:20:00,1,SHELF-F18,20.73,48.02,3176
2024-01-19T10:40:00,1,SHELF-F18,20.15,53.53,3176
2024-01-19T11:00:00,1,SHELF-F18,21.05,48.87,3176
2024-01-19T11:20:00,1,SHELF-F18,19.71,50.19,3176
2024-01-19T11:40:00,1,SHELF-F18,19.49,49.10,3176
2024-01-19T12:00:00,1,SHELF-F18,19.61,47.41,3176
2024-01-19T12:20:00,1,SHELF-F18,20.08,44.56,3176
2024-01-19T12:40:00,1,SHELF-F18,21.17,51.28,3176
2024-01-19T13:00:00,1,SHELF-F18,19.92,52.09,3176
2024-01-19T13:20:00,1,SHELF-F18,19.98,50.75,3176
2024-01-19T13:40:00,1,SHELF-F18,19.43,57.48,3176
2024-01-19T14:00:00,1,SHELF-F18,21.48,54.46,3176
2024-01-19T14:20:00,1,SHELF-F18,20.09,48.40,3176
2024-01-19T14:40:00,1,SHELF-F18,20.95,45.65,3176
2024-01-19T15:00:00,1,SHELF-F18,19.76,48.97,3176
2024-01-19T15:20:00,1,SHELF-F18,21.65,48.32,3176
2024-01-19T15:40:00,1,SHELF-F18,19.99,57.80,3176
2024-01-19T16:00:00,1,SHELF-F18,20.86,51.63,3176
2024-01-19T16:20:00,1,SHELF-F18,19.94,42.35,3176
2024-01-19T16:40:00,1,SHELF-F18,21.47,43.43,3176
2024-01-19T17:00:00,1,SHELF-F18,20.08,57.98,3176
2024-01-19T17:20:00,1,SHELF-F18,20.16,56.34,3176
2024-01-19T17:40:00,1,SHELF-F18,21.92,45.97,3176
2024-01-19T18:00:00,1,SHELF-F18,21.38,57.79,3176
2024-01-19T18:20:00,1,SHELF-F18,21.34,44.61,3176
2024-01-19T18:40:00,1,SHELF-F18,21.70,45.27,3176
2024-01-19T19:00:00,1,SHELF-F18,21.00,45.72,3176
2024-01-19T19:20:00,1,SHELF-F18,21.13,48.52,3176
2024-01-19T19:40:00,1,SHELF-F18,20.18,44.99,3176
2024-01-19T20:00:00,1,SHELF-F18,20.80,56.69,3176
2024-01-19T20:20:00,1,SHELF-F18,20.95,50.18,3176
2024-01-19T20:40:00,1,SHELF-F18,21.11,54.48,3176
2024-01-19T21:00:00,1,SHELF-F18,21.83,56.56,3176
2024-01-19T21:20:00,1,SHELF-F18,21.15,57.30,3176
2024-01-19T21:40:00,1,SHELF-F18,21.93,49.93,3176
2024-01-19T22:00:00,1,SHELF-F18,21.08,51.86,3176
2024-01-19T22:20:00,1,SHELF-F18,21.42,52.40,3176
2024-01-19T22:40:00,1,SHELF-F18,22.30,53.15,3176
2024-01-19T23:00:00,1,SHELF-F18,21.23,54.60,3176
2024-01-19T23:20:00,1,SHELF-F18,21.52,55.52,3176
2024-01-19T23:40:00,1,SHELF-F18,21.62,53.85,3176
2024-01-20T00:00:00,1,SHELF-D12,17.94,50.25,3253
2024-01-20T00:20:00,1,SHELF-D12,19.21,51.51,3253
2024-01-20T00:40:00,1,SHELF-D12,18.95,50.75,3253
2024-01-20T01:00:00,1,SHELF-D12,18.02,50.66,3253
2024-01-20T01:20:00,1,SHELF-D12,19.75,42.05,3253
2024-01-20T01:40:00,1,SHELF-D12,18.73,55.33,3253
2024-01-20T02:00:00,1,SHELF-D12,18.35,46.34,3253
2024-01-20T02:20:00,1,SHELF-D12,18.94,48.62,3253
2024-01-20T02:40:00,1,SHELF-D12,19.75,43.67,3253
2024-01-20T03:00:00,1,SHELF-D12,18.64,47.22,3253
2024-01-20T03:20:00,1,SHELF-D12,18.55,48.31,3253
2024-01-20T03:40:00,1,SHELF-D12,18.94,46.24,3253
2024-01-20T04:00:00,1,SHELF-D12,19.15,52.61,3253
2024-01-20T04:20:00,1,SHELF-D12,19.54,56.64,3253
2024-01-20T04:40:00,1,SHELF-D12,19.71,51.31,3253
2024-01-20T05:00:00,1,SHELF-D12,19.83,50.79,3253
2024-01-20T05:20:00,1,SHELF-D12,19.06,50.11,3253
2024-01-20T05:40:00,1,SHELF-D12,19.57,53.02,3253
2024-01-20T06:00:00,1,SHELF-D12,20.29,47.24,3253
2024-01-20T06:20:00,1,SHELF-D12,19.73,57.66,3253
2024-01-20T06:40:00,1,SHELF-D12,20.16,42.79,3253
2024-01-20T07:00:00,1,SHELF-D12,18.93,44.16,3253
2024-01-20T07:20:00,1,SHELF-D12,19.88,44.89,3253
2024-01-20T07:40:00,1,SHELF-D12,20.37,54.50,3253
2024-01-20T08:00:00,1,SHELF-D12,20.80,45.94,3253
2024-01-20T08:20:00,1,SHELF-D12,20.67,56.23,3253
2024-01-20T08:40:00,1,SHELF-D12,18.90,43.81,3253
2024-01-20T09:00:00,1,SHELF-D12,19.88,48.76,3253
2024-01-20T09:20:00,1,SHELF-D12,20.39,45.63,3253
2024-01-20T09:40:00,1,SHELF-D12,20.12,54.04,3253
2024-01-20T10:00:00,1,SHELF-D12,20.17,48.32,3253
2024-01-20T10:20:00,1,SHELF-D12,19.90,45.98,3253
2024-01-20T10:40:00,1,SHELF-D12,21.01,52.36,3253
2024-01-20T11:00:00,1,SHELF-D12,19.38,51.27,3253
2024-01-20T11:20:00,1,SHELF-D12,19.84,51.59,3253
2024-01-20T11:40:00,1,SHELF-D12,19.94,42.12,3253
2024-01-20T12:00:00,1,SHELF-D12,19.36,52.50,3253
2024-01-20T12:20:00,1,SHELF-D12,20.45,54.91,3253
2024-01-20T12:40:00,1,SHELF-D12,19.91,57.54,3253
2024-01-20T13:00:00,1,SHELF-D12,19.93,42.75,3253
2024-01-20T13:20:00,1,SHELF-D12,21.27,57.98,3253
2024-01-20T13:40:00,1,SHELF-D12,20.80,46.38,3253
2024-01-20T14:00:00,1,SHELF-D12,21.36,55.79,3253
2024-01-20T14:20:00,1,SHELF-D12,20.78,48.90,3253
2024-01-20T14:40:00,1,SHELF-D12,20.38,47.23,3253
2024-01-20T15:00:00,1,SHELF-D12,20.55,44.59,3253
2024-01-20T15:20:00,1,SHELF-D12,21.32,56.90,3253
2024-01-20T15:40:00,1,SHELF-D12,20.31,55.84,3253
2024-01-20T16:00:00,1,SHELF-D12,20.79,49.09,3253
2024-01-20T16:20:00,1,SHELF-D12,20.88,42.47,3253
2024-01-20T16:40:00,1,SHELF-D12,20.71,57.25,3253
2024-01-20T17:00:00,1,SHELF-D12,21.47,57.44,3253
2024-01-20T17:20:00,1,SHELF-D12,20.32,50.10,3253
2024-01-20T17:40:00,1,SHELF-D12,21.15,48.80,3253
2024-01-20T18:00:00,1,SHELF-D12,20.54,54.52,3253
2024-01-20T18:20:00,1,SHELF-D12,20.57,48.47,3253
2024-01-20T18:40:00,1,SHELF-D12,20.82,44.09,3253
2024-01-20T19:00:00,1,SHELF-D12,21.45,54.33,3253
2024-01-20T19:20:00,1,SHELF-D12,20.86,46.63,3253
2024-01-20T19:40:00,1,SHELF-D12,20.40,52.12,3253
2024-01-20T20:00:00,1,SHELF-D12,21.51,47.55,3253
2024-01-20T20:20:00,1,SHELF-D12,22.16,42.15,3253
2024-01-20T20:40:00,1,SHELF-D12,22.17,48.81,3253
2024-01-20T21:00:00,1,SHELF-D12,22.14,43.89,3253
2024-01-20T21:20:00,1,SHELF-D12,20.74,44.90,3253
2024-01-20T21:40:00,1,SHELF-D12,21.96,49.23,3253
2024-01-20T22:00:00,1,SHELF-D12,22.49,49.65,3253
2024-01-20T22:20:00,1,SHELF-D12,21.87,46.97,3253
2024-01-20T22:40:00,1,SHELF-D12,20.83,47.06,3253
2024-01-20T23:00:00,1,SHELF-D12,20.82,42.44,3253
2024-01-20T23:20:00,1,SHELF-D12,20.84,46.49,3253
2024-01-20T23:40:00,1,SHELF-D12,22.65,43.48,3253
2024-01-20T00:00:00,1,SHELF-A19,19.44,46.02,3190
2024-01-20T00:20:00,1,SHELF-A19,19.40,52.23,3190
2024-01-20T00:40:00,1,SHELF-A19,19.79,42.10,3190
2024-01-20T01:00:00,1,SHELF-A19,19.74,50.59,3190
2024-01-20T01:20:00,1,SHELF-A19,18.15,51.42,3190
2024-01-20T01:40:00,1,SHELF-A19,19.90,49.70,3190
2024-01-20T02:00:00,1,SHELF-A19,19.05,50.94,3190
2024-01-20T02:20:00,1,SHELF-A19,18.45,43.27,3190
2024-01-20T02:40:00,1,SHELF-A19,19.21,56.12,3190
2024-01-20T03:00:00,1,SHELF-A19,18.90,56.89,3190
2024-01-20T03:20:00,1,SHELF-A19,19.98,56.90,3190
2024-01-20T03:40:00,1,SHELF-A19,18.73,44.16,3190
2024-01-20T04:00:00,1,SHELF-A19,19.74,54.68,3190
2024-01-20T04:20:00,1,SHELF-A19,20.01,52.22,3190
2024-01-20T04:40:00,1,SHELF-A19,19.16,44.36,3190
2024-01-20T05:00:00,1,SHELF-A19,18.65,44.63,3190
2024-01-20T05:20:00,1,SHELF-A19,18.84,46.02,3190
2024-01-20T05:40:00,1,SHELF-A19,19.90,56.15,3190
2024-01-20T06:00:00,1,SHELF-A19,19.24,48.88,3190
2024-01-20T06:20:00,1,SHELF-A19,19.95,53.67,3190
2024-01-20T06:40:00,1,SHELF-A19,20.29,50.52,3190
2024-01-20T07:00:00,1,SHELF-A19,19.61,47.61,3190
2024-01-20T07:20:00,1,SHELF-A19,20.32,44.70,3190
2024-01-20T07:40:00,1,SHELF-A19,20.65,57.17,3190
2024-01-20T08:00:00,1,SHELF-A19,19.16,44.05,3190
2024-01-20T08:20:00,1,SHELF-A19,20.15,53.12,3190
2024-01-20T08:40:00,1,SHELF-A19,19.27,47.19,3190
2024-01-20T09:00:00,1,SHELF-A19,19.44,54.75,3190
2024-01-20T09:20:00,1,SHELF-A19,20.89,46.29,3190
2024-01-20T09:40:00,1,SHELF-A19,19.00,57.11,3190
2024-01-20T10:00:00,1,SHELF-A19,19.57,52.45,3190
2024-01-20T10:20:00,1,SHELF-A19,19.63,49.48,3190
2024-01-20T10:40:00,1,SHELF-A19,20.54,55.92,3190
2024-01-20T11:00:00,1,SHELF-A19,20.87,43.23,3190
2024-01-20T11:20:00,1,SHELF-A19,19.46,45.10,3190
2024-01-20T11:40:00,1,SHELF-A19,21.05,57.76,3190
2024-01-20T12:00:00,1,SHELF-A19,19.88,50.60,3190
2024-01-20T12:20:00,1,SHELF-A19,20.84,53.70,3190
2024-01-20T12:40:00,1,SHELF-A19,20.29,57.04,3190
2024-01-20T13:00:00,1,SHELF-A19,20.90,57.73,3190
2024-01-20T13:20:00,1,SHELF-A19,20.33,56.42,3190
2024-01-20T13:40:00,1,SHELF-A19,20.23,45.30,3190
2024-01-20T14:00:00,1,SHELF-A19,20.89,52.32,3190
2024-01-20T14:20:00,1,SHELF-A19,20.91,44.66,3190
2024-01-20T14:40:00,1,SHELF-A19,19.90,45.07,3190
2024-01-20T15:00:00,1,SHELF-A19,21.35,50.62,3190
2024-01-20T15:20:00,1,SHELF-A19,21.05,55.11,3190
2024-01-20T15:40:00,1,SHELF-A19,21.48,47.66,3190
2024-01-20T16:00:00,1,SHELF-A19,19.83,50.69,3190
2024-01-20T16:20:00,1,SHELF-A19,21.41,43.08,3190
2024-01-20T16:40:00,1,SHELF-A19,21.38,57.40,3190
2024-01-20T17:00:00,1,SHELF-A19,21.59,46.08,3190
2024-01-20T17:20:00,1,SHELF-A19,21.36,45.11,3190
2024-01-20T17:40:00,1,SHELF-A19,20.71,57.91,3190
2024-01-20T18:00:00,1,SHELF-A19,22.02,47.20,3190
2024-01-20T18:20:00,1,SHELF-A19,21.15,55.28,3190
2024-01-20T18:40:00,1,SHELF-A19,20.59,56.30,3190
2024-01-20T19:00:00,1,SHELF-A19,20.84,45.67,3190
2024-01-20T19:20:00,1,SHELF-A19,20.79,42.57,3190
2024-01-20T19:40:00,1,SHELF-A19,22.02,53.20,3190
2024-01-20T20:00:00,1,SHELF-A19,21.58,43.66,3190
2024-01-20T20:20:00,1,SHELF-A19,20.45,55.96,3190
2024-01-20T20:40:00,1,SHELF-A19,21.19,50.08,3190
2024-01-20T21:00:00,1,SHELF-A19,21.46,43.07,3190
2024-01-20T21:20:00,1,SHELF-A19,21.28,57.82,3190
2024-01-20T21:40:00,1,SHELF-A19,20.99,46.07,3190
2024-01-20T22:00:00,1,SHELF-A19,21.90,47.75,3190
2024-01-20T22:20:00,1,SHELF-A19,21.08,42.86,3190
2024-01-20T22:40:00,1,SHELF-A19,21.62,55.11,3190
2024-01-20T23:00:00,1,SHELF-A19,22.44,53.01,3190
2024-01-20T23:20:00,1,SHELF-A19,21.63,51.91,3190
2024-01-20T23:40:00,1,SHELF-A19,21.58,54.55,3190
2024-01-20T00:00:00,1,SHELF-B19,17.84,52.98,3089
2024-01-20T00:20:00,1,SHELF-B19,19.32,54.81,3089
2024-01-20T00:40:00,1,SHELF-B19,19.15,45.85,3089
2024-01-20T01:00:00,1,SHELF-B19,19.12,44.35,3089
2024-01-20T01:20:00,1,SHELF-B19,18.85,50.04,3089
2024-01-20T01:40:00,1,SHELF-B19,19.25,55.99,3089
2024-01-20T02:00:00,1,SHELF-B19,19.53,54.86,3089
2024-01-20T02:20:00,1,SHELF-B19,19.19,48.81,3089
2024-01-20T02:40:00,1,SHELF-B19,19.23,50.23,3089
2024-01-20T03:00:00,1,SHELF-B19,18.49,56.19,3089
2024-01-20T03:20:00,1,SHELF-B19,19.56,42.97,3089
2024-01-20T03:40:00,1,SHELF-B19,20.17,47.03,3089
2024-01-20T04:00:00,1,SHELF-B19,19.47,44.13,3089
2024-01-20T04:20:00,1,SHELF-B19,19.27,46.39,3089
2024-01-20T04:40:00,1,SHELF-B19,19.21,44.20,3089
2024-01-20T05:00:00,1,SHELF-B19,19.19,42.58,3089
2024-01-20T05:20:00,1,SHELF-B19,18.61,53.66,3089
2024-01-20T05:40:00,1,SHELF-B19,19.63,53.96,3089
2024-01-20T06:00:00,1,SHELF-B19,19.32,46.04,3089
2024-01-20T06:20:00,1,SHELF-B19,19.09,56.47,3089
2024-01-20T06:40:00,1,SHELF-B19,20.22,52.38,3089
2024-01-20T07:00:00,1,SHELF-B19,19.87,44.60,3089
2024-01-20T07:20:00,1,SHELF-B19,19.15,51.09,3089
2024-01-20T07:40:00,1,SHELF-B19,18.89,57.61,3089
2024-01-20T08:00:00,1,SHELF-B19,20.78,52.55,3089
2024-01-20T08:20:00,1,SHELF-B19,19.81,48.27,3089
2024-01-20T08:40:00,1,SHELF-B19,20.44,57.10,3089
2024-01-20T09:00:00,1,SHELF-B19,20.07,57.73,3089
2024-01-20T09:20:00,1,SHELF-B19,19.97,50.23,3089
2024-01-20T09:40:00,1,SHELF-B19,19.03,51.25,3089
2024-01-20T10:00:00,1,SHELF-B19,20.91,44.68,3089
2024-01-20T10:20:00,1,SHELF-B19,19.30,55.06,3089
2024-01-20T10:40:00,1,SHELF-B19,19.09,45.68,3089
2024-01-20T11:00:00,1,SHELF-B19,20.96,42.26,3089
2024-01-20T11:20:00,1,SHELF-B19,20.57,48.18,3089
2024-01-20T11:40:00,1,SHELF-B19,20.05,43.83,3089
2024-01-20T12:00:00,1,SHELF-B19,21.13,50.13,3089
2024-01-20T12:20:00,1,SHELF-B19,20.57,52.74,3089
2024-01-20T12:40:00,1,SHELF-B19,20.42,54.83,3089
2024-01-20T13:00:00,1,SHELF-B19,20.39,48.18,3089
2024-01-20T13:20:00,1,SHELF-B19,19.46,43.34,3089
2024-01-20T13:40:00,1,SHELF-B19,20.02,47.96,3089
2024-01-20T14:00:00,1,SHELF-B19,21.15,46.62,3089
2024-01-20T14:20:00,1,SHELF-B19,21.39,45.76,3089
2024-01-20T14:40:00,1,SHELF-B19,20.66,56.86,3089
2024-01-20T15:00:00,1,SHELF-B19,20.98,52.26,3089
2024-01-20T15:20:00,1,SHELF-B19,19.85,50.17,3089
2024-01-20T15:40:00,1,SHELF-B19,19.78,49.72,3089
2024-01-20T16:00:00,1,SHELF-B19,20.65,54.02,3089
2024-01-20T16:20:00,1,SHELF-B19,21.52,52.26,3089
2024-01-20T16:40:00,1,SHELF-B19,20.20,46.95,3089
2024-01-20T17:00:00,1,SHELF-B19,21.67,51.42,3089
2024-01-20T17:20:00,1,SHELF-B19,21.60,54.64,3089
2024-01-20T17:40:00,1,SHELF-B19,20.00,45.18,3089
2024-01-20T18:00:00,1,SHELF-B19,21.60,42.27,3089
2024-01-20T18:20:00,1,SHELF-B19,21.73,48.47,3089
2024-01-20T18:40:00,1,SHELF-B19,20.42,47.92,3089
2024-01-20T19:00:00,1,SHELF-B19,21.81,57.10,3089
2024-01-20T19:20:00,1,SHELF-B19,22.09,51.41,3089
2024-01-20T19:40:00,1,SHELF-B19,21.06,43.19,3089
2024-01-20T20:00:00,1,SHELF-B19,20.35,53.02,3089
2024-01-20T20:20:00,1,SHELF-B19,21.18,57.56,3089
2024-01-20T20:40:00,1,SHELF-B19,21.64,48.75,3089
2024-01-20T21:00:00,1,SHELF-B19,20.62,42.21,3089
2024-01-20T21:20:00,1,SHELF-B19,21.73,56.66,3089
2024-01-20T21:40:00,1,SHELF-B19,21.03,43.38,3089
2024-01-20T22:00:00,1,SHELF-B19,20.74,55.45,3089
2024-01-20T22:20:00,1,SHELF-B19,22.54,45.60,3089
2024-01-20T22:40:00,1,SHELF-B19,21.12,54.92,3089
2024-01-20T23:00:00,1,SHELF-B19,21.77,43.61,3089
2024-01-20T23:20:00,1,SHELF-B19,21.91,56.76,3089
2024-01-20T23:40:00,1,SHELF-B19,21.87,54.36,3089
2024-01-20T00:00:00,1,SHELF-E06,17.89,51.84,3182
2024-01-20T00:20:00,1,SHELF-E06,18.54,50.99,3182
2024-01-20T00:40:00,1,SHELF-E06,18.20,48.72,3182
2024-01-20T01:00:00,1,SHELF-E06,18.34,50.86,3182
2024-01-20T01:20:00,1,SHELF-E06,18.69,53.61,3182
2024-01-20T01:40:00,1,SHELF-E06,19.06,48.48,3182
2024-01-20T02:00:00,1,SHELF-E06,18.83,49.35,3182
2024-01-20T02:20:00,1,SHELF-E06,18.09,45.75,3182
2024-01-20T02:40:00,1,SHELF-E06,18.92,50.89,3182
2024-01-20T03:00:00,1,SHELF-E06,19.98,51.05,3182
2024-01-20T03:20:00,1,SHELF-E06,19.13,57.92,3182
2024-01-20T03:40:00,1,SHELF-E06,19.50,49.76,3182
2024-01-20T04:00:00,1,SHELF-E06,19.54,47.83,3182
2024-01-20T04:20:00,1,SHELF-E06,19.05,51.46,3182
2024-01-20T04:40:00,1,SHELF-E06,18.67,49.26,3182
2024-01-20T05:00:00,1,SHELF-E06,18.59,49.27,3182
2024-01-20T05:20:00,1,SHELF-E06,19.19,53.09,3182
2024-01-20T05:40:00,1,SHELF-E06,18.91,42.36,3182
2024-01-20T06:00:00,1,SHELF-E06,18.73,48.91,3182
2024-01-20T06:20:00,1,SHELF-E06,19.96,57.81,3182
2024-01-20T06:40:00,1,SHELF-E06,19.47,57.41,3182
2024-01-20T07:00:00,1,SHELF-E06,19.73,50.95,3182
2024-01-20T07:20:00,1,SHELF-E06,20.43,48.08,3182
2024-01-20T07:40:00,1,SHELF-E06,19.29,43.26,3182
2024-01-20T08:00:00,1,SHELF-E06,20.52,54.18,3182
2024-01-20T08:20:00,1,SHELF-E06,20.77,51.15,3182
2024-01-20T08:40:00,1,SHELF-E06,20.68,57.05,3182
2024-01-20T09:00:00,1,SHELF-E06,20.50,47.78,3182
2024-01-20T09:20:00,1,SHELF-E06,19.95,57.54,3182
2024-01-20T09:40:00,1,SHELF-E06,19.17,49.79,3182
2024-01-20T10:00:00,1,SHELF-E06,19.64,43.44,3182
2024-01-20T10:20:00,1,SHELF-E06,20.55,49.81,3182
2024-01-20T10:40:00,1,SHELF-E06,19.83,44.96,3182
2024-01-20T11:00:00,1,SHELF-E06,19.33,50.67,3182
2024-01-20T11:20:00,1,SHELF-E06,20.78,52.32,3182
2024-01-20T11:40:00,1,SHELF-E06,19.47,43.47,3182
2024-01-20T12:00:00,1,SHELF-E06,20.73,48.45,3182
2024-01-20T12:20:00,1,SHELF-E06,19.58,46.26,3182
2024-01-20T12:40:00,1,SHELF-E06,19.63,51.65,3182
2024-01-20T13:00:00,1,SHELF-E06,20.39,50.20,3182
2024-01-20T13:20:00,1,SHELF-E06,19.58,42.85,3182
2024-01-20T13:40:00,1,SHELF-E06,20.85,57.93,3182
2024-01-20T14:00:00,1,SHELF-E06,21.33,53.54,3182
2024-01-20T14:20:00,1,SHELF-E06,20.29,56.66,3182
2024-01-20T14:40:00,1,SHELF-E06,19.77,50.86,3182
2024-01-20T15:00:00,1,SHELF-E06,21.04,47.97,3182
2024-01-20T15:20:00,1,SHELF-E06,21.35,42.73,3182
2024-01-20T15:40:00,1,SHELF-E06,20.55,50.09,3182
2024-01-20T16:00:00,1,SHELF-E06,19.81,51.25,3182
2024-01-20T16:20:00,1,SHELF-E06,20.06,55.91,3182
2024-01-20T16:40:00,1,SHELF-E06,20.80,42.00,3182
2024-01-20T17:00:00,1,SHELF-E06,21.08,57.01,3182
2024-01-20T17:20:00,1,SHELF-E06,20.03,52.11,3182
2024-01-20T17:40:00,1,SHELF-E06,20.37,53.27,3182
2024-01-20T18:00:00,1,SHELF-E06,20.74,46.40,3182
2024-01-20T18:20:00,1,SHELF-E06,20.16,44.75,3182
2024-01-20T18:40:00,1,SHELF-E06,21.71,46.46,3182
2024-01-20T19:00:00,1,SHELF-E06,21.91,57.87,3182
2024-01-20T19:20:00,1,SHELF-E06,21.19,56.71,3182
2024-01-20T19:40:00,1,SHELF-E06,21.40,56.20,3182
2024-01-20T20:00:00,1,SHELF-E06,22.08,46.48,3182
2024-01-20T20:20:00,1,SHELF-E06,20.42,49.77,3182
2024-01-20T20:40:00,1,SHELF-E06,21.61,56.60,3182
2024-01-20T21:00:00,1,SHELF-E06,21.47,44.57,3182
2024-01-20T21:20:00,1,SHELF-E06,20.96,49.24,3182
2024-01-20T21:40:00,1,SHELF-E06,20.61,57.90,3182
2024-01-20T22:00:00,1,SHELF-E06,20.70,57.07,3182
2024-01-20T22:20:00,1,SHELF-E06,21.64,56.90,3182
2024-01-20T22:40:00,1,SHELF-E06,22.10,42.10,3182
2024-01-20T23:00:00,1,SHELF-E06,20.81,54.58,3182
2024-01-20T23:20:00,1,SHELF-E06,22.57,52.26,3182
2024-01-20T23:40:00,1,SHELF-E06,22.19,42.94,3182
2024-01-20T00:00:00,1,SHELF-F18,18.96,57.60,3091
2024-01-20T00:20:00,1,SHELF-F18,19.03,55.50,3091
2024-01-20T00:40:00,1,SHELF-F18,19.58,43.75,3091
2024-01-20T01:00:00,1,SHELF-F18,19.57,43.38,3091
2024-01-20T01:20:00,1,SHELF-F18,18.30,43.29,3091
2024-01-20T01:40:00,1,SHELF-F18,19.69,53.90,3091
2024-01-20T02:00:00,1,SHELF-F18,18.51,55.07,3091
2024-01-20T02:20:00,1,SHELF-F18,19.65,42.85,3091
2024-01-20T02:40:00,1,SHELF-F18,19.20,45.19,3091
2024-01-20T03:00:00,1,SHELF-F18,18.25,43.13,3091
2024-01-20T03:20:00,1,SHELF-F18,19.04,47.02,3091
2024-01-20T03:40:00,1,SHELF-F18,18.21,57.31,3091
2024-01-20T04:00:00,1,SHELF-F18,18.82,53.21,3091
2024-01-20T04:20:00,1,SHELF-F18,20.28,43.39,3091
2024-01-20T04:40:00,1,SHELF-F18,19.32,54.56,3091
2024-01-20T05:00:00,1,SHELF-F18,19.56,47.24,3091
2024-01-20T05:20:00,1,SHELF-F18,19.02,54.97,3091
2024-01-20T05:40:00,1,SHELF-F18,18.71,51.08,3091
2024-01-20T06:00:00,1,SHELF-F18,19.49,51.49,3091
2024-01-20T06:20:00,1,SHELF-F18,19.70,55.84,3091
2024-01-20T06:40:00,1,SHELF-F18,19.38,44.10,3091
2024-01-20T07:00:00,1,SHELF-F18,19.20,57.30,3091
2024-01-20T07:20:00,1,SHELF-F18,20.21,48.61,3091
2024-01-20T07:40:00,1,SHELF-F18,20.15,57.35,3091
2024-01-20T08:00:00,1,SHELF-F18,20.39,50.23,3091
2024-01-20T08:20:00,1,SHELF-F18,19.09,49.59,3091
2024-01-20T08:40:00,1,SHELF-F18,20.42,54.97,3091
2024-01-20T09:00:00,1,SHELF-F18,19.10,56.43,3091
2024-01-20T09:20:00,1,SHELF-F18,20.38,43.13,3091
2024-01-20T09:40:00,1,SHELF-F18,19.45,42.73,3091
2024-01-20T10:00:00,1,SHELF-F18,19.76,50.98,3091
2024-01-20T10:20:00,1,SHELF-F18,20.28,45.55,3091
2024-01-20T10:40:00,1,SHELF-F18,19.42,49.49,3091
2024-01-20T11:00:00,1,SHELF-F18,19.78,57.53,3091
2024-01-20T11:20:00,1,SHELF-F18,20.75,53.65,3091
2024-01-20T11:40:00,1,SHELF-F18,20.06,50.38,3091
2024-01-20T12:00:00,1,SHELF-F18,21.07,45.87,3091
2024-01-20T12:20:00,1,SHELF-F18,21.05,44.42,3091
2024-01-20T12:40:00,1,SHELF-F18,20.37,48.49,3091
2024-01-20T13:00:00,1,SHELF-F18,19.98,50.73,3091
2024-01-20T13:20:00,1,SHELF-F18,19.51,48.87,3091
2024-01-20T13:40:00,1,SHELF-F18,19.82,50.77,3091
2024-01-20T14:00:00,1,SHELF-F18,21.54,57.94,3091
2024-01-20T14:20:00,1,SHELF-F18,21.34,56.90,3091
2024-01-20T14:40:00,1,SHELF-F18,20.56,50.75,3091
2024-01-20T15:00:00,1,SHELF-F18,21.62,47.09,3091
2024-01-20T15:20:00,1,SHELF-F18,20.14,56.74,3091
2024-01-20T15:40:00,1,SHELF-F18,21.28,52.09,3091
2024-01-20T16:00:00,1,SHELF-F18,21.51,48.49,3091
2024-01-20T16:20:00,1,SHELF-F18,20.08,42.76,3091
2024-01-20T16:40:00,1,SHELF-F18,20.48,49.13,3091
2024-01-20T17:00:00,1,SHELF-F18,20.82,46.43,3091
2024-01-20T17:20:00,1,SHELF-F18,20.03,47.76,3091
2024-01-20T17:40:00,1,SHELF-F18,21.17,47.64,3091
2024-01-20T18:00:00,1,SHELF-F18,20.79,48.35,3091
2024-01-20T18:20:00,1,SHELF-F18,20.47,44.92,3091
2024-01-20T18:40:00,1,SHELF-F18,21.71,51.51,3091
2024-01-20T19:00:00,1,SHELF-F18,21.26,47.33,3091
2024-01-20T19:20:00,1,SHELF-F18,21.71,43.71,3091
2024-01-20T19:40:00,1,SHELF-F18,21.17,53.20,3091
2024-01-20T20:00:00,1,SHELF-F18,21.77,52.66,3091
2024-01-20T20:20:00,1,SHELF-F18,21.51,56.23,3091
2024-01-20T20:40:00,1,SHELF-F18,20.51,43.33,3091
2024-01-20T21:00:00,1,SHELF-F18,20.63,54.46,3091
2024-01-20T21:20:00,1,SHELF-F18,22.32,43.52,3091
2024-01-20T21:40:00,1,SHELF-F18,22.41,42.31,3091
2024-01-20T22:00:00,1,SHELF-F18,21.21,46.72,3091
2024-01-20T22:20:00,1,SHELF-F18,22.44,52.91,3091
2024-01-20T22:40:00,1,SHELF-F18,20.67,53.24,3091
2024-01-20T23:00:00,1,SHELF-F18,21.02,42.38,3091
2024-01-20T23:20:00,1,SHELF-F18,22.12,47.94,3091
2024-01-20T23:40:00,1,SHELF-F18,21.15,55.08,3091
2024-01-21T00:00:00,1,SHELF-D12,19.20,43.33,3128
2024-01-21T00:20:00,1,SHELF-D12,18.16,42.01,3128
2024-01-21T00:40:00,1,SHELF-D12,17.97,44.16,3128
2024-01-21T01:00:00,1,SHELF-D12,18.81,47.02,3128
2024-01-21T01:20:00,1,SHELF-D12,19.52,51.05,3128
2024-01-21T01:40:00,1,SHELF-D12,19.68,42.95,3128
2024-01-21T02:00:00,1,SHELF-D12,18.37,48.68,3128
2024-01-21T02:20:00,1,SHELF-D12,19.68,56.70,3128
2024-01-21T02:40:00,1,SHELF-D12,18.22,43.78,3128
2024-01-21T03:00:00,1,SHELF-D12,18.61,53.51,3128
2024-01-21T03:20:00,1,SHELF-D12,18.55,56.06,3128
2024-01-21T03:40:00,1,SHELF-D12,20.12,52.47,3128
2024-01-21T04:00:00,1,SHELF-D12,19.68,46.15,3128
2024-01-21T04:20:00,1,SHELF-D12,19.58,51.88,3128
2024-01-21T04:40:00,1,SHELF-D12,18.37,46.52,3128
2024-01-21T05:00:00,1,SHELF-D12,20.34,49.88,3128
2024-01-21T05:20:00,1,SHELF-D12,19.96,53.27,3128
2024-01-21T05:40:00,1,SHELF-D12,20.12,49.42,3128
2024-01-21T06:00:00,1,SHELF-D12,19.66,56.89,3128
2024-01-21T06:20:00,1,SHELF-D12,19.97,51.44,3128
2024-01-21T06:40:00,1,SHELF-D12,19.29,42.45,3128
2024-01-21T07:00:00,1,SHELF-D12,19.14,54.02,3128
2024-01-21T07:20:00,1,SHELF-D12,18.81,42.16,3128
2024-01-21T07:40:00,1,SHELF-D12,19.47,57.32,3128
2024-01-21T08:00:00,1,SHELF-D12,20.05,57.52,3128
2024-01-21T08:20:00,1,SHELF-D12,20.35,42.20,3128
2024-01-21T08:40:00,1,SHELF-D12,20.19,51.26,3128
2024-01-21T09:00:00,1,SHELF-D12,18.94,47.57,3128
2024-01-21T09:20:00,1,SHELF-D12,20.81,56.05,3128
2024-01-21T09:40:00,1,SHELF-D12,19.79,50.10,3128
2024-01-21T10:00:00,1,SHELF-D12,20.46,54.17,3128
2024-01-21T10:20:00,1,SHELF-D12,19.19,50.68,3128
2024-01-21T10:40:00,1,SHELF-D12,20.31,56.56,3128
2024-01-21T11:00:00,1,SHELF-D12,21.09,57.85,3128
2024-01-21T11:20:00,1,SHELF-D12,19.86,51.85,3128
2024-01-21T11:40:00,1,SHELF-D12,20.97,57.36,3128
2024-01-21T12:00:00,1,SHELF-D12,20.03,54.16,3128
2024-01-21T12:20:00,1,SHELF-D12,19.79,47.98,3128
2024-01-21T12:40:00,1,SHELF-D12,20.44,44.34,3128
2024-01-21T13:00:00,1,SHELF-D12,20.16,43.13,3128
2024-01-21T13:20:00,1,SHELF-D12,19.55,57.42,3128
2024-01-21T13:40:00,1,SHELF-D12,20.57,51.24,3128
2024-01-21T14:00:00,1,SHELF-D12,20.85,48.36,3128
2024-01-21T14:20:00,1,SHELF-D12,20.41,56.62,3128
2024-01-21T14:40:00,1,SHELF-D12,21.21,42.94,3128
2024-01-21T15:00:00,1,SHELF-D12,20.78,53.47,3128
2024-01-21T15:20:00,1,SHELF-D12,20.64,42.71,3128
2024-01-21T15:40:00,1,SHELF-D12,21.07,45.87,3128
2024-01-21T16:00:00,1,SHELF-D12,20.77,46.27,3128
2024-01-21T16:20:00,1,SHELF-D12,21.17,53.47,3128
2024-01-21T16:40:00,1,SHELF-D12,21.72,52.60,3128
2024-01-21T17:00:00,1,SHELF-D12,21.07,46.62,3128
2024-01-21T17:20:00,1,SHELF-D12,21.09,57.41,3128
2024-01-21T17:40:00,1,SHELF-D12,20.68,45.60,3128
2024-01-21T18:00:00,1,SHELF-D12,20.06,49.85,3128
2024-01-21T18:20:00,1,SHELF-D12,20.81,55.57,3128
2024-01-21T18:40:00,1,SHELF-D12,20.37,47.25,3128
2024-01-21T19:00:00,1,SHELF-D12,20.62,52.13,3128
2024-01-21T19:20:00,1,SHELF-D12,21.84,43.17,3128
2024-01-21T19:40:00,1,SHELF-D12,20.61,48.07,3128
2024-01-21T20:00:00,1,SHELF-D12,20.82,56.38,3128
2024-01-21T20:20:00,1,SHELF-D12,20.67,43.69,3128
2024-01-21T20:40:00,1,SHELF-D12,21.38,44.94,3128
2024-01-21T21:00:00,1,SHELF-D12,20.55,44.99,3128
2024-01-21T21:20:00,1,SHELF-D12,22.33,53.24,3128
2024-01-21T21:40:00,1,SHELF-D12,20.73,54.63,3128
2024-01-21T22:00:00,1,SHELF-D12,21.17,55.70,3128
2024-01-21T22:20:00,1,SHELF-D12,20.70,53.80,3128
2024-01-21T22:40:00,1,SHELF-D12,20.62,42.64,3128
2024-01-21T23:00:00,1,SHELF-D12,22.47,48.75,3128
2024-01-21T23:20:00,1,SHELF-D12,22.04,47.70,3128
2024-01-21T23:40:00,1,SHELF-D12,20.69,54.23,3128
2024-01-21T00:00:00,1,SHELF-A19,18.92,48.62,3198
2024-01-21T00:20:00,1,SHELF-A19,18.31,42.22,3198
2024-01-21T00:40:00,1,SHELF-A19,19.58,43.87,3198
2024-01-21T01:00:00,1,SHELF-A19,18.70,49.11,3198
2024-01-21T01:20:00,1,SHELF-A19,19.52,51.86,3198
2024-01-21T01:40:00,1,SHELF-A19,17.95,56.34,3198
2024-01-21T02:00:00,1,SHELF-A19,18.73,57.60,3198
2024-01-21T02:20:00,1,SHELF-A19,19.88,47.35,3198
2024-01-21T02:40:00,1,SHELF-A19,19.81,51.00,3198
2024-01-21T03:00:00,1,SHELF-A19,19.76,50.69,3198
2024-01-21T03:20:00,1,SHELF-A19,18.83,51.05,3198
2024-01-21T03:40:00,1,SHELF-A19,18.55,44.74,3198
2024-01-21T04:00:00,1,SHELF-A19,19.78,54.34,3198
2024-01-21T04:20:00,1,SHELF-A19,18.93,48.32,3198
2024-01-21T04:40:00,1,SHELF-A19,18.77,55.49,3198
2024-01-21T05:00:00,1,SHELF-A19,19.27,54.87,3198
2024-01-21T05:20:00,1,SHELF-A19,18.79,42.14,3198
2024-01-21T05:40:00,1,SHELF-A19,19.82,49.32,3198
2024-01-21T06:00:00,1,SHELF-A19,19.27,44.98,3198
2024-01-21T06:20:00,1,SHELF-A19,19.07,57.73,3198
2024-01-21T06:40:00,1,SHELF-A19,20.34,53.12,3198
2024-01-21T07:00:00,1,SHELF-A19,18.93,56.52,3198
2024-01-21T07:20:00,1,SHELF-A19,18.91,54.82,3198
2024-01-21T07:40:00,1,SHELF-A19,20.37,45.61,3198
2024-01-21T08:00:00,1,SHELF-A19,20.31,42.10,3198
2024-01-21T08:20:00,1,SHELF-A19,19.19,53.21,3198
2024-01-21T08:40:00,1,SHELF-A19,19.14,52.35,3198
2024-01-21T09:00:00,1,SHELF-A19,20.15,52.56,3198
2024-01-21T09:20:00,1,SHELF-A19,19.07,56.51,3198
2024-01-21T09:40:00,1,SHELF-A19,19.98,43.99,3198
2024-01-21T10:00:00,1,SHELF-A19,20.20,49.82,3198
2024-01-21T10:20:00,1,SHELF-A19,19.07,47.86,3198
2024-01-21T10:40:00,1,SHELF-A19,19.25,43.70,3198
2024-01-21T11:00:00,1,SHELF-A19,19.41,48.98,3198
2024-01-21T11:20:00,1,SHELF-A19,20.25,47.32,3198
2024-01-21T11:40:00,1,SHELF-A19,20.28,53.69,3198
2024-01-21T12:00:00,1,SHELF-A19,21.07,51.10,3198
2024-01-21T12:20:00,1,SHELF-A19,20.24,57.56,3198
2024-01-21T12:40:00,1,SHELF-A19,19.64,53.05,3198
2024-01-21T13:00:00,1,SHELF-A19,20.20,50.27,3198
2024-01-21T13:20:00,1,SHELF-A19,20.85,54.01,3198
2024-01-21T13:40:00,1,SHELF-A19,20.98,56.67,3198
2024-01-21T14:00:00,1,SHELF-A19,20.52,54.25,3198
2024-01-21T14:20:00,1,SHELF-A19,20.96,55.73,3198
2024-01-21T14:40:00,1,SHELF-A19,19.69,57.67,3198
2024-01-21T15:00:00,1,SHELF-A19,20.90,44.47,3198
2024-01-21T15:20:00,1,SHELF-A19,21.50,49.67,3198
2024-01-21T15:40:00,1,SHELF-A19,20.03,50.15,3198
2024-01-21T16:00:00,1,SHELF-A19,20.47,56.11,3198
2024-01-21T16:20:00,1,SHELF-A19,21.54,52.52,3198
2024-01-21T16:40:00,1,SHELF-A19,21.80,44.21,3198
2024-01-21T17:00:00,1,SHELF-A19,21.38,49.63,3198
2024-01-21T17:20:00,1,SHELF-A19,19.94,44.84,3198
2024-01-21T17:40:00,1,SHELF-A19,20.36,46.71,3198
2024-01-21T18:00:00,1,SHELF-A19,20.31,56.83,3198
2024-01-21T18:20:00,1,SHELF-A19,22.02,44.16,3198
2024-01-21T18:40:00,1,SHELF-A19,21.95,42.95,3198
2024-01-21T19:00:00,1,SHELF-A19,20.36,46.46,3198
2024-01-21T19:20:00,1,SHELF-A19,22.16,52.48,3198
2024-01-21T19:40:00,1,SHELF-A19,21.64,56.79,3198
2024-01-21T20:00:00,1,SHELF-A19,22.03,53.96,3198
2024-01-21T20:20:00,1,SHELF-A19,20.44,57.58,3198
2024-01-21T20:40:00,1,SHELF-A19,22.22,51.24,3198
2024-01-21T21:00:00,1,SHELF-A19,21.85,53.22,3198
2024-01-21T21:20:00,1,SHELF-A19,21.78,53.77,3198
2024-01-21T21:40:00,1,SHELF-A19,21.90,44.04,3198
2024-01-21T22:00:00,1,SHELF-A19,21.83,57.66,3198
2024-01-21T22:20:00,1,SHELF-A19,21.11,53.43,3198
2024-01-21T22:40:00,1,SHELF-A19,20.86,55.64,3198
2024-01-21T23:00:00,1,SHELF-A19,20.94,49.02,3198
2024-01-21T23:20:00,1,SHELF-A19,21.40,56.89,3198
2024-01-21T23:40:00,1,SHELF-A19,22.07,43.65,3198
2024-01-21T00:00:00,1,SHELF-B19,19.24,42.66,3155
2024-01-21T00:20:00,1,SHELF-B19,19.36,44.09,3155
2024-01-21T00:40:00,1,SHELF-B19,17.99,47.37,3155
2024-01-21T01:00:00,1,SHELF-B19,18.03,46.06,3155
2024-01-21T01:20:00,1,SHELF-B19,18.33,52.91,3155
2024-01-21T01:40:00,1,SHELF-B19,19.58,47.51,3155
2024-01-21T02:00:00,1,SHELF-B19,19.64,45.69,3155
2024-01-21T02:20:00,1,SHELF-B19,19.71,49.31,3155
2024-01-21T02:40:00,1,SHELF-B19,18.77,56.45,3155
2024-01-21T03:00:00,1,SHELF-B19,18.37,50.60,3155
2024-01-21T03:20:00,1,SHELF-B19,18.45,43.14,3155
2024-01-21T03:40:00,1,SHELF-B19,18.23,44.59,3155
2024-01-21T04:00:00,1,SHELF-B19,19.50,48.65,3155
2024-01-21T04:20:00,1,SHELF-B19,20.07,52.97,3155
2024-01-21T04:40:00,1,SHELF-B19,19.79,49.51,3155
2024-01-21T05:00:00,1,SHELF-B19,19.19,51.73,3155
2024-01-21T05:20:00,1,SHELF-B19,20.15,44.55,3155
2024-01-21T05:40:00,1,SHELF-B19,19.93,50.49,3155
2024-01-21T06:00:00,1,SHELF-B19,18.80,54.56,3155
2024-01-21T06:20:00,1,SHELF-B19,19.09,55.47,3155
2024-01-21T06:40:00,1,SHELF-B19,20.04,55.14,3155
2024-01-21T07:00:00,1,SHELF-B19,18.82,48.19,3155
2024-01-21T07:20:00,1,SHELF-B19,19.01,51.08,3155
2024-01-21T07:40:00,1,SHELF-B19,20.29,45.25,3155
2024-01-21T08:00:00,1,SHELF-B19,19.04,49.79,3155
2024-01-21T08:20:00,1,SHELF-B19,19.81,47.87,3155
2024-01-21T08:40:00,1,SHELF-B19,19.92,47.90,3155
2024-01-21T09:00:00,1,SHELF-B19,20.62,55.46,3155
2024-01-21T09:20:00,1,SHELF-B19,20.75,49.37,3155
2024-01-21T09:40:00,1,SHELF-B19,20.44,56.25,3155
2024-01-21T10:00:00,1,SHELF-B19,19.82,53.21,3155
2024-01-21T10:20:00,1,SHELF-B19,20.92,43.35,3155
2024-01-21T10:40:00,1,SHELF-B19,20.08,48.30,3155
2024-01-21T11:00:00,1,SHELF-B19,19.91,46.85,3155
2024-01-21T11:20:00,1,SHELF-B19,19.76,54.21,3155
2024-01-21T11:40:00,1,SHELF-B19,19.69,52.50,3155
2024-01-21T12:00:00,1,SHELF-B19,20.19,48.90,3155
2024-01-21T12:20:00,1,SHELF-B19,21.27,52.96,3155
2024-01-21T12:40:00,1,SHELF-B19,20.52,45.02,3155
2024-01-21T13:00:00,1,SHELF-B19,19.88,48.67,3155
2024-01-21T13:20:00,1,SHELF-B19,19.45,52.36,3155
2024-01-21T13:40:00,1,SHELF-B19,20.19,49.26,3155
2024-01-21T14:00:00,1,SHELF-B19,19.82,44.70,3155
2024-01-21T14:20:00,1,SHELF-B19,19.83,56.11,3155
2024-01-21T14:40:00,1,SHELF-B19,19.79,46.73,3155
2024-01-21T15:00:00,1,SHELF-B19,19.98,45.46,3155
2024-01-21T15:20:00,1,SHELF-B19,20.50,44.20,3155
2024-01-21T15:40:00,1,SHELF-B19,21.34,47.50,3155
2024-01-21T16:00:00,1,SHELF-B19,21.12,53.13,3155
2024-01-21T16:20:00,1,SHELF-B19,20.34,44.42,3155
2024-01-21T16:40:00,1,SHELF-B19,21.17,55.60,3155
2024-01-21T17:00:00,1,SHELF-B19,21.21,57.28,3155
2024-01-21T17:20:00,1,SHELF-B19,21.00,49.89,3155
2024-01-21T17:40:00,1,SHELF-B19,21.91,57.21,3155
2024-01-21T18:00:00,1,SHELF-B19,21.29,53.84,3155
2024-01-21T18:20:00,1,SHELF-B19,21.92,44.36,3155
2024-01-21T18:40:00,1,SHELF-B19,20.54,46.98,3155
2024-01-21T19:00:00,1,SHELF-B19,21.82,43.35,3155
2024-01-21T19:20:00,1,SHELF-B19,21.38,52.92,3155
2024-01-21T19:40:00,1,SHELF-B19,20.71,45.22,3155
2024-01-21T20:00:00,1,SHELF-B19,20.99,45.83,3155
2024-01-21T20:20:00,1,SHELF-B19,20.58,57.45,3155
2024-01-21T20:40:00,1,SHELF-B19,22.29,57.16,3155
2024-01-21T21:00:00,1,SHELF-B19,22.38,44.99,3155
2024-01-21T21:20:00,1,SHELF-B19,21.16,42.92,3155
2024-01-21T21:40:00,1,SHELF-B19,21.50,45.60,3155
2024-01-21T22:00:00,1,SHELF-B19,21.08,45.24,3155
2024-01-21T22:20:00,1,SHELF-B19,22.19,54.94,3155
2024-01-21T22:40:00,1,SHELF-B19,21.04,43.26,3155
2024-01-21T23:00:00,1,SHELF-B19,22.35,55.57,3155
2024-01-21T23:20:00,1,SHELF-B19,21.74,48.49,3155
2024-01-21T23:40:00,1,SHELF-B19,21.43,53.50,3155
2024-01-21T00:00:00,1,SHELF-E06,19.53,54.45,3154
2024-01-21T00:20:00,1,SHELF-E06,18.59,53.04,3154
2024-01-21T00:40:00,1,SHELF-E06,19.16,49.99,3154
2024-01-21T01:00:00,1,SHELF-E06,19.52,48.42,3154
2024-01-21T01:20:00,1,SHELF-E06,19.36,53.53,3154
2024-01-21T01:40:00,1,SHELF-E06,19.91,53.55,3154
2024-01-21T02:00:00,1,SHELF-E06,19.94,56.66,3154
2024-01-21T02:20:00,1,SHELF-E06,18.73,45.19,3154
2024-01-21T02:40:00,1,SHELF-E06,19.99,48.99,3154
2024-01-21T03:00:00,1,SHELF-E06,19.31,57.86,3154
2024-01-21T03:20:00,1,SHELF-E06,18.72,48.19,3154
2024-01-21T03:40:00,1,SHELF-E06,19.64,54.43,3154
2024-01-21T04:00:00,1,SHELF-E06,19.07,54.91,3154
2024-01-21T04:20:00,1,SHELF-E06,19.17,56.50,3154
2024-01-21T04:40:00,1,SHELF-E06,18.56,44.83,3154
2024-01-21T05:00:00,1,SHELF-E06,19.00,42.35,3154
2024-01-21T05:20:00,1,SHELF-E06,19.83,42.13,3154
2024-01-21T05:40:00,1,SHELF-E06,19.10,55.42,3154
2024-01-21T06:00:00,1,SHELF-E06,19.79,57.04,3154
2024-01-21T06:20:00,1,SHELF-E06,19.57,55.04,3154
2024-01-21T06:40:00,1,SHELF-E06,18.93,48.39,3154
2024-01-21T07:00:00,1,SHELF-E06,18.97,54.58,3154
2024-01-21T07:20:00,1,SHELF-E06,19.43,48.10,3154
2024-01-21T07:40:00,1,SHELF-E06,19.29,49.15,3154
2024-01-21T08:00:00,1,SHELF-E06,19.03,56.76,3154
2024-01-21T08:20:00,1,SHELF-E06,18.83,55.92,3154
2024-01-21T08:40:00,1,SHELF-E06,19.36,45.83,3154
2024-01-21T09:00:00,1,SHELF-E06,20.49,51.42,3154
2024-01-21T09:20:00,1,SHELF-E06,19.17,44.91,3154
2024-01-21T09:40:00,1,SHELF-E06,19.18,55.02,3154
2024-01-21T10:00:00,1,SHELF-E06,19.16,52.68,3154
2024-01-21T10:20:00,1,SHELF-E06,19.59,50.71,3154
2024-01-21T10:40:00,1,SHELF-E06,19.45,54.68,3154
2024-01-21T11:00:00,1,SHELF-E06,19.50,48.65,3154
2024-01-21T11:20:00,1,SHELF-E06,19.42,54.43,3154
2024-01-21T11:40:00,1,SHELF-E06,20.95,45.42,3154
2024-01-21T12:00:00,1,SHELF-E06,20.93,49.24,3154
2024-01-21T12:20:00,1,SHELF-E06,20.13,52.52,3154
2024-01-21T12:40:00,1,SHELF-E06,20.22,43.67,3154
2024-01-21T13:00:00,1,SHELF-E06,21.25,56.46,3154
2024-01-21T13:20:00,1,SHELF-E06,19.49,52.33,3154
2024-01-21T13:40:00,1,SHELF-E06,20.89,49.93,3154
2024-01-21T14:00:00,1,SHELF-E06,20.62,47.70,3154
2024-01-21T14:20:00,1,SHELF-E06,19.89,56.91,3154
2024-01-21T14:40:00,1,SHELF-E06,19.72,53.68,3154
2024-01-21T15:00:00,1,SHELF-E06,20.58,56.66,3154
2024-01-21T15:20:00,1,SHELF-E06,20.80,47.09,3154
2024-01-21T15:40:00,1,SHELF-E06,20.10,55.05,3154
2024-01-21T16:00:00,1,SHELF-E06,21.12,53.83,3154
2024-01-21T16:20:00,1,SHELF-E06,20.16,56.23,3154
2024-01-21T16:40:00,1,SHELF-E06,20.82,49.37,3154
2024-01-21T17:00:00,1,SHELF-E06,20.47,52.88,3154
2024-01-21T17:20:00,1,SHELF-E06,21.71,49.97,3154
2024-01-21T17:40:00,1,SHELF-E06,20.16,45.10,3154
2024-01-21T18:00:00,1,SHELF-E06,21.99,55.92,3154
2024-01-21T18:20:00,1,SHELF-E06,21.93,52.83,3154
2024-01-21T18:40:00,1,SHELF-E06,21.44,48.57,3154
2024-01-21T19:00:00,1,SHELF-E06,20.87,53.87,3154
2024-01-21T19:20:00,1,SHELF-E06,20.48,56.48,3154
2024-01-21T19:40:00,1,SHELF-E06,21.11,44.11,3154
2024-01-21T20:00:00,1,SHELF-E06,21.17,52.91,3154
2024-01-21T20:20:00,1,SHELF-E06,21.12,45.12,3154
2024-01-21T20:40:00,1,SHELF-E06,20.31,46.46,3154
2024-01-21T21:00:00,1,SHELF-E06,20.56,55.24,3154
2024-01-21T21:20:00,1,SHELF-E06,22.28,52.07,3154
2024-01-21T21:40:00,1,SHELF-E06,21.15,44.44,3154
2024-01-21T22:00:00,1,SHELF-E06,21.44,50.59,3154
2024-01-21T22:20:00,1,SHELF-E06,20.61,56.98,3154
2024-01-21T22:40:00,1,SHELF-E06,21.21,50.31,3154
2024-01-21T23:00:00,1,SHELF-E06,22.65,42.58,3154
2024-01-21T23:20:00,1,SHELF-E06,22.52,49.74,3154
2024-01-21T23:40:00,1,SHELF-E06,22.05,53.67,3154
2024-01-21T00:00:00,1,SHELF-F18,18.43,47.12,3076
2024-01-21T00:20:00,1,SHELF-F18,19.13,57.13,3076
2024-01-21T00:40:00,1,SHELF-F18,18.05,42.42,3076
2024-01-21T01:00:00,1,SHELF-F18,18.53,57.48,3076
2024-01-21T01:20:00,1,SHELF-F18,19.32,43.97,3076
2024-01-21T01:40:00,1,SHELF-F18,19.77,54.21,3076
2024-01-21T02:00:00,1,SHELF-F18,19.12,52.04,3076
2024-01-21T02:20:00,1,SHELF-F18,18.23,57.90,3076
2024-01-21T02:40:00,1,SHELF-F18,19.87,45.18,3076
2024-01-21T03:00:00,1,SHELF-F18,18.58,51.96,3076
2024-01-21T03:20:00,1,SHELF-F18,18.88,44.47,3076
2024-01-21T03:40:00,1,SHELF-F18,19.73,44.82,3076
2024-01-21T04:00:00,1,SHELF-F18,19.75,51.61,3076
2024-01-21T04:20:00,1,SHELF-F18,18.68,53.62,3076
2024-01-21T04:40:00,1,SHELF-F18,20.02,54.55,3076
2024-01-21T05:00:00,1,SHELF-F18,19.12,53.51,3076
2024-01-21T05:20:00,1,SHELF-F18,20.37,47.64,3076
2024-01-21T05:40:00,1,SHELF-F18,20.22,52.55,3076
2024-01-21T06:00:00,1,SHELF-F18,18.98,45.75,3076
2024-01-21T06:20:00,1,SHELF-F18,18.90,52.24,3076
2024-01-21T06:40:00,1,SHELF-F18,20.10,49.08,3076
2024-01-21T07:00:00,1,SHELF-F18,20.08,45.04,3076
2024-01-21T07:20:00,1,SHELF-F18,19.73,51.73,3076
2024-01-21T07:40:00,1,SHELF-F18,18.69,47.82,3076
2024-01-21T08:00:00,1,SHELF-F18,19.76,53.10,3076
2024-01-21T08:20:00,1,SHELF-F18,20.60,55.31,3076
2024-01-21T08:40:00,1,SHELF-F18,20.37,45.61,3076
2024-01-21T09:00:00,1,SHELF-F18,19.39,48.83,3076
2024-01-21T09:20:00,1,SHELF-F18,19.95,57.55,3076
2024-01-21T09:40:00,1,SHELF-F18,19.87,43.47,3076
2024-01-21T10:00:00,1,SHELF-F18,19.16,57.62,3076
2024-01-21T10:20:00,1,SHELF-F18,19.15,45.00,3076
2024-01-21T10:40:00,1,SHELF-F18,20.27,54.61,3076
2024-01-21T11:00:00,1,SHELF-F18,19.42,50.09,3076
2024-01-21T11:20:00,1,SHELF-F18,19.50,55.66,3076
2024-01-21T11:40:00,1,SHELF-F18,19.94,43.58,3076
2024-01-21T12:00:00,1,SHELF-F18,20.29,44.50,3076
2024-01-21T12:20:00,1,SHELF-F18,19.51,52.32,3076
2024-01-21T12:40:00,1,SHELF-F18,21.21,57.69,3076
2024-01-21T13:00:00,1,SHELF-F18,19.88,57.40,3076
2024-01-21T13:20:00,1,SHELF-F18,20.79,52.11,3076
2024-01-21T13:40:00,1,SHELF-F18,19.80,43.43,3076
2024-01-21T14:00:00,1,SHELF-F18,21.28,52.66,3076
2024-01-21T14:20:00,1,SHELF-F18,21.24,48.96,3076
2024-01-21T14:40:00,1,SHELF-F18,20.97,46.19,3076
2024-01-21T15:00:00,1,SHELF-F18,21.40,54.47,3076
2024-01-21T15:20:00,1,SHELF-F18,20.64,47.19,3076
2024-01-21T15:40:00,1,SHELF-F18,21.19,44.10,3076
2024-01-21T16:00:00,1,SHELF-F18,20.23,57.52,3076
2024-01-21T16:20:00,1,SHELF-F18,20.24,53.05,3076
2024-01-21T16:40:00,1,SHELF-F18,20.11,57.24,3076
2024-01-21T17:00:00,1,SHELF-F18,21.77,50.13,3076
2024-01-21T17:20:00,1,SHELF-F18,21.20,54.07,3076
2024-01-21T17:40:00,1,SHELF-F18,20.52,57.95,3076
2024-01-21T18:00:00,1,SHELF-F18,20.75,57.85,3076
2024-01-21T18:20:00,1,SHELF-F18,21.77,51.06,3076
2024-01-21T18:40:00,1,SHELF-F18,21.49,52.64,3076
2024-01-21T19:00:00,1,SHELF-F18,21.55,55.76,3076
2024-01-21T19:20:00,1,SHELF-F18,20.54,57.33,3076
2024-01-21T19:40:00,1,SHELF-F18,20.99,48.03,3076
2024-01-21T20:00:00,1,SHELF-F18,21.95,51.89,3076
2024-01-21T20:20:00,1,SHELF-F18,22.29,45.38,3076
2024-01-21T20:40:00,1,SHELF-F18,21.62,56.40,3076
2024-01-21T21:00:00,1,SHELF-F18,20.92,56.35,3076
2024-01-21T21:20:00,1,SHELF-F18,22.01,49.66,3076
2024-01-21T21:40:00,1,SHELF-F18,22.03,43.07,3076
2024-01-21T22:00:00,1,SHELF-F18,21.85,50.51,3076
2024-01-21T22:20:00,1,SHELF-F18,21.10,52.94,3076
2024-01-21T22:40:00,1,SHELF-F18,21.54,43.67,3076
2024-01-21T23:00:00,1,SHELF-F18,21.16,49.77,3076
2024-01-21T23:20:00,1,SHELF-F18,21.31,55.71,3076
2024-01-21T23:40:00,1,SHELF-F18,22.58,54.35,3076
2024-01-22T00:00:00,1,SHELF-D12,18.93,44.38,3225
2024-01-22T00:20:00,1,SHELF-D12,19.58,43.15,3225
2024-01-22T00:40:00,1,SHELF-D12,19.36,44.79,3225
2024-01-22T01:00:00,1,SHELF-D12,19.25,50.14,3225
2024-01-22T01:20:00,1,SHELF-D12,18.51,48.39,3225
2024-01-22T01:40:00,1,SHELF-D12,19.07,53.52,3225
2024-01-22T02:00:00,1,SHELF-D12,19.37,48.18,3225
2024-01-22T02:20:00,1,SHELF-D12,18.69,46.43,3225
2024-01-22T02:40:00,1,SHELF-D12,19.01,47.78,3225
2024-01-22T03:00:00,1,SHELF-D12,18.69,43.16,3225
2024-01-22T03:20:00,1,SHELF-D12,18.53,52.02,3225
2024-01-22T03:40:00,1,SHELF-D12,18.32,43.38,3225
2024-01-22T04:00:00,1,SHELF-D12,20.26,46.28,3225
2024-01-22T04:20:00,1,SHELF-D12,18.46,54.26,3225
2024-01-22T04:40:00,1,SHELF-D12,19.65,47.28,3225
2024-01-22T05:00:00,1,SHELF-D12,18.98,51.11,3225
2024-01-22T05:20:00,1,SHELF-D12,19.77,51.22,3225
2024-01-22T05:40:00,1,SHELF-D12,19.18,57.76,3225
2024-01-22T06:00:00,1,SHELF-D12,19.74,49.21,3225
2024-01-22T06:20:00,1,SHELF-D12,19.55,54.88,3225
2024-01-22T06:40:00,1,SHELF-D12,18.68,54.85,3225
2024-01-22T07:00:00,1,SHELF-D12,20.31,42.29,3225
2024-01-22T07:20:00,1,SHELF-D12,19.02,57.62,3225
2024-01-22T07:40:00,1,SHELF-D12,20.02,43.14,3225
2024-01-22T08:00:00,1,SHELF-D12,20.54,49.94,3225
2024-01-22T08:20:00,1,SHELF-D12,19.08,52.59,3225
2024-01-22T08:40:00,1,SHELF-D12,19.11,43.17,3225
2024-01-22T09:00:00,1,SHELF-D12,19.34,45.90,3225
2024-01-22T09:20:00,1,SHELF-D12,20.37,56.49,3225
2024-01-22T09:40:00,1,SHELF-D12,20.17,49.40,3225
2024-01-22T10:00:00,1,SHELF-D12,20.19,49.26,3225
2024-01-22T10:20:00,1,SHELF-D12,19.13,57.28,3225
2024-01-22T10:40:00,1,SHELF-D12,20.01,43.19,3225
2024-01-22T11:00:00,1,SHELF-D12,20.04,56.29,3225
2024-01-22T11:20:00,1,SHELF-D12,19.65,54.77,3225
2024-01-22T11:40:00,1,SHELF-D12,21.15,44.97,3225
2024-01-22T12:00:00,1,SHELF-D12,20.18,48.23,3225
2024-01-22T12:20:00,1,SHELF-D12,20.84,49.37,3225
2024-01-22T12:40:00,1,SHELF-D12,19.99,51.23,3225
2024-01-22T13:00:00,1,SHELF-D12,20.49,51.95,3225
2024-01-22T13:20:00,1,SHELF-D12,20.73,48.73,3225
2024-01-22T13:40:00,1,SHELF-D12,19.91,52.20,3225
2024-01-22T14:00:00,1,SHELF-D12,19.97,52.10,3225
2024-01-22T14:20:00,1,SHELF-D12,20.70,56.65,3225
2024-01-22T14:40:00,1,SHELF-D12,20.94,45.25,3225
2024-01-22T15:00:00,1,SHELF-D12,20.89,52.08,3225
2024-01-22T15:20:00,1,SHELF-D12,20.45,46.94,3225
2024-01-22T15:40:00,1,SHELF-D12,19.74,50.20,3225
2024-01-22T16:00:00,1,SHELF-D12,21.26,51.25,3225
2024-01-22T16:20:00,1,SHELF-D12,20.48,45.73,3225
2024-01-22T16:40:00,1,SHELF-D12,20.10,44.54,3225
2024-01-22T17:00:00,1,SHELF-D12,21.10,47.63,3225
2024-01-22T17:20:00,1,SHELF-D12,19.98,47.59,3225
2024-01-22T17:40:00,1,SHELF-D12,21.55,46.36,3225
2024-01-22T18:00:00,1,SHELF-D12,20.62,52.24,3225
2024-01-22T18:20:00,1,SHELF-D12,21.66,46.55,3225
2024-01-22T18:40:00,1,SHELF-D12,20.07,42.80,3225
2024-01-22T19:00:00,1,SHELF-D12,20.46,57.49,3225
2024-01-22T19:20:00,1,SHELF-D12,21.11,46.90,3225
2024-01-22T19:40:00,1,SHELF-D12,21.27,54.20,3225
2024-01-22T20:00:00,1,SHELF-D12,21.30,46.76,3225
2024-01-22T20:20:00,1,SHELF-D12,21.20,49.20,3225
2024-01-22T20:40:00,1,SHELF-D12,20.93,57.06,3225
2024-01-22T21:00:00,1,SHELF-D12,21.27,45.22,3225
2024-01-22T21:20:00,1,SHELF-D12,22.21,48.83,3225
2024-01-22T21:40:00,1,SHELF-D12,22.41,46.11,3225
2024-01-22T22:00:00,1,SHELF-D12,21.22,42.37,3225
2024-01-22T22:20:00,1,SHELF-D12,21.05,47.04,3225
2024-01-22T22:40:00,1,SHELF-D12,21.00,45.19,3225
2024-01-22T23:00:00,1,SHELF-D12,21.86,48.18,3225
2024-01-22T23:20:00,1,SHELF-D12,21.23,48.83,3225
2024-01-22T23:40:00,1,SHELF-D12,21.06,49.43,3225
2024-01-22T00:00:00,1,SHELF-A19,18.03,52.16,3078
2024-01-22T00:20:00,1,SHELF-A19,19.11,44.20,3078
2024-01-22T00:40:00,1,SHELF-A19,19.20,45.56,3078
2024-01-22T01:00:00,1,SHELF-A19,18.34,53.12,3078
2024-01-22T01:20:00,1,SHELF-A19,19.12,53.50,3078
2024-01-22T01:40:00,1,SHELF-A19,18.29,47.60,3078
2024-01-22T02:00:00,1,SHELF-A19,18.38,44.58,3078
2024-01-22T02:20:00,1,SHELF-A19,18.88,45.30,3078
2024-01-22T02:40:00,1,SHELF-A19,18.66,57.80,3078
2024-01-22T03:00:00,1,SHELF-A19,19.89,51.83,3078
2024-01-22T03:20:00,1,SHELF-A19,20.02,51.93,3078
2024-01-22T03:40:00,1,SHELF-A19,19.30,51.12,3078
2024-01-22T04:00:00,1,SHELF-A19,18.98,48.30,3078
2024-01-22T04:20:00,1,SHELF-A19,20.15,48.62,3078
2024-01-22T04:40:00,1,SHELF-A19,19.18,46.78,3078
2024-01-22T05:00:00,1,SHELF-A19,19.09,46.19,3078
2024-01-22T05:20:00,1,SHELF-A19,20.23,56.77,3078
2024-01-22T05:40:00,1,SHELF-A19,19.92,46.92,3078
2024-01-22T06:00:00,1,SHELF-A19,19.07,43.17,3078
2024-01-22T06:20:00,1,SHELF-A19,20.35,51.79,3078
2024-01-22T06:40:00,1,SHELF-A19,19.35,56.85,3078
2024-01-22T07:00:00,1,SHELF-A19,19.86,54.05,3078
2024-01-22T07:20:00,1,SHELF-A19,19.17,53.29,3078
2024-01-22T07:40:00,1,SHELF-A19,20.40,46.41,3078
2024-01-22T08:00:00,1,SHELF-A19,19.71,45.62,3078
2024-01-22T08:20:00,1,SHELF-A19,20.57,56.03,3078
2024-01-22T08:40:00,1,SHELF-A19,19.34,50.41,3078
2024-01-22T09:00:00,1,SHELF-A19,20.28,52.52,3078
2024-01-22T09:20:00,1,SHELF-A19,20.06,44.34,3078
2024-01-22T09:40:00,1,SHELF-A19,19.03,47.25,3078
2024-01-22T10:00:00,1,SHELF-A19,19.90,51.69,3078
2024-01-22T10:20:00,1,SHELF-A19,20.01,56.96,3078
2024-01-22T10:40:00,1,SHELF-A19,21.03,52.70,3078
2024-01-22T11:00:00,1,SHELF-A19,20.25,54.33,3078
2024-01-22T11:20:00,1,SHELF-A19,20.23,55.73,3078
2024-01-22T11:40:00,1,SHELF-A19,19.72,45.99,3078
2024-01-22T12:00:00,1,SHELF-A19,19.51,42.13,3078
2024-01-22T12:20:00,1,SHELF-A19,21.10,51.14,3078
2024-01-22T12:40:00,1,SHELF-A19,19.57,53.06,3078
2024-01-22T13:00:00,1,SHELF-A19,19.66,49.66,3078
2024-01-22T13:20:00,1,SHELF-A19,19.52,47.23,3078
2024-01-22T13:40:00,1,SHELF-A19,21.23,50.30,3078
2024-01-22T14:00:00,1,SHELF-A19,19.94,52.08,3078
2024-01-22T14:20:00,1,SHELF-A19,21.13,47.93,3078
2024-01-22T14:40:00,1,SHELF-A19,20.50,51.37,3078
2024-01-22T15:00:00,1,SHELF-A19,21.40,44.01,3078
2024-01-22T15:20:00,1,SHELF-A19,20.17,42.69,3078
2024-01-22T15:40:00,1,SHELF-A19,20.24,48.93,3078
2024-01-22T16:00:00,1,SHELF-A19,20.42,56.86,3078
2024-01-22T16:20:00,1,SHELF-A19,20.10,51.78,3078
2024-01-22T16:40:00,1,SHELF-A19,20.94,55.17,3078
2024-01-22T17:00:00,1,SHELF-A19,20.22,53.80,3078
2024-01-22T17:20:00,1,SHELF-A19,20.64,44.18,3078
2024-01-22T17:40:00,1,SHELF-A19,20.16,53.74,3078
2024-01-22T18:00:00,1,SHELF-A19,20.98,55.74,3078
2024-01-22T18:20:00,1,SHELF-A19,21.79,50.46,3078
2024-01-22T18:40:00,1,SHELF-A19,21.25,45.05,3078
2024-01-22T19:00:00,1,SHELF-A19,21.35,52.05,3078
2024-01-22T19:20:00,1,SHELF-A19,21.86,57.42,3078
2024-01-22T19:40:00,1,SHELF-A19,21.29,48.88,3078
2024-01-22T20:00:00,1,SHELF-A19,21.92,56.76,3078
2024-01-22T20:20:00,1,SHELF-A19,21.53,57.11,3078
2024-01-22T20:40:00,1,SHELF-A19,20.83,47.77,3078
2024-01-22T21:00:00,1,SHELF-A19,21.03,46.15,3078
2024-01-22T21:20:00,1,SHELF-A19,21.09,48.21,3078
2024-01-22T21:40:00,1,SHELF-A19,20.60,45.57,3078
2024-01-22T22:00:00,1,SHELF-A19,21.64,47.94,3078
2024-01-22T22:20:00,1,SHELF-A19,22.33,46.75,3078
2024-01-22T22:40:00,1,SHELF-A19,20.92,55.26,3078
2024-01-22T23:00:00,1,SHELF-A19,21.00,52.73,3078
2024-01-22T23:20:00,1,SHELF-A19,20.95,55.73,3078
2024-01-22T23:40:00,1,SHELF-A19,21.07,49.32,3078
2024-01-22T00:00:00,1,SHELF-B19,18.34,45.33,3104
2024-01-22T00:20:00,1,SHELF-B19,18.02,46.82,3104
2024-01-22T00:40:00,1,SHELF-B19,19.13,53.43,3104
2024-01-22T01:00:00,1,SHELF-B19,18.76,53.86,3104
2024-01-22T01:20:00,1,SHELF-B19,19.28,52.53,3104
2024-01-22T01:40:00,1,SHELF-B19,19.50,50.64,3104
2024-01-22T02:00:00,1,SHELF-B19,18.11,50.83,3104
2024-01-22T02:20:00,1,SHELF-B19,19.86,57.19,3104
2024-01-22T02:40:00,1,SHELF-B19,18.69,53.33,3104
2024-01-22T03:00:00,1,SHELF-B19,18.46,55.77,3104
2024-01-22T03:20:00,1,SHELF-B19,18.95,51.32,3104
2024-01-22T03:40:00,1,SHELF-B19,18.28,56.18,3104
2024-01-22T04:00:00,1,SHELF-B19,19.62,52.35,3104
2024-01-22T04:20:00,1,SHELF-B19,20.25,49.01,3104
2024-01-22T04:40:00,1,SHELF-B19,18.88,49.45,3104
2024-01-22T05:00:00,1,SHELF-B19,18.81,42.60,3104
2024-01-22T05:20:00,1,SHELF-B19,18.85,47.10,3104
2024-01-22T05:40:00,1,SHELF-B19,18.74,50.58,3104
2024-01-22T06:00:00,1,SHELF-B19,20.14,47.87,3104
2024-01-22T06:20:00,1,SHELF-B19,18.65,44.59,3104
2024-01-22T06:40:00,1,SHELF-B19,19.68,57.11,3104
2024-01-22T07:00:00,1,SHELF-B19,19.53,47.41,3104
2024-01-22T07:20:00,1,SHELF-B19,19.58,47.39,3104
2024-01-22T07:40:00,1,SHELF-B19,20.43,56.76,3104
2024-01-22T08:00:00,1,SHELF-B19,19.13,45.22,3104
2024-01-22T08:20:00,1,SHELF-B19,19.85,44.45,3104
2024-01-22T08:40:00,1,SHELF-B19,20.39,42.15,3104
2024-01-22T09:00:00,1,SHELF-B19,18.97,47.28,3104
2024-01-22T09:20:00,1,SHELF-B19,20.08,43.72,3104
2024-01-22T09:40:00,1,SHELF-B19,19.34,42.16,3104
2024-01-22T10:00:00,1,SHELF-B19,19.10,45.16,3104
2024-01-22T10:20:00,1,SHELF-B19,19.87,49.06,3104
2024-01-22T10:40:00,1,SHELF-B19,20.53,43.97,3104
2024-01-22T11:00:00,1,SHELF-B19,20.98,54.53,3104
2024-01-22T11:20:00,1,SHELF-B19,19.91,55.05,3104
2024-01-22T11:40:00,1,SHELF-B19,20.06,48.83,3104
2024-01-22T12:00:00,1,SHELF-B19,20.86,51.75,3104
2024-01-22T12:20:00,1,SHELF-B19,20.00,55.02,3104
2024-01-22T12:40:00,1,SHELF-B19,19.81,53.97,3104
2024-01-22T13:00:00,1,SHELF-B19,19.78,52.27,3104
2024-01-22T13:20:00,1,SHELF-B19,19.85,43.25,3104
2024-01-22T13:40:00,1,SHELF-B19,21.24,56.56,3104
2024-01-22T14:00:00,1,SHELF-B19,21.03,50.90,3104
2024-01-22T14:20:00,1,SHELF-B19,20.07,49.80,3104
2024-01-22T14:40:00,1,SHELF-B19,20.03,45.47,3104
2024-01-22T15:00:00,1,SHELF-B19,21.12,57.21,3104
2024-01-22T15:20:00,1,SHELF-B19,19.95,44.03,3104
2024-01-22T15:40:00,1,SHELF-B19,20.27,43.09,3104
2024-01-22T16:00:00,1,SHELF-B19,21.75,51.30,3104
2024-01-22T16:20:00,1,SHELF-B19,21.29,57.99,3104
2024-01-22T16:40:00,1,SHELF-B19,21.35,43.45,3104
2024-01-22T17:00:00,1,SHELF-B19,21.37,57.32,3104
2024-01-22T17:20:00,1,SHELF-B19,21.26,44.12,3104
2024-01-22T17:40:00,1,SHELF-B19,20.04,47.97,3104
2024-01-22T18:00:00,1,SHELF-B19,20.94,56.06,3104
2024-01-22T18:20:00,1,SHELF-B19,20.88,55.30,3104
2024-01-22T18:40:00,1,SHELF-B19,21.38,50.74,3104
2024-01-22T19:00:00,1,SHELF-B19,21.64,57.34,3104
2024-01-22T19:20:00,1,SHELF-B19,21.85,49.62,3104
2024-01-22T19:40:00,1,SHELF-B19,21.45,49.92,3104
2024-01-22T20:00:00,1,SHELF-B19,21.96,48.62,3104
2024-01-22T20:20:00,1,SHELF-B19,21.55,55.32,3104
2024-01-22T20:40:00,1,SHELF-B19,22.18,44.93,3104
2024-01-22T21:00:00,1,SHELF-B19,20.96,48.18,3104
2024-01-22T21:20:00,1,SHELF-B19,21.71,45.64,3104
2024-01-22T21:40:00,1,SHELF-B19,22.18,49.05,3104
2024-01-22T22:00:00,1,SHELF-B19,22.13,49.51,3104
2024-01-22T22:20:00,1,SHELF-B19,20.85,50.09,3104
2024-01-22T22:40:00,1,SHELF-B19,22.42,44.88,3104
2024-01-22T23:00:00,1,SHELF-B19,21.32,42.64,3104
2024-01-22T23:20:00,1,SHELF-B19,22.59,54.51,3104
2024-01-22T23:40:00,1,SHELF-B19,21.37,48.31,3104
2024-01-22T00:00:00,1,SHELF-E06,18.37,46.08,3194
2024-01-22T00:20:00,1,SHELF-E06,18.82,53.83,3194
2024-01-22T00:40:00,1,SHELF-E06,19.70,49.77,3194
2024-01-22T01:00:00,1,SHELF-E06,19.19,49.22,3194
2024-01-22T01:20:00,1,SHELF-E06,19.47,43.22,3194
2024-01-22T01:40:00,1,SHELF-E06,18.31,44.08,3194
2024-01-22T02:00:00,1,SHELF-E06,18.23,42.75,3194
2024-01-22T02:20:00,1,SHELF-E06,19.12,57.46,3194
2024-01-22T02:40:00,1,SHELF-E06,18.14,53.15,3194
2024-01-22T03:00:00,1,SHELF-E06,20.15,50.84,3194
2024-01-22T03:20:00,1,SHELF-E06,19.80,53.88,3194
2024-01-22T03:40:00,1,SHELF-E06,18.28,56.66,3194
2024-01-22T04:00:00,1,SHELF-E06,20.26,43.18,3194
2024-01-22T04:20:00,1,SHELF-E06,20.02,55.81,3194
2024-01-22T04:40:00,1,SHELF-E06,19.28,53.10,3194
2024-01-22T05:00:00,1,SHELF-E06,20.03,56.92,3194
2024-01-22T05:20:00,1,SHELF-E06,19.63,47.64,3194
2024-01-22T05:40:00,1,SHELF-E06,19.61,51.91,3194
2024-01-22T06:00:00,1,SHELF-E06,19.06,47.68,3194
2024-01-22T06:20:00,1,SHELF-E06,19.75,53.76,3194
2024-01-22T06:40:00,1,SHELF-E06,20.35,43.75,3194
2024-01-22T07:00:00,1,SHELF-E06,18.89,44.81,3194
2024-01-22T07:20:00,1,SHELF-E06,20.49,57.13,3194
2024-01-22T07:40:00,1,SHELF-E06,20.18,46.00,3194
2024-01-22T08:00:00,1,SHELF-E06,19.92,44.91,3194
2024-01-22T08:20:00,1,SHELF-E06,18.85,55.71,3194
2024-01-22T08:40:00,1,SHELF-E06,19.11,43.81,3194
2024-01-22T09:00:00,1,SHELF-E06,19.28,52.87,3194
2024-01-22T09:20:00,1,SHELF-E06,20.30,46.17,3194
2024-01-22T09:40:00,1,SHELF-E06,20.69,48.12,3194
2024-01-22T10:00:00,1,SHELF-E06,20.97,56.54,3194
2024-01-22T10:20:00,1,SHELF-E06,20.54,42.02,3194
2024-01-22T10:40:00,1,SHELF-E06,20.14,45.13,3194
2024-01-22T11:00:00,1,SHELF-E06,21.14,46.71,3194
2024-01-22T11:20:00,1,SHELF-E06,20.07,56.48,3194
2024-01-22T11:40:00,1,SHELF-E06,19.22,50.04,3194
2024-01-22T12:00:00,1,SHELF-E06,20.34,50.14,3194
2024-01-22T12:20:00,1,SHELF-E06,20.47,47.29,3194
2024-01-22T12:40:00,1,SHELF-E06,19.85,42.33,3194
2024-01-22T13:00:00,1,SHELF-E06,19.77,55.76,3194
2024-01-22T13:20:00,1,SHELF-E06,20.66,48.04,3194
2024-01-22T13:40:00,1,SHELF-E06,20.45,47.59,3194
2024-01-22T14:00:00,1,SHELF-E06,20.78,56.00,3194
2024-01-22T14:20:00,1,SHELF-E06,19.94,52.91,3194
2024-01-22T14:40:00,1,SHELF-E06,20.55,51.98,3194
2024-01-22T15:00:00,1,SHELF-E06,21.49,48.36,3194
2024-01-22T15:20:00,1,SHELF-E06,20.95,45.35,3194
2024-01-22T15:40:00,1,SHELF-E06,21.58,51.56,3194
2024-01-22T16:00:00,1,SHELF-E06,20.44,45.73,3194
2024-01-22T16:20:00,1,SHELF-E06,20.18,56.74,3194
2024-01-22T16:40:00,1,SHELF-E06,20.76,54.72,3194
2024-01-22T17:00:00,1,SHELF-E06,20.25,47.74,3194
2024-01-22T17:20:00,1,SHELF-E06,20.24,48.69,3194
2024-01-22T17:40:00,1,SHELF-E06,21.70,47.59,3194
2024-01-22T18:00:00,1,SHELF-E06,20.23,54.95,3194
2024-01-22T18:20:00,1,SHELF-E06,20.33,52.47,3194
2024-01-22T18:40:00,1,SHELF-E06,21.20,56.84,3194
2024-01-22T19:00:00,1,SHELF-E06,20.48,46.57,3194
2024-01-22T19:20:00,1,SHELF-E06,20.33,56.78,3194
2024-01-22T19:40:00,1,SHELF-E06,22.09,54.30,3194
2024-01-22T20:00:00,1,SHELF-E06,20.74,44.43,3194
2024-01-22T20:20:00,1,SHELF-E06,20.94,54.12,3194
2024-01-22T20:40:00,1,SHELF-E06,21.71,48.44,3194
2024-01-22T21:00:00,1,SHELF-E06,21.30,49.41,3194
2024-01-22T21:20:00,1,SHELF-E06,21.87,44.47,3194
2024-01-22T21:40:00,1,SHELF-E06,21.25,55.23,3194
2024-01-22T22:00:00,1,SHELF-E06,22.00,52.63,3194
2024-01-22T22:20:00,1,SHELF-E06,22.47,42.68,3194
2024-01-22T22:40:00,1,SHELF-E06,21.31,47.36,3194
2024-01-22T23:00:00,1,SHELF-E06,21.20,50.23,3194
2024-01-22T23:20:00,1,SHELF-E06,21.98,50.82,3194
2024-01-22T23:40:00,1,SHELF-E06,20.88,45.28,3194
2024-01-22T00:00:00,1,SHELF-F18,18.25,50.61,3085
2024-01-22T00:20:00,1,SHELF-F18,19.51,42.70,3085
2024-01-22T00:40:00,1,SHELF-F18,18.96,55.63,3085
2024-01-22T01:00:00,1,SHELF-F18,18.38,55.69,3085
2024-01-22T01:20:00,1,SHELF-F18,18.06,52.28,3085
2024-01-22T01:40:00,1,SHELF-F18,18.29,44.43,3085
2024-01-22T02:00:00,1,SHELF-F18,19.96,44.77,3085
2024-01-22T02:20:00,1,SHELF-F18,18.21,53.99,3085
2024-01-22T02:40:00,1,SHELF-F18,19.08,56.59,3085
2024-01-22T03:00:00,1,SHELF-F18,18.41,47.96,3085
2024-01-22T03:20:00,1,SHELF-F18,18.49,48.97,3085
2024-01-22T03:40:00,1,SHELF-F18,19.02,49.99,3085
2024-01-22T04:00:00,1,SHELF-F18,19.11,56.30,3085
2024-01-22T04:20:00,1,SHELF-F18,18.52,51.33,3085
2024-01-22T04:40:00,1,SHELF-F18,19.37,46.19,3085
2024-01-22T05:00:00,1,SHELF-F18,19.51,48.23,3085
2024-01-22T05:20:00,1,SHELF-F18,20.41,54.00,3085
2024-01-22T05:40:00,1,SHELF-F18,20.11,52.78,3085
2024-01-22T06:00:00,1,SHELF-F18,18.64,48.21,3085
2024-01-22T06:20:00,1,SHELF-F18,19.70,50.04,3085
2024-01-22T06:40:00,1,SHELF-F18,20.42,49.08,3085
2024-01-22T07:00:00,1,SHELF-F18,19.73,45.91,3085
2024-01-22T07:20:00,1,SHELF-F18,19.31,47.24,3085
2024-01-22T07:40:00,1,SHELF-F18,20.16,48.20,3085
2024-01-22T08:00:00,1,SHELF-F18,19.61,57.13,3085
2024-01-22T08:20:00,1,SHELF-F18,19.61,46.97,3085
2024-01-22T08:40:00,1,SHELF-F18,20.30,51.53,3085
2024-01-22T09:00:00,1,SHELF-F18,20.38,45.48,3085
2024-01-22T09:20:00,1,SHELF-F18,20.25,43.79,3085
2024-01-22T09:40:00,1,SHELF-F18,19.21,56.88,3085
2024-01-22T10:00:00,1,SHELF-F18,20.68,44.86,3085
2024-01-22T10:20:00,1,SHELF-F18,19.44,42.27,3085
2024-01-22T10:40:00,1,SHELF-F18,20.44,42.73,3085
2024-01-22T11:00:00,1,SHELF-F18,19.51,46.05,3085
2024-01-22T11:20:00,1,SHELF-F18,19.62,57.56,3085
2024-01-22T11:40:00,1,SHELF-F18,19.75,49.77,3085
2024-01-22T12:00:00,1,SHELF-F18,20.33,56.08,3085
2024-01-22T12:20:00,1,SHELF-F18,20.85,53.20,3085
2024-01-22T12:40:00,1,SHELF-F18,19.53,49.54,3085
2024-01-22T13:00:00,1,SHELF-F18,20.66,44.45,3085
2024-01-22T13:20:00,1,SHELF-F18,20.95,51.41,3085
2024-01-22T13:40:00,1,SHELF-F18,20.62,51.81,3085
2024-01-22T14:00:00,1,SHELF-F18,20.71,50.43,3085
2024-01-22T14:20:00,1,SHELF-F18,20.86,50.22,3085
2024-01-22T14:40:00,1,SHELF-F18,19.96,53.77,3085
2024-01-22T15:00:00,1,SHELF-F18,19.72,45.51,3085
2024-01-22T15:20:00,1,SHELF-F18,20.55,48.56,3085
2024-01-22T15:40:00,1,SHELF-F18,21.16,53.92,3085
2024-01-22T16:00:00,1,SHELF-F18,21.22,43.00,3085
2024-01-22T16:20:00,1,SHELF-F18,20.50,45.15,3085
2024-01-22T16:40:00,1,SHELF-F18,20.13,47.39,3085
2024-01-22T17:00:00,1,SHELF-F18,21.02,45.02,3085
2024-01-22T17:20:00,1,SHELF-F18,20.13,47.15,3085
2024-01-22T17:40:00,1,SHELF-F18,20.03,54.95,3085
2024-01-22T18:00:00,1,SHELF-F18,20.60,56.18,3085
2024-01-22T18:20:00,1,SHELF-F18,21.86,50.80,3085
2024-01-22T18:40:00,1,SHELF-F18,20.06,47.68,3085
2024-01-22T19:00:00,1,SHELF-F18,21.56,56.80,3085
2024-01-22T19:20:00,1,SHELF-F18,21.87,51.86,3085
2024-01-22T19:40:00,1,SHELF-F18,21.50,51.03,3085
2024-01-22T20:00:00,1,SHELF-F18,21.53,42.95,3085
2024-01-22T20:20:00,1,SHELF-F18,21.10,53.16,3085
2024-01-22T20:40:00,1,SHELF-F18,20.64,49.32,3085
2024-01-22T21:00:00,1,SHELF-F18,21.30,45.91,3085
2024-01-22T21:20:00,1,SHELF-F18,20.89,55.50,3085
2024-01-22T21:40:00,1,SHELF-F18,22.42,45.31,3085
2024-01-22T22:00:00,1,SHELF-F18,22.30,51.75,3085
2024-01-22T22:20:00,1,SHELF-F18,21.33,54.63,3085
2024-01-22T22:40:00,1,SHELF-F18,22.48,45.43,3085
2024-01-22T23:00:00,1,SHELF-F18,21.65,56.40,3085
2024-01-22T23:20:00,1,SHELF-F18,20.85,47.38,3085
2024-01-22T23:40:00,1,SHELF-F18,20.91,52.10,3085
2024-01-23T00:00:00,1,SHELF-D12,19.63,54.00,3194
2024-01-23T00:20:00,1,SHELF-D12,19.34,44.83,3194
2024-01-23T00:40:00,1,SHELF-D12,18.72,45.97,3194
2024-01-23T01:00:00,1,SHELF-D12,19.04,57.44,3194
2024-01-23T01:20:00,1,SHELF-D12,18.15,57.57,3194
2024-01-23T01:40:00,1,SHELF-D12,18.31,52.62,3194
2024-01-23T02:00:00,1,SHELF-D12,19.64,45.22,3194
2024-01-23T02:20:00,1,SHELF-D12,18.51,51.74,3194
2024-01-23T02:40:00,1,SHELF-D12,18.26,50.65,3194
2024-01-23T03:00:00,1,SHELF-D12,19.20,57.53,3194
2024-01-23T03:20:00,1,SHELF-D12,18.88,44.99,3194
2024-01-23T03:40:00,1,SHELF-D12,19.66,53.65,3194
2024-01-23T04:00:00,1,SHELF-D12,18.43,49.63,3194
2024-01-23T04:20:00,1,SHELF-D12,19.72,54.23,3194
2024-01-23T04:40:00,1,SHELF-D12,20.19,42.32,3194
2024-01-23T05:00:00,1,SHELF-D12,20.34,49.72,3194
2024-01-23T05:20:00,1,SHELF-D12,19.20,52.41,3194
2024-01-23T05:40:00,1,SHELF-D12,19.28,52.07,3194
2024-01-23T06:00:00,1,SHELF-D12,19.30,51.31,3194
2024-01-23T06:20:00,1,SHELF-D12,18.57,56.38,3194
2024-01-23T06:40:00,1,SHELF-D12,19.63,43.61,3194
2024-01-23T07:00:00,1,SHELF-D12,19.99,46.26,3194
2024-01-23T07:20:00,1,SHELF-D12,20.22,51.94,3194
2024-01-23T07:40:00,1,SHELF-D12,19.62,49.11,3194
2024-01-23T08:00:00,1,SHELF-D12,19.63,49.37,3194
2024-01-23T08:20:00,1,SHELF-D12,19.81,43.77,3194
2024-01-23T08:40:00,1,SHELF-D12,20.75,48.70,3194
2024-01-23T09:00:00,1,SHELF-D12,20.64,52.29,3194
2024-01-23T09:20:00,1,SHELF-D12,20.01,46.78,3194
2024-01-23T09:40:00,1,SHELF-D12,20.25,44.85,3194
2024-01-23T10:00:00,1,SHELF-D12,20.41,57.85,3194
2024-01-23T10:20:00,1,SHELF-D12,20.70,44.41,3194
2024-01-23T10:40:00,1,SHELF-D12,19.84,47.90,3194
2024-01-23T11:00:00,1,SHELF-D12,21.09,48.39,3194
2024-01-23T11:20:00,1,SHELF-D12,19.95,44.73,3194
2024-01-23T11:40:00,1,SHELF-D12,20.92,51.20,3194
2024-01-23T12:00:00,1,SHELF-D12,19.50,47.18,3194
2024-01-23T12:20:00,1,SHELF-D12,19.72,51.87,3194
2024-01-23T12:40:00,1,SHELF-D12,20.49,56.26,3194
2024-01-23T13:00:00,1,SHELF-D12,19.76,47.22,3194
2024-01-23T13:20:00,1,SHELF-D12,20.64,52.74,3194
2024-01-23T13:40:00,1,SHELF-D12,20.69,42.14,3194
2024-01-23T14:00:00,1,SHELF-D12,20.45,46.77,3194
2024-01-23T14:20:00,1,SHELF-D12,19.83,55.79,3194
2024-01-23T14:40:00,1,SHELF-D12,19.60,46.29,3194
2024-01-23T15:00:00,1,SHELF-D12,20.63,54.24,3194
2024-01-23T15:20:00,1,SHELF-D12,20.51,51.44,3194
2024-01-23T15:40:00,1,SHELF-D12,21.68,43.01,3194
2024-01-23T16:00:00,1,SHELF-D12,20.68,51.90,3194
2024-01-23T16:20:00,1,SHELF-D12,20.78,51.00,3194
2024-01-23T16:40:00,1,SHELF-D12,20.91,51.52,3194
2024-01-23T17:00:00,1,SHELF-D12,20.55,52.88,3194
2024-01-23T17:20:00,1,SHELF-D12,20.44,47.63,3194
2024-01-23T17:40:00,1,SHELF-D12,21.17,51.14,3194
2024-01-23T18:00:00,1,SHELF-D12,20.87,43.20,3194
2024-01-23T18:20:00,1,SHELF-D12,21.08,54.84,3194
2024-01-23T18:40:00,1,SHELF-D12,21.66,55.55,3194
2024-01-23T19:00:00,1,SHELF-D12,20.41,49.39,3194
2024-01-23T19:20:00,1,SHELF-D12,20.76,49.33,3194
2024-01-23T19:40:00,1,SHELF-D12,22.07,47.49,3194
2024-01-23T20:00:00,1,SHELF-D12,21.11,51.30,3194
2024-01-23T20:20:00,1,SHELF-D12,21.92,43.71,3194
2024-01-23T20:40:00,1,SHELF-D12,21.07,54.42,3194
2024-01-23T21:00:00,1,SHELF-D12,21.50,46.24,3194
2024-01-23T21:20:00,1,SHELF-D12,21.06,54.68,3194
2024-01-23T21:40:00,1,SHELF-D12,20.77,52.24,3194
2024-01-23T22:00:00,1,SHELF-D12,22.17,56.01,3194
2024-01-23T22:20:00,1,SHELF-D12,21.21,44.73,3194
2024-01-23T22:40:00,1,SHELF-D12,22.23,57.79,3194
2024-01-23T23:00:00,1,SHELF-D12,21.01,44.23,3194
2024-01-23T23:20:00,1,SHELF-D12,21.60,48.35,3194
2024-01-23T23:40:00,1,SHELF-D12,21.26,51.63,3194
2024-01-23T00:00:00,1,SHELF-A19,17.84,50.71,3071
2024-01-23T00:20:00,1,SHELF-A19,18.35,55.34,3071
2024-01-23T00:40:00,1,SHELF-A19,18.52,43.67,3071
2024-01-23T01:00:00,1,SHELF-A19,18.38,50.90,3071
2024-01-23T01:20:00,1,SHELF-A19,19.01,50.89,3071
2024-01-23T01:40:00,1,SHELF-A19,19.68,54.87,3071
2024-01-23T02:00:00,1,SHELF-A19,18.72,46.88,3071
2024-01-23T02:20:00,1,SHELF-A19,19.69,50.82,3071
2024-01-23T02:40:00,1,SHELF-A19,19.30,53.79,3071
2024-01-23T03:00:00,1,SHELF-A19,18.71,55.67,3071
2024-01-23T03:20:00,1,SHELF-A19,20.17,50.85,3071
2024-01-23T03:40:00,1,SHELF-A19,19.01,55.85,3071
2024-01-23T04:00:00,1,SHELF-A19,18.34,56.81,3071
2024-01-23T04:20:00,1,SHELF-A19,19.20,47.93,3071
2024-01-23T04:40:00,1,SHELF-A19,18.33,42.01,3071
2024-01-23T05:00:00,1,SHELF-A19,18.52,47.52,3071
2024-01-23T05:20:00,1,SHELF-A19,19.21,52.86,3071
2024-01-23T05:40:00,1,SHELF-A19,18.64,56.22,3071
2024-01-23T06:00:00,1,SHELF-A19,20.11,47.69,3071
2024-01-23T06:20:00,1,SHELF-A19,18.96,56.58,3071
2024-01-23T06:40:00,1,SHELF-A19,20.46,48.20,3071
2024-01-23T07:00:00,1,SHELF-A19,18.88,46.18,3071
2024-01-23T07:20:00,1,SHELF-A19,19.81,55.21,3071
2024-01-23T07:40:00,1,SHELF-A19,20.64,52.64,3071
2024-01-23T08:00:00,1,SHELF-A19,20.60,46.71,3071
2024-01-23T08:20:00,1,SHELF-A19,19.71,42.83,3071
2024-01-23T08:40:00,1,SHELF-A19,20.33,56.62,3071
2024-01-23T09:00:00,1,SHELF-A19,20.76,52.46,3071
2024-01-23T09:20:00,1,SHELF-A19,19.99,44.59,3071
2024-01-23T09:40:00,1,SHELF-A19,20.69,54.86,3071
2024-01-23T10:00:00,1,SHELF-A19,19.12,52.10,3071
2024-01-23T10:20:00,1,SHELF-A19,19.47,47.96,3071
2024-01-23T10:40:00,1,SHELF-A19,20.43,42.76,3071
2024-01-23T11:00:00,1,SHELF-A19,19.73,46.73,3071
2024-01-23T11:20:00,1,SHELF-A19,21.08,46.03,3071
2024-01-23T11:40:00,1,SHELF-A19,20.39,57.01,3071
2024-01-23T12:00:00,1,SHELF-A19,20.09,46.39,3071
2024-01-23T12:20:00,1,SHELF-A19,19.99,48.75,3071
2024-01-23T12:40:00,1,SHELF-A19,21.11,48.41,3071
2024-01-23T13:00:00,1,SHELF-A19,21.27,44.64,3071
2024-01-23T13:20:00,1,SHELF-A19,21.31,48.05,3071
2024-01-23T13:40:00,1,SHELF-A19,21.01,44.02,3071
2024-01-23T14:00:00,1,SHELF-A19,20.20,47.51,3071
2024-01-23T14:20:00,1,SHELF-A19,20.75,55.96,3071
2024-01-23T14:40:00,1,SHELF-A19,19.83,56.92,3071
2024-01-23T15:00:00,1,SHELF-A19,21.22,44.95,3071
2024-01-23T15:20:00,1,SHELF-A19,21.39,44.00,3071
2024-01-23T15:40:00,1,SHELF-A19,19.70,45.77,3071
2024-01-23T16:00:00,1,SHELF-A19,21.67,52.36,3071
2024-01-23T16:20:00,1,SHELF-A19,20.40,54.69,3071
2024-01-23T16:40:00,1,SHELF-A19,20.32,46.92,3071
2024-01-23T17:00:00,1,SHELF-A19,21.73,46.86,3071
2024-01-23T17:20:00,1,SHELF-A19,20.51,54.57,3071
2024-01-23T17:40:00,1,SHELF-A19,20.68,45.57,3071
2024-01-23T18:00:00,1,SHELF-A19,20.93,44.73,3071
2024-01-23T18:20:00,1,SHELF-A19,21.75,55.08,3071
2024-01-23T18:40:00,1,SHELF-A19,21.13,47.00,3071
2024-01-23T19:00:00,1,SHELF-A19,21.16,43.31,3071
2024-01-23T19:20:00,1,SHELF-A19,20.46,47.33,3071
2024-01-23T19:40:00,1,SHELF-A19,20.88,43.63,3071
2024-01-23T20:00:00,1,SHELF-A19,21.71,55.79,3071
2024-01-23T20:20:00,1,SHELF-A19,21.50,42.05,3071
2024-01-23T20:40:00,1,SHELF-A19,20.81,44.04,3071
2024-01-23T21:00:00,1,SHELF-A19,20.80,43.46,3071
2024-01-23T21:20:00,1,SHELF-A19,22.17,56.87,3071
2024-01-23T21:40:00,1,SHELF-A19,21.99,45.79,3071
2024-01-23T22:00:00,1,SHELF-A19,22.12,44.29,3071
2024-01-23T22:20:00,1,SHELF-A19,22.50,49.91,3071
2024-01-23T22:40:00,1,SHELF-A19,21.41,46.33,3071
2024-01-23T23:00:00,1,SHELF-A19,21.97,53.70,3071
2024-01-23T23:20:00,1,SHELF-A19,21.92,50.89,3071
2024-01-23T23:40:00,1,SHELF-A19,22.11,47.14,3071
2024-01-23T00:00:00,1,SHELF-B19,18.15,51.35,3139
2024-01-23T00:20:00,1,SHELF-B19,18.42,52.90,3139
2024-01-23T00:40:00,1,SHELF-B19,18.50,53.40,3139
2024-01-23T01:00:00,1,SHELF-B19,18.56,48.50,3139
2024-01-23T01:20:00,1,SHELF-B19,19.89,47.24,3139
2024-01-23T01:40:00,1,SHELF-B19,18.67,43.34,3139
2024-01-23T02:00:00,1,SHELF-B19,18.19,47.38,3139
2024-01-23T02:20:00,1,SHELF-B19,18.16,55.63,3139
2024-01-23T02:40:00,1,SHELF-B19,18.15,46.94,3139
2024-01-23T03:00:00,1,SHELF-B19,18.37,49.17,3139
2024-01-23T03:20:00,1,SHELF-B19,18.80,49.55,3139
2024-01-23T03:40:00,1,SHELF-B19,19.71,52.22,3139
2024-01-23T04:00:00,1,SHELF-B19,19.02,44.26,3139
2024-01-23T04:20:00,1,SHELF-B19,19.18,50.46,3139
2024-01-23T04:40:00,1,SHELF-B19,19.79,53.72,3139
2024-01-23T05:00:00,1,SHELF-B19,18.66,54.63,3139
2024-01-23T05:20:00,1,SHELF-B19,19.36,47.70,3139
2024-01-23T05:40:00,1,SHELF-B19,19.03,54.89,3139
2024-01-23T06:00:00,1,SHELF-B19,19.70,45.19,3139
2024-01-23T06:20:00,1,SHELF-B19,19.14,56.42,3139
2024-01-23T06:40:00,1,SHELF-B19,18.96,47.33,3139
2024-01-23T07:00:00,1,SHELF-B19,19.66,50.55,3139
2024-01-23T07:20:00,1,SHELF-B19,19.13,44.00,3139
2024-01-23T07:40:00,1,SHELF-B19,19.12,43.33,3139
2024-01-23T08:00:00,1,SHELF-B19,20.38,53.01,3139
2024-01-23T08:20:00,1,SHELF-B19,19.29,52.31,3139
2024-01-23T08:40:00,1,SHELF-B19,20.64,57.69,3139
2024-01-23T09:00:00,1,SHELF-B19,19.79,42.60,3139
2024-01-23T09:20:00,1,SHELF-B19,19.88,50.56,3139
2024-01-23T09:40:00,1,SHELF-B19,19.28,56.62,3139
2024-01-23T10:00:00,1,SHELF-B19,19.19,54.71,3139
2024-01-23T10:20:00,1,SHELF-B19,20.02,49.60,3139
2024-01-23T10:40:00,1,SHELF-B19,19.08,55.24,3139
2024-01-23T11:00:00,1,SHELF-B19,20.05,47.06,3139
2024-01-23T11:20:00,1,SHELF-B19,19.31,44.90,3139
2024-01-23T11:40:00,1,SHELF-B19,20.07,46.89,3139
2024-01-23T12:00:00,1,SHELF-B19,19.96,52.57,3139
2024-01-23T12:20:00,1,SHELF-B19,21.16,53.66,3139
2024-01-23T12:40:00,1,SHELF-B19,20.27,54.89,3139
2024-01-23T13:00:00,1,SHELF-B19,20.46,43.62,3139
2024-01-23T13:20:00,1,SHELF-B19,20.56,43.72,3139
2024-01-23T13:40:00,1,SHELF-B19,20.28,49.65,3139
2024-01-23T14:00:00,1,SHELF-B19,20.14,55.91,3139
2024-01-23T14:20:00,1,SHELF-B19,20.55,53.76,3139
2024-01-23T14:40:00,1,SHELF-B19,20.44,48.06,3139
2024-01-23T15:00:00,1,SHELF-B19,20.01,54.95,3139
2024-01-23T15:20:00,1,SHELF-B19,20.86,43.04,3139
2024-01-23T15:40:00,1,SHELF-B19,20.30,45.36,3139
2024-01-23T16:00:00,1,SHELF-B19,20.60,51.40,3139
2024-01-23T16:20:00,1,SHELF-B19,20.96,56.22,3139
2024-01-23T16:40:00,1,SHELF-B19,21.07,48.88,3139
2024-01-23T17:00:00,1,SHELF-B19,21.88,47.46,3139
2024-01-23T17:20:00,1,SHELF-B19,21.15,51.20,3139
2024-01-23T17:40:00,1,SHELF-B19,21.51,53.03,3139
2024-01-23T18:00:00,1,SHELF-B19,20.28,50.52,3139
2024-01-23T18:20:00,1,SHELF-B19,21.17,49.68,3139
2024-01-23T18:40:00,1,SHELF-B19,21.21,50.50,3139
2024-01-23T19:00:00,1,SHELF-B19,20.65,56.90,3139
2024-01-23T19:20:00,1,SHELF-B19,21.60,44.62,3139
2024-01-23T19:40:00,1,SHELF-B19,21.59,50.64,3139
2024-01-23T20:00:00,1,SHELF-B19,21.13,50.35,3139
2024-01-23T20:20:00,1,SHELF-B19,22.12,44.72,3139
2024-01-23T20:40:00,1,SHELF-B19,20.90,46.43,3139
2024-01-23T21:00:00,1,SHELF-B19,22.31,54.42,3139
2024-01-23T21:20:00,1,SHELF-B19,21.03,54.02,3139
2024-01-23T21:40:00,1,SHELF-B19,22.23,52.72,3139
2024-01-23T22:00:00,1,SHELF-B19,22.01,51.33,3139
2024-01-23T22:20:00,1,SHELF-B19,21.43,50.98,3139
2024-01-23T22:40:00,1,SHELF-B19,22.31,55.18,3139
2024-01-23T23:00:00,1,SHELF-B19,22.46,47.26,3139
2024-01-23T23:20:00,1,SHELF-B19,22.10,47.58,3139
2024-01-23T23:40:00,1,SHELF-B19,21.72,57.13,3139
2024-01-23T00:00:00,1,SHELF-E06,18.03,51.48,3245
2024-01-23T00:20:00,1,SHELF-E06,18.17,43.14,3245
2024-01-23T00:40:00,1,SHELF-E06,19.30,49.40,3245
2024-01-23T01:00:00,1,SHELF-E06,19.01,52.57,3245
2024-01-23T01:20:00,1,SHELF-E06,19.26,52.10,3245
2024-01-23T01:40:00,1,SHELF-E06,18.08,44.20,3245
2024-01-23T02:00:00,1,SHELF-E06,19.12,45.00,3245
2024-01-23T02:20:00,1,SHELF-E06,19.27,55.76,3245
2024-01-23T02:40:00,1,SHELF-E06,19.86,49.39,3245
2024-01-23T03:00:00,1,SHELF-E06,20.04,54.01,3245
2024-01-23T03:20:00,1,SHELF-E06,19.24,56.65,3245
2024-01-23T03:40:00,1,SHELF-E06,18.71,47.26,3245
2024-01-23T04:00:00,1,SHELF-E06,18.51,46.25,3245
2024-01-23T04:20:00,1,SHELF-E06,20.16,48.81,3245
2024-01-23T04:40:00,1,SHELF-E06,19.83,44.56,3245
2024-01-23T05:00:00,1,SHELF-E06,20.42,57.71,3245
2024-01-23T05:20:00,1,SHELF-E06,18.64,44.92,3245
2024-01-23T05:40:00,1,SHELF-E06,18.87,42.47,3245
2024-01-23T06:00:00,1,SHELF-E06,19.61,47.47,3245
2024-01-23T06:20:00,1,SHELF-E06,19.43,50.58,3245
2024-01-23T06:40:00,1,SHELF-E06,20.11,51.25,3245
2024-01-23T07:00:00,1,SHELF-E06,19.90,57.77,3245
2024-01-23T07:20:00,1,SHELF-E06,20.35,43.28,3245
2024-01-23T07:40:00,1,SHELF-E06,20.57,47.38,3245
2024-01-23T08:00:00,1,SHELF-E06,18.83,55.14,3245
2024-01-23T08:20:00,1,SHELF-E06,20.28,51.88,3245
2024-01-23T08:40:00,1,SHELF-E06,20.64,57.46,3245
2024-01-23T09:00:00,1,SHELF-E06,20.37,52.08,3245
2024-01-23T09:20:00,1,SHELF-E06,19.27,43.69,3245
2024-01-23T09:40:00,1,SHELF-E06,19.87,42.75,3245
2024-01-23T10:00:00,1,SHELF-E06,19.69,50.96,3245
2024-01-23T10:20:00,1,SHELF-E06,19.91,48.77,3245
2024-01-23T10:40:00,1,SHELF-E06,19.47,55.17,3245
2024-01-23T11:00:00,1,SHELF-E06,19.93,52.05,3245
2024-01-23T11:20:00,1,SHELF-E06,20.50,53.91,3245
2024-01-23T11:40:00,1,SHELF-E06,20.26,42.33,3245
2024-01-23T12:00:00,1,SHELF-E06,20.75,57.38,3245
2024-01-23T12:20:00,1,SHELF-E06,19.33,55.38,3245
2024-01-23T12:40:00,1,SHELF-E06,19.94,44.02,3245
2024-01-23T13:00:00,1,SHELF-E06,20.22,53.94,3245
2024-01-23T13:20:00,1,SHELF-E06,19.68,51.21,3245
2024-01-23T13:40:00,1,SHELF-E06,21.01,43.28,3245
2024-01-23T14:00:00,1,SHELF-E06,20.05,55.72,3245
2024-01-23T14:20:00,1,SHELF-E06,19.81,51.18,3245
2024-01-23T14:40:00,1,SHELF-E06,20.51,44.15,3245
2024-01-23T15:00:00,1,SHELF-E06,21.41,47.59,3245
2024-01-23T15:20:00,1,SHELF-E06,20.17,48.83,3245
2024-01-23T15:40:00,1,SHELF-E06,20.83,53.04,3245
2024-01-23T16:00:00,1,SHELF-E06,20.46,50.56,3245
2024-01-23T16:20:00,1,SHELF-E06,20.01,50.04,3245
2024-01-23T16:40:00,1,SHELF-E06,20.05,46.53,3245
2024-01-23T17:00:00,1,SHELF-E06,20.05,44.17,3245
2024-01-23T17:20:00,1,SHELF-E06,20.36,49.38,3245
2024-01-23T17:40:00,1,SHELF-E06,20.73,56.49,3245
2024-01-23T18:00:00,1,SHELF-E06,21.92,54.72,3245
2024-01-23T18:20:00,1,SHELF-E06,21.12,45.29,3245
2024-01-23T18:40:00,1,SHELF-E06,21.57,44.24,3245
2024-01-23T19:00:00,1,SHELF-E06,21.06,45.47,3245
2024-01-23T19:20:00,1,SHELF-E06,20.88,53.53,3245
2024-01-23T19:40:00,1,SHELF-E06,20.98,45.93,3245
2024-01-23T20:00:00,1,SHELF-E06,21.01,54.78,3245
2024-01-23T20:20:00,1,SHELF-E06,20.43,42.11,3245
2024-01-23T20:40:00,1,SHELF-E06,20.98,47.15,3245
2024-01-23T21:00:00,1,SHELF-E06,22.18,54.02,3245
2024-01-23T21:20:00,1,SHELF-E06,22.37,43.45,3245
2024-01-23T21:40:00,1,SHELF-E06,21.70,46.67,3245
2024-01-23T22:00:00,1,SHELF-E06,21.89,43.38,3245
2024-01-23T22:20:00,1,SHELF-E06,21.23,48.17,3245
2024-01-23T22:40:00,1,SHELF-E06,21.31,51.36,3245
2024-01-23T23:00:00,1,SHELF-E06,21.82,47.71,3245
2024-01-23T23:20:00,1,SHELF-E06,22.26,43.85,3245
2024-01-23T23:40:00,1,SHELF-E06,21.44,45.94,3245
2024-01-23T00:00:00,1,SHELF-F18,19.03,52.56,3229
2024-01-23T00:20:00,1,SHELF-F18,19.48,56.58,3229
2024-01-23T00:40:00,1,SHELF-F18,18.75,44.91,3229
2024-01-23T01:00:00,1,SHELF-F18,17.99,44.53,3229
2024-01-23T01:20:00,1,SHELF-F18,19.12,57.95,3229
2024-01-23T01:40:00,1,SHELF-F18,19.23,48.56,3229
2024-01-23T02:00:00,1,SHELF-F18,18.74,45.99,3229
2024-01-23T02:20:00,1,SHELF-F18,18.41,43.32,3229
2024-01-23T02:40:00,1,SHELF-F18,19.67,46.10,3229
2024-01-23T03:00:00,1,SHELF-F18,19.82,52.93,3229
2024-01-23T03:20:00,1,SHELF-F18,18.34,56.29,3229
2024-01-23T03:40:00,1,SHELF-F18,19.43,53.15,3229
2024-01-23T04:00:00,1,SHELF-F18,20.23,47.17,3229
2024-01-23T04:20:00,1,SHELF-F18,20.09,47.36,3229
2024-01-23T04:40:00,1,SHELF-F18,20.05,52.16,3229
2024-01-23T05:00:00,1,SHELF-F18,19.03,55.25,3229
2024-01-23T05:20:00,1,SHELF-F18,18.52,47.97,3229
2024-01-23T05:40:00,1,SHELF-F18,18.68,45.02,3229
2024-01-23T06:00:00,1,SHELF-F18,19.68,42.02,3229
2024-01-23T06:20:00,1,SHELF-F18,19.54,45.42,3229
2024-01-23T06:40:00,1,SHELF-F18,19.09,49.79,3229
2024-01-23T07:00:00,1,SHELF-F18,19.10,44.15,3229
2024-01-23T07:20:00,1,SHELF-F18,20.40,55.96,3229
2024-01-23T07:40:00,1,SHELF-F18,19.21,46.15,3229
2024-01-23T08:00:00,1,SHELF-F18,19.35,43.86,3229
2024-01-23T08:20:00,1,SHELF-F18,20.32,45.68,3229
2024-01-23T08:40:00,1,SHELF-F18,19.44,45.38,3229
2024-01-23T09:00:00,1,SHELF-F18,18.98,48.59,3229
2024-01-23T09:20:00,1,SHELF-F18,20.53,48.69,3229
2024-01-23T09:40:00,1,SHELF-F18,19.74,53.12,3229
2024-01-23T10:00:00,1,SHELF-F18,20.78,52.55,3229
2024-01-23T10:20:00,1,SHELF-F18,20.27,57.44,3229
2024-01-23T10:40:00,1,SHELF-F18,20.90,51.11,3229
2024-01-23T11:00:00,1,SHELF-F18,19.53,50.59,3229
2024-01-23T11:20:00,1,SHELF-F18,20.90,57.02,3229
2024-01-23T11:40:00,1,SHELF-F18,20.20,54.24,3229
2024-01-23T12:00:00,1,SHELF-F18,21.05,54.07,3229
2024-01-23T12:20:00,1,SHELF-F18,20.01,55.69,3229
2024-01-23T12:40:00,1,SHELF-F18,19.78,55.30,3229
2024-01-23T13:00:00,1,SHELF-F18,20.09,53.98,3229
2024-01-23T13:20:00,1,SHELF-F18,20.34,55.53,3229
2024-01-23T13:40:00,1,SHELF-F18,19.68,46.25,3229
2024-01-23T14:00:00,1,SHELF-F18,19.95,52.27,3229
2024-01-23T14:20:00,1,SHELF-F18,20.41,50.84,3229
2024-01-23T14:40:00,1,SHELF-F18,20.68,43.92,3229
2024-01-23T15:00:00,1,SHELF-F18,19.89,48.14,3229
2024-01-23T15:20:00,1,SHELF-F18,21.35,46.34,3229
2024-01-23T15:40:00,1,SHELF-F18,21.12,55.26,3229
2024-01-23T16:00:00,1,SHELF-F18,20.21,57.15,3229
2024-01-23T16:20:00,1,SHELF-F18,20.99,54.16,3229
2024-01-23T16:40:00,1,SHELF-F18,21.61,50.12,3229
2024-01-23T17:00:00,1,SHELF-F18,20.34,49.52,3229
2024-01-23T17:20:00,1,SHELF-F18,21.24,47.75,3229
2024-01-23T17:40:00,1,SHELF-F18,20.96,53.72,3229
2024-01-23T18:00:00,1,SHELF-F18,20.49,46.54,3229
2024-01-23T18:20:00,1,SHELF-F18,21.01,42.22,3229
2024-01-23T18:40:00,1,SHELF-F18,20.56,45.72,3229
2024-01-23T19:00:00,1,SHELF-F18,20.20,42.20,3229
2024-01-23T19:20:00,1,SHELF-F18,22.01,57.07,3229
2024-01-23T19:40:00,1,SHELF-F18,20.88,50.20,3229
2024-01-23T20:00:00,1,SHELF-F18,21.58,48.71,3229
2024-01-23T20:20:00,1,SHELF-F18,20.35,50.72,3229
2024-01-23T20:40:00,1,SHELF-F18,21.10,47.58,3229
2024-01-23T21:00:00,1,SHELF-F18,22.01,57.52,3229
2024-01-23T21:20:00,1,SHELF-F18,22.28,43.09,3229
2024-01-23T21:40:00,1,SHELF-F18,22.13,55.80,3229
2024-01-23T22:00:00,1,SHELF-F18,21.02,43.36,3229
2024-01-23T22:20:00,1,SHELF-F18,20.63,52.44,3229
2024-01-23T22:40:00,1,SHELF-F18,21.46,44.14,3229
2024-01-23T23:00:00,1,SHELF-F18,21.22,46.47,3229
2024-01-23T23:20:00,1,SHELF-F18,20.72,53.32,3229
2024-01-23T23:40:00,1,SHELF-F18,21.67,51.47,3229
2024-01-24T00:00:00,1,SHELF-D12,18.35,51.04,3234
2024-01-24T00:20:00,1,SHELF-D12,18.13,47.94,3234
2024-01-24T00:40:00,1,SHELF-D12,19.37,55.44,3234
2024-01-24T01:00:00,1,SHELF-D12,19.22,42.95,3234
2024-01-24T01:20:00,1,SHELF-D12,18.90,51.86,3234
2024-01-24T01:40:00,1,SHELF-D12,18.13,52.15,3234
2024-01-24T02:00:00,1,SHELF-D12,18.35,54.01,3234
2024-01-24T02:20:00,1,SHELF-D12,19.15,49.45,3234
2024-01-24T02:40:00,1,SHELF-D12,19.23,53.77,3234
2024-01-24T03:00:00,1,SHELF-D12,19.13,53.91,3234
2024-01-24T03:20:00,1,SHELF-D12,20.15,55.85,3234
2024-01-24T03:40:00,1,SHELF-D12,19.33,45.27,3234
2024-01-24T04:00:00,1,SHELF-D12,18.66,43.25,3234
2024-01-24T04:20:00,1,SHELF-D12,19.30,46.78,3234
2024-01-24T04:40:00,1,SHELF-D12,18.60,46.63,3234
2024-01-24T05:00:00,1,SHELF-D12,18.96,56.24,3234
2024-01-24T05:20:00,1,SHELF-D12,19.72,45.42,3234
2024-01-24T05:40:00,1,SHELF-D12,19.27,43.73,3234
2024-01-24T06:00:00,1,SHELF-D12,20.21,42.83,3234
2024-01-24T06:20:00,1,SHELF-D12,18.94,48.12,3234
2024-01-24T06:40:00,1,SHELF-D12,19.42,53.00,3234
2024-01-24T07:00:00,1,SHELF-D12,19.11,49.60,3234
2024-01-24T07:20:00,1,SHELF-D12,18.98,48.39,3234
2024-01-24T07:40:00,1,SHELF-D12,20.07,44.72,3234
2024-01-24T08:00:00,1,SHELF-D12,20.68,44.42,3234
2024-01-24T08:20:00,1,SHELF-D12,18.88,51.51,3234
2024-01-24T08:40:00,1,SHELF-D12,20.37,45.78,3234
2024-01-24T09:00:00,1,SHELF-D12,20.72,48.63,3234
2024-01-24T09:20:00,1,SHELF-D12,19.20,51.14,3234
2024-01-24T09:40:00,1,SHELF-D12,19.33,57.33,3234
2024-01-24T10:00:00,1,SHELF-D12,20.22,42.16,3234
2024-01-24T10:20:00,1,SHELF-D12,19.99,51.68,3234
2024-01-24T10:40:00,1,SHELF-D12,19.12,43.53,3234
2024-01-24T11:00:00,1,SHELF-D12,19.67,47.34,3234
2024-01-24T11:20:00,1,SHELF-D12,20.78,57.45,3234
2024-01-24T11:40:00,1,SHELF-D12,19.23,49.38,3234
2024-01-24T12:00:00,1,SHELF-D12,20.54,43.43,3234
2024-01-24T12:20:00,1,SHELF-D12,20.81,42.55,3234
2024-01-24T12:40:00,1,SHELF-D12,20.21,44.56,3234
2024-01-24T13:00:00,1,SHELF-D12,19.65,50.65,3234
2024-01-24T13:20:00,1,SHELF-D12,20.19,42.66,3234
2024-01-24T13:40:00,1,SHELF-D12,20.45,56.15,3234
2024-01-24T14:00:00,1,SHELF-D12,20.87,49.93,3234
2024-01-24T14:20:00,1,SHELF-D12,19.93,42.40,3234
2024-01-24T14:40:00,1,SHELF-D12,21.20,47.06,3234
2024-01-24T15:00:00,1,SHELF-D12,21.53,54.38,3234
2024-01-24T15:20:00,1,SHELF-D12,21.17,54.68,3234
2024-01-24T15:40:00,1,SHELF-D12,21.68,43.78,3234
2024-01-24T16:00:00,1,SHELF-D12,20.14,54.92,3234
2024-01-24T16:20:00,1,SHELF-D12,21.74,49.58,3234
2024-01-24T16:40:00,1,SHELF-D12,19.82,46.11,3234
2024-01-24T17:00:00,1,SHELF-D12,20.42,42.86,3234
2024-01-24T17:20:00,1,SHELF-D12,21.89,55.20,3234
2024-01-24T17:40:00,1,SHELF-D12,21.45,46.69,3234
2024-01-24T18:00:00,1,SHELF-D12,21.63,56.44,3234
2024-01-24T18:20:00,1,SHELF-D12,20.43,44.31,3234
2024-01-24T18:40:00,1,SHELF-D12,21.35,42.25,3234
2024-01-24T19:00:00,1,SHELF-D12,20.87,45.43,3234
2024-01-24T19:20:00,1,SHELF-D12,21.36,54.09,3234
2024-01-24T19:40:00,1,SHELF-D12,20.47,53.72,3234
2024-01-24T20:00:00,1,SHELF-D12,22.18,53.69,3234
2024-01-24T20:20:00,1,SHELF-D12,21.47,46.88,3234
2024-01-24T20:40:00,1,SHELF-D12,21.95,54.77,3234
2024-01-24T21:00:00,1,SHELF-D12,21.38,44.88,3234
2024-01-24T21:20:00,1,SHELF-D12,21.67,45.33,3234
2024-01-24T21:40:00,1,SHELF-D12,20.80,52.26,3234
2024-01-24T22:00:00,1,SHELF-D12,21.26,43.51,3234
2024-01-24T22:20:00,1,SHELF-D12,22.40,49.53,3234
2024-01-24T22:40:00,1,SHELF-D12,20.72,49.45,3234
2024-01-24T23:00:00,1,SHELF-D12,22.32,53.52,3234
2024-01-24T23:20:00,1,SHELF-D12,20.73,57.53,3234
2024-01-24T23:40:00,1,SHELF-D12,20.95,57.17,3234
2024-01-24T00:00:00,1,SHELF-A19,18.53,50.64,3231
2024-01-24T00:20:00,1,SHELF-A19,18.03,42.59,3231
2024-01-24T00:40:00,1,SHELF-A19,18.02,51.20,3231
2024-01-24T01:00:00,1,SHELF-A19,18.15,57.28,3231
2024-01-24T01:20:00,1,SHELF-A19,19.01,56.75,3231
2024-01-24T01:40:00,1,SHELF-A19,18.11,54.89,3231
2024-01-24T02:00:00,1,SHELF-A19,19.14,48.47,3231
2024-01-24T02:20:00,1,SHELF-A19,19.57,46.57,3231
2024-01-24T02:40:00,1,SHELF-A19,19.27,50.57,3231
2024-01-24T03:00:00,1,SHELF-A19,19.01,49.66,3231
2024-01-24T03:20:00,1,SHELF-A19,19.04,56.06,3231
2024-01-24T03:40:00,1,SHELF-A19,20.14,52.79,3231
2024-01-24T04:00:00,1,SHELF-A19,18.56,49.42,3231
2024-01-24T04:20:00,1,SHELF-A19,20.31,56.53,3231
2024-01-24T04:40:00,1,SHELF-A19,19.31,46.31,3231
2024-01-24T05:00:00,1,SHELF-A19,19.35,42.38,3231
2024-01-24T05:20:00,1,SHELF-A19,19.93,49.01,3231
2024-01-24T05:40:00,1,SHELF-A19,19.75,57.62,3231
2024-01-24T06:00:00,1,SHELF-A19,20.51,43.75,3231
2024-01-24T06:20:00,1,SHELF-A19,18.62,46.67,3231
2024-01-24T06:40:00,1,SHELF-A19,20.25,44.09,3231
2024-01-24T07:00:00,1,SHELF-A19,19.56,42.70,3231
2024-01-24T07:20:00,1,SHELF-A19,19.49,53.79,3231
2024-01-24T07:40:00,1,SHELF-A19,20.21,56.93,3231
2024-01-24T08:00:00,1,SHELF-A19,20.34,57.08,3231
2024-01-24T08:20:00,1,SHELF-A19,19.21,51.73,3231
2024-01-24T08:40:00,1,SHELF-A19,20.27,44.05,3231
2024-01-24T09:00:00,1,SHELF-A19,19.33,47.22,3231
2024-01-24T09:20:00,1,SHELF-A19,19.39,50.65,3231
2024-01-24T09:40:00,1,SHELF-A19,19.95,46.33,3231
2024-01-24T10:00:00,1,SHELF-A19,20.95,42.63,3231
2024-01-24T10:20:00,1,SHELF-A19,19.37,45.58,3231
2024-01-24T10:40:00,1,SHELF-A19,20.99,48.56,3231
2024-01-24T11:00:00,1,SHELF-A19,19.73,45.00,3231
2024-01-24T11:20:00,1,SHELF-A19,20.61,42.16,3231
2024-01-24T11:40:00,1,SHELF-A19,19.31,44.66,3231
2024-01-24T12:00:00,1,SHELF-A19,20.79,49.87,3231
2024-01-24T12:20:00,1,SHELF-A19,21.19,44.37,3231
2024-01-24T12:40:00,1,SHELF-A19,19.34,56.44,3231
2024-01-24T13:00:00,1,SHELF-A19,19.44,45.33,3231
2024-01-24T13:20:00,1,SHELF-A19,19.87,42.98,3231
2024-01-24T13:40:00,1,SHELF-A19,19.47,50.30,3231
2024-01-24T14:00:00,1,SHELF-A19,20.06,46.67,3231
2024-01-24T14:20:00,1,SHELF-A19,20.99,48.45,3231
2024-01-24T14:40:00,1,SHELF-A19,20.04,43.78,3231
2024-01-24T15:00:00,1,SHELF-A19,19.69,50.26,3231
2024-01-24T15:20:00,1,SHELF-A19,20.83,54.45,3231
2024-01-24T15:40:00,1,SHELF-A19,21.68,43.94,3231
2024-01-24T16:00:00,1,SHELF-A19,20.05,54.77,3231
2024-01-24T16:20:00,1,SHELF-A19,19.85,57.28,3231
2024-01-24T16:40:00,1,SHELF-A19,21.51,48.15,3231
2024-01-24T17:00:00,1,SHELF-A19,21.44,52.04,3231
2024-01-24T17:20:00,1,SHELF-A19,21.57,44.22,3231
2024-01-24T17:40:00,1,SHELF-A19,20.92,56.94,3231
2024-01-24T18:00:00,1,SHELF-A19,21.54,51.31,3231
2024-01-24T18:20:00,1,SHELF-A19,21.12,54.37,3231
2024-01-24T18:40:00,1,SHELF-A19,21.51,53.84,3231
2024-01-24T19:00:00,1,SHELF-A19,21.42,48.21,3231
2024-01-24T19:20:00,1,SHELF-A19,21.27,53.73,3231
2024-01-24T19:40:00,1,SHELF-A19,20.78,57.82,3231
2024-01-24T20:00:00,1,SHELF-A19,22.21,57.08,3231
2024-01-24T20:20:00,1,SHELF-A19,22.04,50.76,3231
2024-01-24T20:40:00,1,SHELF-A19,21.27,46.13,3231
2024-01-24T21:00:00,1,SHELF-A19,20.92,42.81,3231
2024-01-24T21:20:00,1,SHELF-A19,22.28,55.05,3231
2024-01-24T21:40:00,1,SHELF-A19,22.38,50.24,3231
2024-01-24T22:00:00,1,SHELF-A19,21.93,45.98,3231
2024-01-24T22:20:00,1,SHELF-A19,20.80,43.55,3231
2024-01-24T22:40:00,1,SHELF-A19,22.23,57.25,3231
2024-01-24T23:00:00,1,SHELF-A19,20.85,43.54,3231
2024-01-24T23:20:00,1,SHELF-A19,22.45,47.09,3231
2024-01-24T23:40:00,1,SHELF-A19,22.01,50.88,3231
2024-01-24T00:00:00,1,SHELF-B19,19.20,47.28,3148
2024-01-24T00:20:00,1,SHELF-B19,18.09,51.17,3148
2024-01-24T00:40:00,1,SHELF-B19,19.42,44.40,3148
2024-01-24T01:00:00,1,SHELF-B19,17.97,52.17,3148
2024-01-24T01:20:00,1,SHELF-B19,19.54,52.64,3148
2024-01-24T01:40:00,1,SHELF-B19,18.07,45.26,3148
2024-01-24T02:00:00,1,SHELF-B19,19.58,46.44,3148
2024-01-24T02:20:00,1,SHELF-B19,18.88,49.14,3148
2024-01-24T02:40:00,1,SHELF-B19,18.81,51.20,3148
2024-01-24T03:00:00,1,SHELF-B19,19.38,46.53,3148
2024-01-24T03:20:00,1,SHELF-B19,19.96,46.37,3148
2024-01-24T03:40:00,1,SHELF-B19,18.99,49.07,3148
2024-01-24T04:00:00,1,SHELF-B19,19.74,43.53,3148
2024-01-24T04:20:00,1,SHELF-B19,19.41,46.27,3148
2024-01-24T04:40:00,1,SHELF-B19,19.60,42.26,3148
2024-01-24T05:00:00,1,SHELF-B19,18.71,54.32,3148
2024-01-24T05:20:00,1,SHELF-B19,20.25,53.02,3148
2024-01-24T05:40:00,1,SHELF-B19,18.74,44.20,3148
2024-01-24T06:00:00,1,SHELF-B19,19.00,49.15,3148
2024-01-24T06:20:00,1,SHELF-B19,20.40,46.62,3148
2024-01-24T06:40:00,1,SHELF-B19,18.56,57.38,3148
2024-01-24T07:00:00,1,SHELF-B19,19.46,42.54,3148
2024-01-24T07:20:00,1,SHELF-B19,19.38,56.20,3148
2024-01-24T07:40:00,1,SHELF-B19,19.68,53.02,3148
2024-01-24T08:00:00,1,SHELF-B19,20.62,49.48,3148
2024-01-24T08:20:00,1,SHELF-B19,20.39,47.74,3148
2024-01-24T08:40:00,1,SHELF-B19,20.75,48.59,3148
2024-01-24T09:00:00,1,SHELF-B19,19.25,56.89,3148
2024-01-24T09:20:00,1,SHELF-B19,19.62,49.27,3148
2024-01-24T09:40:00,1,SHELF-B19,18.95,43.40,3148
2024-01-24T10:00:00,1,SHELF-B19,20.30,57.88,3148
2024-01-24T10:20:00,1,SHELF-B19,20.18,44.23,3148
2024-01-24T10:40:00,1,SHELF-B19,20.46,43.71,3148
2024-01-24T11:00:00,1,SHELF-B19,19.42,48.70,3148
2024-01-24T11:20:00,1,SHELF-B19,19.32,44.83,3148
2024-01-24T11:40:00,1,SHELF-B19,20.45,47.24,3148
2024-01-24T12:00:00,1,SHELF-B19,20.44,46.59,3148
2024-01-24T12:20:00,1,SHELF-B19,21.04,48.36,3148
2024-01-24T12:40:00,1,SHELF-B19,21.07,42.97,3148
2024-01-24T13:00:00,1,SHELF-B19,20.64,45.51,3148
2024-01-24T13:20:00,1,SHELF-B19,19.96,48.53,3148
2024-01-24T13:40:00,1,SHELF-B19,19.54,44.04,3148
2024-01-24T14:00:00,1,SHELF-B19,20.04,44.29,3148
2024-01-24T14:20:00,1,SHELF-B19,19.73,43.44,3148
2024-01-24T14:40:00,1,SHELF-B19,21.32,56.52,3148
2024-01-24T15:00:00,1,SHELF-B19,20.08,56.47,3148
2024-01-24T15:20:00,1,SHELF-B19,20.82,57.84,3148
2024-01-24T15:40:00,1,SHELF-B19,20.94,43.10,3148
2024-01-24T16:00:00,1,SHELF-B19,19.99,42.47,3148
2024-01-24T16:20:00,1,SHELF-B19,21.62,57.14,3148
2024-01-24T16:40:00,1,SHELF-B19,21.24,42.18,3148
2024-01-24T17:00:00,1,SHELF-B19,21.40,48.96,3148
2024-01-24T17:20:00,1,SHELF-B19,20.58,57.29,3148
2024-01-24T17:40:00,1,SHELF-B19,21.48,53.69,3148
2024-01-24T18:00:00,1,SHELF-B19,22.00,46.14,3148
2024-01-24T18:20:00,1,SHELF-B19,20.82,42.74,3148
2024-01-24T18:40:00,1,SHELF-B19,21.81,52.48,3148
2024-01-24T19:00:00,1,SHELF-B19,21.97,57.66,3148
2024-01-24T19:20:00,1,SHELF-B19,21.02,45.50,3148
2024-01-24T19:40:00,1,SHELF-B19,21.45,48.13,3148
2024-01-24T20:00:00,1,SHELF-B19,22.24,43.71,3148
2024-01-24T20:20:00,1,SHELF-B19,20.48,45.79,3148
2024-01-24T20:40:00,1,SHELF-B19,21.04,53.51,3148
2024-01-24T21:00:00,1,SHELF-B19,22.03,57.73,3148
2024-01-24T21:20:00,1,SHELF-B19,22.36,46.95,3148
2024-01-24T21:40:00,1,SHELF-B19,22.12,46.15,3148
2024-01-24T22:00:00,1,SHELF-B19,21.26,57.38,3148
2024-01-24T22:20:00,1,SHELF-B19,20.72,57.99,3148
2024-01-24T22:40:00,1,SHELF-B19,21.63,44.61,3148
2024-01-24T23:00:00,1,SHELF-B19,21.32,43.62,3148
2024-01-24T23:20:00,1,SHELF-B19,22.04,55.22,3148
2024-01-24T23:40:00,1,SHELF-B19,22.02,44.93,3148
2024-01-24T00:00:00,1,SHELF-E06,19.78,50.15,3169
2024-01-24T00:20:00,1,SHELF-E06,19.50,53.26,3169
2024-01-24T00:40:00,1,SHELF-E06,18.58,47.62,3169
2024-01-24T01:00:00,1,SHELF-E06,19.33,48.40,3169
2024-01-24T01:20:00,1,SHELF-E06,18.24,44.08,3169
2024-01-24T01:40:00,1,SHELF-E06,19.90,57.30,3169
2024-01-24T02:00:00,1,SHELF-E06,19.30,49.07,3169
2024-01-24T02:20:00,1,SHELF-E06,20.05,55.64,3169
2024-01-24T02:40:00,1,SHELF-E06,18.94,55.70,3169
2024-01-24T03:00:00,1,SHELF-E06,18.72,51.98,3169
2024-01-24T03:20:00,1,SHELF-E06,19.13,55.28,3169
2024-01-24T03:40:00,1,SHELF-E06,19.51,51.25,3169
2024-01-24T04:00:00,1,SHELF-E06,19.59,47.79,3169
2024-01-24T04:20:00,1,SHELF-E06,18.38,57.60,3169
2024-01-24T04:40:00,1,SHELF-E06,18.53,50.16,3169
2024-01-24T05:00:00,1,SHELF-E06,19.43,49.73,3169
2024-01-24T05:20:00,1,SHELF-E06,19.04,44.33,3169
2024-01-24T05:40:00,1,SHELF-E06,18.90,55.83,3169
2024-01-24T06:00:00,1,SHELF-E06,20.18,46.92,3169
2024-01-24T06:20:00,1,SHELF-E06,19.17,48.71,3169
2024-01-24T06:40:00,1,SHELF-E06,20.04,48.05,3169
2024-01-24T07:00:00,1,SHELF-E06,18.99,43.77,3169
2024-01-24T07:20:00,1,SHELF-E06,18.86,54.65,3169
2024-01-24T07:40:00,1,SHELF-E06,19.55,46.04,3169
2024-01-24T08:00:00,1,SHELF-E06,20.28,47.70,3169
2024-01-24T08:20:00,1,SHELF-E06,19.52,51.20,3169
2024-01-24T08:40:00,1,SHELF-E06,19.15,57.52,3169
2024-01-24T09:00:00,1,SHELF-E06,20.25,46.42,3169
2024-01-24T09:20:00,1,SHELF-E06,19.50,55.09,3169
2024-01-24T09:40:00,1,SHELF-E06,20.47,43.62,3169
2024-01-24T10:00:00,1,SHELF-E06,20.48,49.89,3169
2024-01-24T10:20:00,1,SHELF-E06,19.45,50.81,3169
2024-01-24T10:40:00,1,SHELF-E06,20.12,49.42,3169
2024-01-24T11:00:00,1,SHELF-E06,19.19,52.70,3169
2024-01-24T11:20:00,1,SHELF-E06,19.65,45.61,3169
2024-01-24T11:40:00,1,SHELF-E06,20.54,54.62,3169
2024-01-24T12:00:00,1,SHELF-E06,20.31,55.82,3169
2024-01-24T12:20:00,1,SHELF-E06,20.92,53.58,3169
2024-01-24T12:40:00,1,SHELF-E06,20.36,46.44,3169
2024-01-24T13:00:00,1,SHELF-E06,21.04,50.59,3169
2024-01-24T13:20:00,1,SHELF-E06,21.42,48.48,3169
2024-01-24T13:40:00,1,SHELF-E06,21.17,42.29,3169
2024-01-24T14:00:00,1,SHELF-E06,21.25,55.06,3169
2024-01-24T14:20:00,1,SHELF-E06,21.54,44.91,3169
2024-01-24T14:40:00,1,SHELF-E06,19.88,56.05,3169
2024-01-24T15:00:00,1,SHELF-E06,20.30,52.50,3169
2024-01-24T15:20:00,1,SHELF-E06,20.24,54.83,3169
2024-01-24T15:40:00,1,SHELF-E06,20.06,55.81,3169
2024-01-24T16:00:00,1,SHELF-E06,20.04,48.42,3169
2024-01-24T16:20:00,1,SHELF-E06,20.43,53.90,3169
2024-01-24T16:40:00,1,SHELF-E06,20.86,42.07,3169
2024-01-24T17:00:00,1,SHELF-E06,21.82,49.95,3169
2024-01-24T17:20:00,1,SHELF-E06,20.13,53.68,3169
2024-01-24T17:40:00,1,SHELF-E06,21.68,48.16,3169
2024-01-24T18:00:00,1,SHELF-E06,22.03,45.24,3169
2024-01-24T18:20:00,1,SHELF-E06,20.18,53.18,3169
2024-01-24T18:40:00,1,SHELF-E06,20.27,49.15,3169
2024-01-24T19:00:00,1,SHELF-E06,21.84,51.97,3169
2024-01-24T19:20:00,1,SHELF-E06,22.01,42.79,3169
2024-01-24T19:40:00,1,SHELF-E06,20.36,46.42,3169
2024-01-24T20:00:00,1,SHELF-E06,22.18,45.36,3169
2024-01-24T20:20:00,1,SHELF-E06,22.15,49.60,3169
2024-01-24T20:40:00,1,SHELF-E06,20.54,43.71,3169
2024-01-24T21:00:00,1,SHELF-E06,21.81,53.96,3169
2024-01-24T21:20:00,1,SHELF-E06,21.61,49.47,3169
2024-01-24T21:40:00,1,SHELF-E06,21.74,48.64,3169
2024-01-24T22:00:00,1,SHELF-E06,22.12,43.68,3169
2024-01-24T22:20:00,1,SHELF-E06,21.82,48.21,3169
2024-01-24T22:40:00,1,SHELF-E06,22.41,54.17,3169
2024-01-24T23:00:00,1,SHELF-E06,22.56,52.94,3169
2024-01-24T23:20:00,1,SHELF-E06,21.92,54.02,3169
2024-01-24T23:40:00,1,SHELF-E06,20.78,50.12,3169
2024-01-24T00:00:00,1,SHELF-F18,18.97,46.56,3079
2024-01-24T00:20:00,1,SHELF-F18,19.76,49.47,3079
2024-01-24T00:40:00,1,SHELF-F18,18.86,55.88,3079
2024-01-24T01:00:00,1,SHELF-F18,19.78,52.06,3079
2024-01-24T01:20:00,1,SHELF-F18,18.09,57.33,3079
2024-01-24T01:40:00,1,SHELF-F18,18.61,47.40,3079
2024-01-24T02:00:00,1,SHELF-F18,18.39,43.91,3079
2024-01-24T02:20:00,1,SHELF-F18,19.00,44.66,3079
2024-01-24T02:40:00,1,SHELF-F18,19.11,55.88,3079
2024-01-24T03:00:00,1,SHELF-F18,19.07,53.91,3079
2024-01-24T03:20:00,1,SHELF-F18,19.13,54.47,3079
2024-01-24T03:40:00,1,SHELF-F18,19.38,42.90,3079
2024-01-24T04:00:00,1,SHELF-F18,18.76,43.79,3079
2024-01-24T04:20:00,1,SHELF-F18,19.14,48.83,3079
2024-01-24T04:40:00,1,SHELF-F18,19.41,50.19,3079
2024-01-24T05:00:00,1,SHELF-F18,19.99,49.52,3079
2024-01-24T05:20:00,1,SHELF-F18,20.10,44.08,3079
2024-01-24T05:40:00,1,SHELF-F18,18.84,51.53,3079
2024-01-24T06:00:00,1,SHELF-F18,20.07,52.14,3079
2024-01-24T06:20:00,1,SHELF-F18,19.33,49.70,3079
2024-01-24T06:40:00,1,SHELF-F18,20.11,50.57,3079
2024-01-24T07:00:00,1,SHELF-F18,19.65,55.40,3079
2024-01-24T07:20:00,1,SHELF-F18,18.76,56.05,3079
2024-01-24T07:40:00,1,SHELF-F18,19.80,43.70,3079
2024-01-24T08:00:00,1,SHELF-F18,20.61,44.91,3079
2024-01-24T08:20:00,1,SHELF-F18,19.38,42.24,3079
2024-01-24T08:40:00,1,SHELF-F18,20.25,50.78,3079
2024-01-24T09:00:00,1,SHELF-F18,20.50,49.45,3079
2024-01-24T09:20:00,1,SHELF-F18,20.87,42.50,3079
2024-01-24T09:40:00,1,SHELF-F18,19.27,46.11,3079
2024-01-24T10:00:00,1,SHELF-F18,20.79,45.11,3079
2024-01-24T10:20:00,1,SHELF-F18,20.59,45.41,3079
2024-01-24T10:40:00,1,SHELF-F18,19.85,44.98,3079
2024-01-24T11:00:00,1,SHELF-F18,21.12,43.94,3079
2024-01-24T11:20:00,1,SHELF-F18,20.35,54.63,3079
2024-01-24T11:40:00,1,SHELF-F18,19.95,52.70,3079
2024-01-24T12:00:00,1,SHELF-F18,20.07,47.64,3079
2024-01-24T12:20:00,1,SHELF-F18,20.22,48.37,3079
2024-01-24T12:40:00,1,SHELF-F18,20.25,48.22,3079
2024-01-24T13:00:00,1,SHELF-F18,20.32,52.92,3079
2024-01-24T13:20:00,1,SHELF-F18,19.57,51.92,3079
2024-01-24T13:40:00,1,SHELF-F18,19.67,51.25,3079
2024-01-24T14:00:00,1,SHELF-F18,21.52,56.90,3079
2024-01-24T14:20:00,1,SHELF-F18,20.95,57.03,3079
2024-01-24T14:40:00,1,SHELF-F18,21.44,43.43,3079
2024-01-24T15:00:00,1,SHELF-F18,19.79,43.85,3079
2024-01-24T15:20:00,1,SHELF-F18,20.50,46.77,3079
2024-01-24T15:40:00,1,SHELF-F18,19.97,43.16,3079
2024-01-24T16:00:00,1,SHELF-F18,20.77,42.15,3079
2024-01-24T16:20:00,1,SHELF-F18,20.20,42.74,3079
2024-01-24T16:40:00,1,SHELF-F18,21.69,55.01,3079
2024-01-24T17:00:00,1,SHELF-F18,20.98,46.13,3079
2024-01-24T17:20:00,1,SHELF-F18,21.50,46.51,3079
2024-01-24T17:40:00,1,SHELF-F18,20.36,53.97,3079
2024-01-24T18:00:00,1,SHELF-F18,20.28,50.61,3079
2024-01-24T18:20:00,1,SHELF-F18,20.50,44.19,3079
2024-01-24T18:40:00,1,SHELF-F18,21.14,46.69,3079
2024-01-24T19:00:00,1,SHELF-F18,20.31,42.38,3079
2024-01-24T19:20:00,1,SHELF-F18,20.79,43.71,3079
2024-01-24T19:40:00,1,SHELF-F18,21.03,54.95,3079
2024-01-24T20:00:00,1,SHELF-F18,20.46,42.25,3079
2024-01-24T20:20:00,1,SHELF-F18,22.02,42.75,3079
2024-01-24T20:40:00,1,SHELF-F18,20.51,56.59,3079
2024-01-24T21:00:00,1,SHELF-F18,21.19,53.52,3079
2024-01-24T21:20:00,1,SHELF-F18,21.96,53.43,3079
2024-01-24T21:40:00,1,SHELF-F18,22.41,53.17,3079
2024-01-24T22:00:00,1,SHELF-F18,21.37,54.71,3079
2024-01-24T22:20:00,1,SHELF-F18,21.02,55.88,3079
2024-01-24T22:40:00,1,SHELF-F18,21.79,47.28,3079
2024-01-24T23:00:00,1,SHELF-F18,21.30,43.45,3079
2024-01-24T23:20:00,1,SHELF-F18,20.69,42.27,3079
2024-01-24T23:40:00,1,SHELF-F18,20.92,54.18,3079
2024-01-25T00:00:00,1,SHELF-D12,18.65,54.30,3179
2024-01-25T00:20:00,1,SHELF-D12,18.12,50.09,3179
2024-01-25T00:40:00,1,SHELF-D12,19.42,54.60,3179
2024-01-25T01:00:00,1,SHELF-D12,19.64,43.96,3179
2024-01-25T01:20:00,1,SHELF-D12,18.88,50.83,3179
2024-01-25T01:40:00,1,SHELF-D12,18.57,54.24,3179
2024-01-25T02:00:00,1,SHELF-D12,19.79,44.19,3179
2024-01-25T02:20:00,1,SHELF-D12,19.60,56.49,3179
2024-01-25T02:40:00,1,SHELF-D12,19.87,47.27,3179
2024-01-25T03:00:00,1,SHELF-D12,18.38,45.75,3179
2024-01-25T03:20:00,1,SHELF-D12,18.93,51.00,3179
2024-01-25T03:40:00,1,SHELF-D12,19.20,47.46,3179
2024-01-25T04:00:00,1,SHELF-D12,18.83,48.02,3179
2024-01-25T04:20:00,1,SHELF-D12,20.19,42.73,3179
2024-01-25T04:40:00,1,SHELF-D12,19.65,51.58,3179
2024-01-25T05:00:00,1,SHELF-D12,18.75,53.75,3179
2024-01-25T05:20:00,1,SHELF-D12,18.47,46.73,3179
2024-01-25T05:40:00,1,SHELF-D12,19.02,54.13,3179
2024-01-25T06:00:00,1,SHELF-D12,20.24,47.92,3179
2024-01-25T06:20:00,1,SHELF-D12,19.12,54.37,3179
2024-01-25T06:40:00,1,SHELF-D12,19.49,42.59,3179
2024-01-25T07:00:00,1,SHELF-D12,18.81,43.63,3179
2024-01-25T07:20:00,1,SHELF-D12,19.60,42.98,3179
2024-01-25T07:40:00,1,SHELF-D12,19.68,43.96,3179
2024-01-25T08:00:00,1,SHELF-D12,19.58,46.22,3179
2024-01-25T08:20:00,1,SHELF-D12,20.11,50.50,3179
2024-01-25T08:40:00,1,SHELF-D12,20.09,45.68,3179
2024-01-25T09:00:00,1,SHELF-D12,20.26,42.98,3179
2024-01-25T09:20:00,1,SHELF-D12,19.13,47.09,3179
2024-01-25T09:40:00,1,SHELF-D12,20.89,50.48,3179
2024-01-25T10:00:00,1,SHELF-D12,20.61,56.22,3179
2024-01-25T10:20:00,1,SHELF-D12,19.65,43.17,3179
2024-01-25T10:40:00,1,SHELF-D12,19.66,55.55,3179
2024-01-25T11:00:00,1,SHELF-D12,20.59,52.75,3179
2024-01-25T11:20:00,1,SHELF-D12,19.95,44.59,3179
2024-01-25T11:40:00,1,SHELF-D12,19.53,46.15,3179
2024-01-25T12:00:00,1,SHELF-D12,20.81,52.96,3179
2024-01-25T12:20:00,1,SHELF-D12,20.11,44.36,3179
2024-01-25T12:40:00,1,SHELF-D12,20.21,50.88,3179
2024-01-25T13:00:00,1,SHELF-D12,21.10,57.95,3179
2024-01-25T13:20:00,1,SHELF-D12,20.33,48.86,3179
2024-01-25T13:40:00,1,SHELF-D12,19.70,49.13,3179
2024-01-25T14:00:00,1,SHELF-D12,21.34,52.93,3179
2024-01-25T14:20:00,1,SHELF-D12,19.85,57.13,3179
2024-01-25T14:40:00,1,SHELF-D12,21.28,53.30,3179
2024-01-25T15:00:00,1,SHELF-D12,21.57,45.33,3179
2024-01-25T15:20:00,1,SHELF-D12,20.78,56.73,3179
2024-01-25T15:40:00,1,SHELF-D12,20.63,53.07,3179
2024-01-25T16:00:00,1,SHELF-D12,20.52,44.01,3179
2024-01-25T16:20:00,1,SHELF-D12,21.59,48.90,3179
2024-01-25T16:40:00,1,SHELF-D12,20.82,49.60,3179
2024-01-25T17:00:00,1,SHELF-D12,20.04,56.33,3179
2024-01-25T17:20:00,1,SHELF-D12,21.32,54.76,3179
2024-01-25T17:40:00,1,SHELF-D12,20.97,56.98,3179
2024-01-25T18:00:00,1,SHELF-D12,22.04,51.46,3179
2024-01-25T18:20:00,1,SHELF-D12,20.53,42.92,3179
2024-01-25T18:40:00,1,SHELF-D12,20.73,47.93,3179
2024-01-25T19:00:00,1,SHELF-D12,20.65,42.10,3179
2024-01-25T19:20:00,1,SHELF-D12,21.76,53.00,3179
2024-01-25T19:40:00,1,SHELF-D12,22.07,51.66,3179
2024-01-25T20:00:00,1,SHELF-D12,20.60,45.20,3179
2024-01-25T20:20:00,1,SHELF-D12,21.14,43.34,3179
2024-01-25T20:40:00,1,SHELF-D12,22.12,51.54,3179
2024-01-25T21:00:00,1,SHELF-D12,21.33,57.22,3179
2024-01-25T21:20:00,1,SHELF-D12,21.99,47.03,3179
2024-01-25T21:40:00,1,SHELF-D12,21.80,53.81,3179
2024-01-25T22:00:00,1,SHELF-D12,21.38,42.92,3179
2024-01-25T22:20:00,1,SHELF-D12,21.51,51.53,3179
2024-01-25T22:40:00,1,SHELF-D12,21.48,53.37,3179
2024-01-25T23:00:00,1,SHELF-D12,21.37,44.54,3179
2024-01-25T23:20:00,1,SHELF-D12,22.38,51.39,3179
2024-01-25T23:40:00,1,SHELF-D12,22.41,45.86,3179
2024-01-25T00:00:00,1,SHELF-A19,18.86,44.35,3252
2024-01-25T00:20:00,1,SHELF-A19,18.17,45.36,3252
2024-01-25T00:40:00,1,SHELF-A19,18.61,55.40,3252
2024-01-25T01:00:00,1,SHELF-A19,18.84,45.30,3252
2024-01-25T01:20:00,1,SHELF-A19,18.05,44.82,3252
2024-01-25T01:40:00,1,SHELF-A19,19.82,44.36,3252
2024-01-25T02:00:00,1,SHELF-A19,18.26,54.19,3252
2024-01-25T02:20:00,1,SHELF-A19,19.73,55.28,3252
2024-01-25T02:40:00,1,SHELF-A19,19.36,49.84,3252
2024-01-25T03:00:00,1,SHELF-A19,19.40,57.50,3252
2024-01-25T03:20:00,1,SHELF-A19,18.40,44.63,3252
2024-01-25T03:40:00,1,SHELF-A19,19.74,44.52,3252
2024-01-25T04:00:00,1,SHELF-A19,20.07,47.95,3252
2024-01-25T04:20:00,1,SHELF-A19,18.89,55.39,3252
2024-01-25T04:40:00,1,SHELF-A19,19.12,50.86,3252
2024-01-25T05:00:00,1,SHELF-A19,18.50,44.81,3252
2024-01-25T05:20:00,1,SHELF-A19,18.64,48.80,3252
2024-01-25T05:40:00,1,SHELF-A19,19.59,45.32,3252
2024-01-25T06:00:00,1,SHELF-A19,20.27,44.87,3252
2024-01-25T06:20:00,1,SHELF-A19,18.62,44.88,3252
2024-01-25T06:40:00,1,SHELF-A19,19.38,57.38,3252
2024-01-25T07:00:00,1,SHELF-A19,19.82,50.79,3252
2024-01-25T07:20:00,1,SHELF-A19,18.87,57.67,3252
2024-01-25T07:40:00,1,SHELF-A19,19.21,52.86,3252
2024-01-25T08:00:00,1,SHELF-A19,19.34,55.26,3252
2024-01-25T08:20:00,1,SHELF-A19,18.93,50.74,3252
2024-01-25T08:40:00,1,SHELF-A19,20.54,49.21,3252
2024-01-25T09:00:00,1,SHELF-A19,20.70,54.15,3252
2024-01-25T09:20:00,1,SHELF-A19,20.78,54.90,3252
2024-01-25T09:40:00,1,SHELF-A19,19.09,56.78,3252
2024-01-25T10:00:00,1,SHELF-A19,19.95,54.46,3252
2024-01-25T10:20:00,1,SHELF-A19,20.83,52.96,3252
2024-01-25T10:40:00,1,SHELF-A19,20.94,46.66,3252
2024-01-25T11:00:00,1,SHELF-A19,19.58,44.96,3252
2024-01-25T11:20:00,1,SHELF-A19,20.85,44.94,3252
2024-01-25T11:40:00,1,SHELF-A19,21.02,48.03,3252
2024-01-25T12:00:00,1,SHELF-A19,19.76,43.81,3252
2024-01-25T12:20:00,1,SHELF-A19,20.92,44.56,3252
2024-01-25T12:40:00,1,SHELF-A19,19.86,49.10,3252
2024-01-25T13:00:00,1,SHELF-A19,21.39,56.65,3252
2024-01-25T13:20:00,1,SHELF-A19,19.44,45.56,3252
2024-01-25T13:40:00,1,SHELF-A19,20.56,53.86,3252
2024-01-25T14:00:00,1,SHELF-A19,21.07,47.20,3252
2024-01-25T14:20:00,1,SHELF-A19,19.68,56.10,3252
2024-01-25T14:40:00,1,SHELF-A19,20.79,51.80,3252
2024-01-25T15:00:00,1,SHELF-A19,21.66,47.20,3252
2024-01-25T15:20:00,1,SHELF-A19,21.08,45.50,3252
2024-01-25T15:40:00,1,SHELF-A19,20.89,44.04,3252
2024-01-25T16:00:00,1,SHELF-A19,21.21,57.86,3252
2024-01-25T16:20:00,1,SHELF-A19,20.79,50.65,3252
2024-01-25T16:40:00,1,SHELF-A19,19.98,56.32,3252
2024-01-25T17:00:00,1,SHELF-A19,20.17,48.20,3252
2024-01-25T17:20:00,1,SHELF-A19,20.63,42.76,3252
2024-01-25T17:40:00,1,SHELF-A19,21.88,51.01,3252
2024-01-25T18:00:00,1,SHELF-A19,20.92,44.01,3252
2024-01-25T18:20:00,1,SHELF-A19,20.92,48.72,3252
2024-01-25T18:40:00,1,SHELF-A19,20.85,47.30,3252
2024-01-25T19:00:00,1,SHELF-A19,20.53,55.81,3252
2024-01-25T19:20:00,1,SHELF-A19,21.29,46.86,3252
2024-01-25T19:40:00,1,SHELF-A19,22.14,51.41,3252
2024-01-25T20:00:00,1,SHELF-A19,20.84,53.98,3252
2024-01-25T20:20:00,1,SHELF-A19,21.48,42.37,3252
2024-01-25T20:40:00,1,SHELF-A19,21.75,50.09,3252
2024-01-25T21:00:00,1,SHELF-A19,21.52,46.82,3252
2024-01-25T21:20:00,1,SHELF-A19,20.44,53.97,3252
2024-01-25T21:40:00,1,SHELF-A19,22.42,54.06,3252
2024-01-25T22:00:00,1,SHELF-A19,22.25,42.35,3252
2024-01-25T22:20:00,1,SHELF-A19,20.65,42.16,3252
2024-01-25T22:40:00,1,SHELF-A19,21.99,43.65,3252
2024-01-25T23:00:00,1,SHELF-A19,22.60,55.51,3252
2024-01-25T23:20:00,1,SHELF-A19,21.87,44.65,3252
2024-01-25T23:40:00,1,SHELF-A19,22.23,56.47,3252
2024-01-25T00:00:00,1,SHELF-B19,19.46,46.79,3250
2024-01-25T00:20:00,1,SHELF-B19,19.44,51.92,3250
2024-01-25T00:40:00,1,SHELF-B19,18.37,50.68,3250
2024-01-25T01:00:00,1,SHELF-B19,19.76,51.36,3250
2024-01-25T01:20:00,1,SHELF-B19,18.28,44.51,3250
2024-01-25T01:40:00,1,SHELF-B19,19.85,45.96,3250
2024-01-25T02:00:00,1,SHELF-B19,18.40,57.32,3250
2024-01-25T02:20:00,1,SHELF-B19,18.55,43.08,3250
2024-01-25T02:40:00,1,SHELF-B19,18.37,47.99,3250
2024-01-25T03:00:00,1,SHELF-B19,19.49,47.30,3250
2024-01-25T03:20:00,1,SHELF-B19,19.89,42.95,3250
2024-01-25T03:40:00,1,SHELF-B19,19.42,53.67,3250
2024-01-25T04:00:00,1,SHELF-B19,20.29,46.54,3250
2024-01-25T04:20:00,1,SHELF-B19,19.90,52.93,3250
2024-01-25T04:40:00,1,SHELF-B19,18.37,55.69,3250
2024-01-25T05:00:00,1,SHELF-B19,19.59,55.01,3250
2024-01-25T05:20:00,1,SHELF-B19,20.05,46.56,3250
2024-01-25T05:40:00,1,SHELF-B19,20.00,51.98,3250
2024-01-25T06:00:00,1,SHELF-B19,20.07,45.93,3250
2024-01-25T06:20:00,1,SHELF-B19,20.31,46.71,3250
2024-01-25T06:40:00,1,SHELF-B19,19.05,56.71,3250
2024-01-25T07:00:00,1,SHELF-B19,19.87,44.12,3250
2024-01-25T07:20:00,1,SHELF-B19,20.31,42.43,3250
2024-01-25T07:40:00,1,SHELF-B19,19.81,53.85,3250
2024-01-25T08:00:00,1,SHELF-B19,20.81,45.69,3250
2024-01-25T08:20:00,1,SHELF-B19,19.06,57.45,3250
2024-01-25T08:40:00,1,SHELF-B19,19.35,46.32,3250
2024-01-25T09:00:00,1,SHELF-B19,19.26,51.28,3250
2024-01-25T09:20:00,1,SHELF-B19,19.82,47.33,3250
2024-01-25T09:40:00,1,SHELF-B19,20.13,47.01,3250
2024-01-25T10:00:00,1,SHELF-B19,20.81,51.62,3250
2024-01-25T10:20:00,1,SHELF-B19,19.33,42.90,3250
2024-01-25T10:40:00,1,SHELF-B19,19.34,57.47,3250
2024-01-25T11:00:00,1,SHELF-B19,19.99,43.20,3250
2024-01-25T11:20:00,1,SHELF-B19,20.10,51.41,3250
2024-01-25T11:40:00,1,SHELF-B19,19.74,43.05,3250
2024-01-25T12:00:00,1,SHELF-B19,19.34,44.92,3250
2024-01-25T12:20:00,1,SHELF-B19,20.86,46.29,3250
2024-01-25T12:40:00,1,SHELF-B19,19.49,45.25,3250
2024-01-25T13:00:00,1,SHELF-B19,20.33,51.95,3250
2024-01-25T13:20:00,1,SHELF-B19,21.03,51.38,3250
2024-01-25T13:40:00,1,SHELF-B19,19.79,49.14,3250
2024-01-25T14:00:00,1,SHELF-B19,20.96,43.60,3250
2024-01-25T14:20:00,1,SHELF-B19,20.30,53.56,3250
2024-01-25T14:40:00,1,SHELF-B19,19.81,48.78,3250
2024-01-25T15:00:00,1,SHELF-B19,21.58,49.58,3250
2024-01-25T15:20:00,1,SHELF-B19,19.98,55.65,3250
2024-01-25T15:40:00,1,SHELF-B19,20.94,48.38,3250
2024-01-25T16:00:00,1,SHELF-B19,20.57,56.36,3250
2024-01-25T16:20:00,1,SHELF-B19,20.09,42.41,3250
2024-01-25T16:40:00,1,SHELF-B19,21.05,43.93,3250
2024-01-25T17:00:00,1,SHELF-B19,21.55,45.66,3250
2024-01-25T17:20:00,1,SHELF-B19,19.94,51.49,3250
2024-01-25T17:40:00,1,SHELF-B19,21.25,56.07,3250
2024-01-25T18:00:00,1,SHELF-B19,21.86,47.05,3250
2024-01-25T18:20:00,1,SHELF-B19,20.33,42.98,3250
2024-01-25T18:40:00,1,SHELF-B19,20.39,43.69,3250
2024-01-25T19:00:00,1,SHELF-B19,20.89,45.68,3250
2024-01-25T19:20:00,1,SHELF-B19,20.85,42.16,3250
2024-01-25T19:40:00,1,SHELF-B19,20.37,45.36,3250
2024-01-25T20:00:00,1,SHELF-B19,21.85,43.61,3250
2024-01-25T20:20:00,1,SHELF-B19,21.59,46.79,3250
2024-01-25T20:40:00,1,SHELF-B19,21.64,42.79,3250
2024-01-25T21:00:00,1,SHELF-B19,22.14,49.76,3250
2024-01-25T21:20:00,1,SHELF-B19,21.62,52.20,3250
2024-01-25T21:40:00,1,SHELF-B19,20.95,51.69,3250
2024-01-25T22:00:00,1,SHELF-B19,20.81,53.08,3250
2024-01-25T22:20:00,1,SHELF-B19,21.06,44.10,3250
2024-01-25T22:40:00,1,SHELF-B19,22.50,50.03,3250
2024-01-25T23:00:00,1,SHELF-B19,21.16,55.10,3250
2024-01-25T23:20:00,1,SHELF-B19,21.94,52.81,3250
2024-01-25T23:40:00,1,SHELF-B19,22.08,50.64,3250
2024-01-25T00:00:00,1,SHELF-E06,18.99,53.78,3080
2024-01-25T00:20:00,1,SHELF-E06,19.75,46.84,3080
2024-01-25T00:40:00,1,SHELF-E06,18.89,49.88,3080
2024-01-25T01:00:00,1,SHELF-E06,18.80,52.14,3080
2024-01-25T01:20:00,1,SHELF-E06,19.59,45.17,3080
2024-01-25T01:40:00,1,SHELF-E06,18.35,45.75,3080
2024-01-25T02:00:00,1,SHELF-E06,18.40,51.43,3080
2024-01-25T02:20:00,1,SHELF-E06,19.17,47.67,3080
2024-01-25T02:40:00,1,SHELF-E06,18.77,51.88,3080
2024-01-25T03:00:00,1,SHELF-E06,18.30,47.44,3080
2024-01-25T03:20:00,1,SHELF-E06,19.62,52.65,3080
2024-01-25T03:40:00,1,SHELF-E06,20.10,46.40,3080
2024-01-25T04:00:00,1,SHELF-E06,20.07,47.34,3080
2024-01-25T04:20:00,1,SHELF-E06,19.31,54.55,3080
2024-01-25T04:40:00,1,SHELF-E06,19.78,50.49,3080
2024-01-25T05:00:00,1,SHELF-E06,20.09,50.66,3080
2024-01-25T05:20:00,1,SHELF-E06,20.38,47.13,3080
2024-01-25T05:40:00,1,SHELF-E06,19.31,54.70,3080
2024-01-25T06:00:00,1,SHELF-E06,18.83,54.62,3080
2024-01-25T06:20:00,1,SHELF-E06,18.59,50.13,3080
2024-01-25T06:40:00,1,SHELF-E06,19.35,44.01,3080
2024-01-25T07:00:00,1,SHELF-E06,19.85,44.69,3080
2024-01-25T07:20:00,1,SHELF-E06,19.29,45.47,3080
2024-01-25T07:40:00,1,SHELF-E06,20.24,56.00,3080
2024-01-25T08:00:00,1,SHELF-E06,20.28,43.28,3080
2024-01-25T08:20:00,1,SHELF-E06,19.98,44.70,3080
2024-01-25T08:40:00,1,SHELF-E06,19.13,44.94,3080
2024-01-25T09:00:00,1,SHELF-E06,19.63,54.08,3080
2024-01-25T09:20:00,1,SHELF-E06,20.00,47.64,3080
2024-01-25T09:40:00,1,SHELF-E06,20.52,56.94,3080
2024-01-25T10:00:00,1,SHELF-E06,19.87,54.11,3080
2024-01-25T10:20:00,1,SHELF-E06,21.04,49.16,3080
2024-01-25T10:40:00,1,SHELF-E06,20.16,45.02,3080
2024-01-25T11:00:00,1,SHELF-E06,20.70,56.09,3080
2024-01-25T11:20:00,1,SHELF-E06,20.47,43.45,3080
2024-01-25T11:40:00,1,SHELF-E06,21.07,54.69,3080
2024-01-25T12:00:00,1,SHELF-E06,19.80,46.38,3080
2024-01-25T12:20:00,1,SHELF-E06,19.88,51.17,3080
2024-01-25T12:40:00,1,SHELF-E06,20.50,54.61,3080
2024-01-25T13:00:00,1,SHELF-E06,20.64,52.48,3080
2024-01-25T13:20:00,1,SHELF-E06,20.22,55.30,3080
2024-01-25T13:40:00,1,SHELF-E06,20.32,44.15,3080
2024-01-25T14:00:00,1,SHELF-E06,20.35,46.20,3080
2024-01-25T14:20:00,1,SHELF-E06,21.22,47.48,3080
2024-01-25T14:40:00,1,SHELF-E06,21.24,57.41,3080
2024-01-25T15:00:00,1,SHELF-E06,20.41,45.11,3080
2024-01-25T15:20:00,1,SHELF-E06,19.82,55.38,3080
2024-01-25T15:40:00,1,SHELF-E06,20.98,42.30,3080
2024-01-25T16:00:00,1,SHELF-E06,20.27,43.20,3080
2024-01-25T16:20:00,1,SHELF-E06,21.28,43.35,3080
2024-01-25T16:40:00,1,SHELF-E06,20.25,47.93,3080
2024-01-25T17:00:00,1,SHELF-E06,20.33,51.91,3080
2024-01-25T17:20:00,1,SHELF-E06,20.20,46.77,3080
2024-01-25T17:40:00,1,SHELF-E06,20.86,43.39,3080
2024-01-25T18:00:00,1,SHELF-E06,21.24,48.12,3080
2024-01-25T18:20:00,1,SHELF-E06,20.07,42.75,3080
2024-01-25T18:40:00,1,SHELF-E06,21.99,56.91,3080
2024-01-25T19:00:00,1,SHELF-E06,20.47,49.77,3080
2024-01-25T19:20:00,1,SHELF-E06,20.26,48.40,3080
2024-01-25T19:40:00,1,SHELF-E06,20.98,56.78,3080
2024-01-25T20:00:00,1,SHELF-E06,21.80,55.30,3080
2024-01-25T20:20:00,1,SHELF-E06,20.42,57.61,3080
2024-01-25T20:40:00,1,SHELF-E06,22.05,48.25,3080
2024-01-25T21:00:00,1,SHELF-E06,20.87,50.41,3080
2024-01-25T21:20:00,1,SHELF-E06,22.31,42.17,3080
2024-01-25T21:40:00,1,SHELF-E06,21.58,45.65,3080
2024-01-25T22:00:00,1,SHELF-E06,20.90,46.34,3080
2024-01-25T22:20:00,1,SHELF-E06,20.74,55.22,3080
2024-01-25T22:40:00,1,SHELF-E06,21.88,55.72,3080
2024-01-25T23:00:00,1,SHELF-E06,22.03,45.29,3080
2024-01-25T23:20:00,1,SHELF-E06,22.42,45.17,3080
2024-01-25T23:40:00,1,SHELF-E06,21.50,42.20,3080
2024-01-25T00:00:00,1,SHELF-F18,18.33,53.40,3210
2024-01-25T00:20:00,1,SHELF-F18,19.74,46.79,3210
2024-01-25T00:40:00,1,SHELF-F18,19.69,53.45,3210
2024-01-25T01:00:00,1,SHELF-F18,18.71,46.42,3210
2024-01-25T01:20:00,1,SHELF-F18,19.57,43.86,3210
2024-01-25T01:40:00,1,SHELF-F18,19.43,49.36,3210
2024-01-25T02:00:00,1,SHELF-F18,18.99,52.54,3210
2024-01-25T02:20:00,1,SHELF-F18,18.83,47.79,3210
2024-01-25T02:40:00,1,SHELF-F18,19.96,56.31,3210
2024-01-25T03:00:00,1,SHELF-F18,19.69,48.75,3210
2024-01-25T03:20:00,1,SHELF-F18,19.57,54.64,3210
2024-01-25T03:40:00,1,SHELF-F18,19.39,44.88,3210
2024-01-25T04:00:00,1,SHELF-F18,20.26,55.10,3210
2024-01-25T04:20:00,1,SHELF-F18,20.07,54.94,3210
2024-01-25T04:40:00,1,SHELF-F18,19.25,55.73,3210
2024-01-25T05:00:00,1,SHELF-F18,18.63,50.81,3210
2024-01-25T05:20:00,1,SHELF-F18,18.47,43.38,3210
2024-01-25T05:40:00,1,SHELF-F18,20.13,51.92,3210
2024-01-25T06:00:00,1,SHELF-F18,19.69,44.76,3210
2024-01-25T06:20:00,1,SHELF-F18,19.95,42.66,3210
2024-01-25T06:40:00,1,SHELF-F18,18.90,50.97,3210
2024-01-25T07:00:00,1,SHELF-F18,19.57,46.27,3210
2024-01-25T07:20:00,1,SHELF-F18,19.22,54.30,3210
2024-01-25T07:40:00,1,SHELF-F18,19.02,46.30,3210
2024-01-25T08:00:00,1,SHELF-F18,19.66,47.36,3210
2024-01-25T08:20:00,1,SHELF-F18,19.20,55.18,3210
2024-01-25T08:40:00,1,SHELF-F18,19.95,49.18,3210
2024-01-25T09:00:00,1,SHELF-F18,20.45,42.17,3210
2024-01-25T09:20:00,1,SHELF-F18,19.65,46.69,3210
2024-01-25T09:40:00,1,SHELF-F18,20.00,53.93,3210
2024-01-25T10:00:00,1,SHELF-F18,19.81,54.18,3210
2024-01-25T10:20:00,1,SHELF-F18,19.89,51.09,3210
2024-01-25T10:40:00,1,SHELF-F18,19.62,49.48,3210
2024-01-25T11:00:00,1,SHELF-F18,19.58,48.94,3210
2024-01-25T11:20:00,1,SHELF-F18,20.59,43.01,3210
2024-01-25T11:40:00,1,SHELF-F18,19.21,57.32,3210
2024-01-25T12:00:00,1,SHELF-F18,20.50,45.63,3210
2024-01-25T12:20:00,1,SHELF-F18,21.06,52.01,3210
2024-01-25T12:40:00,1,SHELF-F18,19.93,53.87,3210
2024-01-25T13:00:00,1,SHELF-F18,19.97,43.46,3210
2024-01-25T13:20:00,1,SHELF-F18,20.88,45.75,3210
2024-01-25T13:40:00,1,SHELF-F18,20.99,51.65,3210
2024-01-25T14:00:00,1,SHELF-F18,21.23,42.52,3210
2024-01-25T14:20:00,1,SHELF-F18,21.12,49.63,3210
2024-01-25T14:40:00,1,SHELF-F18,19.71,52.75,3210
2024-01-25T15:00:00,1,SHELF-F18,19.78,49.82,3210
2024-01-25T15:20:00,1,SHELF-F18,20.98,48.57,3210
2024-01-25T15:40:00,1,SHELF-F18,19.87,45.55,3210
2024-01-25T16:00:00,1,SHELF-F18,20.82,56.50,3210
2024-01-25T16:20:00,1,SHELF-F18,20.33,45.40,3210
2024-01-25T16:40:00,1,SHELF-F18,19.91,53.64,3210
2024-01-25T17:00:00,1,SHELF-F18,20.10,54.04,3210
2024-01-25T17:20:00,1,SHELF-F18,21.62,57.41,3210
2024-01-25T17:40:00,1,SHELF-F18,20.64,48.65,3210
2024-01-25T18:00:00,1,SHELF-F18,21.85,55.59,3210
2024-01-25T18:20:00,1,SHELF-F18,20.32,56.03,3210
2024-01-25T18:40:00,1,SHELF-F18,21.57,48.47,3210
2024-01-25T19:00:00,1,SHELF-F18,22.03,56.42,3210
2024-01-25T19:20:00,1,SHELF-F18,21.75,47.88,3210
2024-01-25T19:40:00,1,SHELF-F18,20.78,53.10,3210
2024-01-25T20:00:00,1,SHELF-F18,21.35,55.06,3210
2024-01-25T20:20:00,1,SHELF-F18,21.80,51.14,3210
2024-01-25T20:40:00,1,SHELF-F18,22.18,44.39,3210
2024-01-25T21:00:00,1,SHELF-F18,21.38,53.13,3210
2024-01-25T21:20:00,1,SHELF-F18,21.59,43.76,3210
2024-01-25T21:40:00,1,SHELF-F18,21.99,46.93,3210
2024-01-25T22:00:00,1,SHELF-F18,20.64,49.27,3210
2024-01-25T22:20:00,1,SHELF-F18,22.24,50.99,3210
2024-01-25T22:40:00,1,SHELF-F18,20.60,57.62,3210
2024-01-25T23:00:00,1,SHELF-F18,21.41,54.05,3210
2024-01-25T23:20:00,1,SHELF-F18,21.54,47.40,3210
2024-01-25T23:40:00,1,SHELF-F18,20.76,53.29,3210
2024-01-26T00:00:00,1,SHELF-D12,18.34,48.80,3163
2024-01-26T00:20:00,1,SHELF-D12,18.83,45.38,3163
2024-01-26T00:40:00,1,SHELF-D12,18.60,52.31,3163
2024-01-26T01:00:00,1,SHELF-D12,19.26,42.36,3163
2024-01-26T01:20:00,1,SHELF-D12,18.74,53.21,3163
2024-01-26T01:40:00,1,SHELF-D12,19.71,43.92,3163
2024-01-26T02:00:00,1,SHELF-D12,19.92,44.93,3163
2024-01-26T02:20:00,1,SHELF-D12,18.42,48.57,3163
2024-01-26T02:40:00,1,SHELF-D12,19.77,56.58,3163
2024-01-26T03:00:00,1,SHELF-D12,19.47,54.42,3163
2024-01-26T03:20:00,1,SHELF-D12,19.41,54.34,3163
2024-01-26T03:40:00,1,SHELF-D12,19.09,52.35,3163
2024-01-26T04:00:00,1,SHELF-D12,19.17,45.49,3163
2024-01-26T04:20:00,1,SHELF-D12,19.83,52.82,3163
2024-01-26T04:40:00,1,SHELF-D12,19.92,42.75,3163
2024-01-26T05:00:00,1,SHELF-D12,19.37,45.28,3163
2024-01-26T05:20:00,1,SHELF-D12,19.26,46.87,3163
2024-01-26T05:40:00,1,SHELF-D12,20.06,53.14,3163
2024-01-26T06:00:00,1,SHELF-D12,19.94,55.90,3163
2024-01-26T06:20:00,1,SHELF-D12,19.57,49.71,3163
2024-01-26T06:40:00,1,SHELF-D12,19.36,53.87,3163
2024-01-26T07:00:00,1,SHELF-D12,19.31,57.91,3163
2024-01-26T07:20:00,1,SHELF-D12,19.33,42.35,3163
2024-01-26T07:40:00,1,SHELF-D12,20.02,46.84,3163
2024-01-26T08:00:00,1,SHELF-D12,19.08,55.25,3163
2024-01-26T08:20:00,1,SHELF-D12,20.20,42.94,3163
2024-01-26T08:40:00,1,SHELF-D12,20.10,50.98,3163
2024-01-26T09:00:00,1,SHELF-D12,20.46,54.24,3163
2024-01-26T09:20:00,1,SHELF-D12,20.02,48.42,3163
2024-01-26T09:40:00,1,SHELF-D12,20.38,42.48,3163
2024-01-26T10:00:00,1,SHELF-D12,19.84,44.99,3163
2024-01-26T10:20:00,1,SHELF-D12,19.18,43.12,3163
2024-01-26T10:40:00,1,SHELF-D12,20.58,51.25,3163
2024-01-26T11:00:00,1,SHELF-D12,21.11,56.34,3163
2024-01-26T11:20:00,1,SHELF-D12,19.21,45.07,3163
2024-01-26T11:40:00,1,SHELF-D12,20.80,51.30,3163
2024-01-26T12:00:00,1,SHELF-D12,20.84,50.14,3163
2024-01-26T12:20:00,1,SHELF-D12,20.54,52.77,3163
2024-01-26T12:40:00,1,SHELF-D12,20.44,50.58,3163
2024-01-26T13:00:00,1,SHELF-D12,19.75,43.92,3163
2024-01-26T13:20:00,1,SHELF-D12,19.74,53.24,3163
2024-01-26T13:40:00,1,SHELF-D12,21.36,54.31,3163
2024-01-26T14:00:00,1,SHELF-D12,21.10,45.73,3163
2024-01-26T14:20:00,1,SHELF-D12,19.74,53.80,3163
2024-01-26T14:40:00,1,SHELF-D12,21.40,50.54,3163
2024-01-26T15:00:00,1,SHELF-D12,21.33,46.93,3163
2024-01-26T15:20:00,1,SHELF-D12,20.21,48.48,3163
2024-01-26T15:40:00,1,SHELF-D12,20.27,42.48,3163
2024-01-26T16:00:00,1,SHELF-D12,21.24,51.46,3163
2024-01-26T16:20:00,1,SHELF-D12,21.18,52.64,3163
2024-01-26T16:40:00,1,SHELF-D12,21.75,43.39,3163
2024-01-26T17:00:00,1,SHELF-D12,21.47,57.32,3163
2024-01-26T17:20:00,1,SHELF-D12,20.54,57.83,3163
2024-01-26T17:40:00,1,SHELF-D12,21.14,42.31,3163
2024-01-26T18:00:00,1,SHELF-D12,20.62,54.40,3163
2024-01-26T18:20:00,1,SHELF-D12,21.28,48.70,3163
2024-01-26T18:40:00,1,SHELF-D12,20.11,48.09,3163
2024-01-26T19:00:00,1,SHELF-D12,20.54,51.87,3163
2024-01-26T19:20:00,1,SHELF-D12,21.82,49.03,3163
2024-01-26T19:40:00,1,SHELF-D12,20.19,46.14,3163
2024-01-26T20:00:00,1,SHELF-D12,21.52,44.60,3163
2024-01-26T20:20:00,1,SHELF-D12,22.31,45.71,3163
2024-01-26T20:40:00,1,SHELF-D12,22.13,53.88,3163
2024-01-26T21:00:00,1,SHELF-D12,20.99,54.58,3163
2024-01-26T21:20:00,1,SHELF-D12,22.06,53.16,3163
2024-01-26T21:40:00,1,SHELF-D12,22.00,53.10,3163
2024-01-26T22:00:00,1,SHELF-D12,22.20,43.21,3163
2024-01-26T22:20:00,1,SHELF-D12,22.01,43.79,3163
2024-01-26T22:40:00,1,SHELF-D12,21.50,55.76,3163
2024-01-26T23:00:00,1,SHELF-D12,20.69,52.14,3163
2024-01-26T23:20:00,1,SHELF-D12,22.59,46.34,3163
2024-01-26T23:40:00,1,SHELF-D12,21.13,43.82,3163
2024-01-26T00:00:00,1,SHELF-A19,18.86,55.82,3215
2024-01-26T00:20:00,1,SHELF-A19,19.32,56.74,3215
2024-01-26T00:40:00,1,SHELF-A19,18.01,52.41,3215
2024-01-26T01:00:00,1,SHELF-A19,18.44,54.36,3215
2024-01-26T01:20:00,1,SHELF-A19,19.77,52.53,3215
2024-01-26T01:40:00,1,SHELF-A19,19.74,52.46,3215
2024-01-26T02:00:00,1,SHELF-A19,18.24,42.02,3215
2024-01-26T02:20:00,1,SHELF-A19,19.94,54.40,3215
2024-01-26T02:40:00,1,SHELF-A19,18.29,42.87,3215
2024-01-26T03:00:00,1,SHELF-A19,19.38,44.50,3215
2024-01-26T03:20:00,1,SHELF-A19,19.44,42.68,3215
2024-01-26T03:40:00,1,SHELF-A19,19.94,45.26,3215
2024-01-26T04:00:00,1,SHELF-A19,19.33,50.63,3215
2024-01-26T04:20:00,1,SHELF-A19,19.34,56.37,3215
2024-01-26T04:40:00,1,SHELF-A19,20.23,43.05,3215
2024-01-26T05:00:00,1,SHELF-A19,18.75,44.40,3215
2024-01-26T05:20:00,1,SHELF-A19,18.76,57.13,3215
2024-01-26T05:40:00,1,SHELF-A19,19.53,52.42,3215
2024-01-26T06:00:00,1,SHELF-A19,20.10,55.33,3215
2024-01-26T06:20:00,1,SHELF-A19,20.24,47.22,3215
2024-01-26T06:40:00,1,SHELF-A19,20.45,52.57,3215
2024-01-26T07:00:00,1,SHELF-A19,18.72,44.36,3215
2024-01-26T07:20:00,1,SHELF-A19,19.70,51.27,3215
2024-01-26T07:40:00,1,SHELF-A19,19.36,51.04,3215
2024-01-26T08:00:00,1,SHELF-A19,20.09,49.47,3215
2024-01-26T08:20:00,1,SHELF-A19,19.36,43.20,3215
2024-01-26T08:40:00,1,SHELF-A19,19.89,48.77,3215
2024-01-26T09:00:00,1,SHELF-A19,20.12,43.80,3215
2024-01-26T09:20:00,1,SHELF-A19,20.13,56.31,3215
2024-01-26T09:40:00,1,SHELF-A19,20.65,44.74,3215
2024-01-26T10:00:00,1,SHELF-A19,20.00,48.27,3215
2024-01-26T10:20:00,1,SHELF-A19,19.09,42.53,3215
2024-01-26T10:40:00,1,SHELF-A19,19.32,42.27,3215
2024-01-26T11:00:00,1,SHELF-A19,20.43,49.30,3215
2024-01-26T11:20:00,1,SHELF-A19,20.45,54.87,3215
2024-01-26T11:40:00,1,SHELF-A19,21.17,48.74,3215
2024-01-26T12:00:00,1,SHELF-A19,20.65,56.12,3215
2024-01-26T12:20:00,1,SHELF-A19,19.87,45.49,3215
2024-01-26T12:40:00,1,SHELF-A19,20.91,48.10,3215
2024-01-26T13:00:00,1,SHELF-A19,20.73,52.27,3215
2024-01-26T13:20:00,1,SHELF-A19,20.10,50.35,3215
2024-01-26T13:40:00,1,SHELF-A19,21.08,49.75,3215
2024-01-26T14:00:00,1,SHELF-A19,19.57,44.86,3215
2024-01-26T14:20:00,1,SHELF-A19,21.03,46.72,3215
2024-01-26T14:40:00,1,SHELF-A19,20.88,52.52,3215
2024-01-26T15:00:00,1,SHELF-A19,20.28,52.52,3215
2024-01-26T15:20:00,1,SHELF-A19,20.43,48.53,3215
2024-01-26T15:40:00,1,SHELF-A19,19.72,43.44,3215
2024-01-26T16:00:00,1,SHELF-A19,21.66,57.31,3215
2024-01-26T16:20:00,1,SHELF-A19,20.72,45.98,3215
2024-01-26T16:40:00,1,SHELF-A19,20.17,56.55,3215
2024-01-26T17:00:00,1,SHELF-A19,21.07,48.48,3215
2024-01-26T17:20:00,1,SHELF-A19,21.57,53.27,3215
2024-01-26T17:40:00,1,SHELF-A19,20.43,48.03,3215
2024-01-26T18:00:00,1,SHELF-A19,21.58,42.01,3215
2024-01-26T18:20:00,1,SHELF-A19,21.89,46.70,3215
2024-01-26T18:40:00,1,SHELF-A19,20.81,44.13,3215
2024-01-26T19:00:00,1,SHELF-A19,21.71,53.04,3215
2024-01-26T19:20:00,1,SHELF-A19,20.27,47.68,3215
2024-01-26T19:40:00,1,SHELF-A19,21.58,48.80,3215
2024-01-26T20:00:00,1,SHELF-A19,21.31,43.27,3215
2024-01-26T20:20:00,1,SHELF-A19,21.37,49.03,3215
2024-01-26T20:40:00,1,SHELF-A19,21.04,57.07,3215
2024-01-26T21:00:00,1,SHELF-A19,21.79,57.53,3215
2024-01-26T21:20:00,1,SHELF-A19,22.18,55.23,3215
2024-01-26T21:40:00,1,SHELF-A19,20.98,56.03,3215
2024-01-26T22:00:00,1,SHELF-A19,21.58,44.35,3215
2024-01-26T22:20:00,1,SHELF-A19,21.26,53.47,3215
2024-01-26T22:40:00,1,SHELF-A19,21.46,49.97,3215
2024-01-26T23:00:00,1,SHELF-A19,21.72,46.42,3215
2024-01-26T23:20:00,1,SHELF-A19,22.11,48.58,3215
2024-01-26T23:40:00,1,SHELF-A19,22.68,57.37,3215
2024-01-26T00:00:00,1,SHELF-B19,18.66,48.10,3109
2024-01-26T00:20:00,1,SHELF-B19,19.42,51.67,3109
2024-01-26T00:40:00,1,SHELF-B19,19.06,50.46,3109
2024-01-26T01:00:00,1,SHELF-B19,18.50,43.18,3109
2024-01-26T01:20:00,1,SHELF-B19,18.68,46.97,3109
2024-01-26T01:40:00,1,SHELF-B19,19.57,57.48,3109
2024-01-26T02:00:00,1,SHELF-B19,19.77,52.67,3109
2024-01-26T02:20:00,1,SHELF-B19,18.41,53.98,3109
2024-01-26T02:40:00,1,SHELF-B19,19.96,44.98,3109
2024-01-26T03:00:00,1,SHELF-B19,19.23,44.95,3109
2024-01-26T03:20:00,1,SHELF-B19,20.11,51.02,3109
2024-01-26T03:40:00,1,SHELF-B19,18.44,48.14,3109
2024-01-26T04:00:00,1,SHELF-B19,19.10,57.46,3109
2024-01-26T04:20:00,1,SHELF-B19,20.20,51.11,3109
2024-01-26T04:40:00,1,SHELF-B19,19.12,45.03,3109
2024-01-26T05:00:00,1,SHELF-B19,19.12,51.76,3109
2024-01-26T05:20:00,1,SHELF-B19,19.61,56.24,3109
2024-01-26T05:40:00,1,SHELF-B19,19.63,55.14,3109
2024-01-26T06:00:00,1,SHELF-B19,19.73,53.80,3109
2024-01-26T06:20:00,1,SHELF-B19,20.14,53.74,3109
2024-01-26T06:40:00,1,SHELF-B19,19.05,47.13,3109
2024-01-26T07:00:00,1,SHELF-B19,19.79,49.64,3109
2024-01-26T07:20:00,1,SHELF-B19,20.63,50.90,3109
2024-01-26T07:40:00,1,SHELF-B19,19.61,49.93,3109
2024-01-26T08:00:00,1,SHELF-B19,20.03,47.95,3109
2024-01-26T08:20:00,1,SHELF-B19,20.37,42.20,3109
2024-01-26T08:40:00,1,SHELF-B19,19.05,46.08,3109
2024-01-26T09:00:00,1,SHELF-B19,19.28,50.37,3109
2024-01-26T09:20:00,1,SHELF-B19,20.67,46.02,3109
2024-01-26T09:40:00,1,SHELF-B19,20.15,45.95,3109
2024-01-26T10:00:00,1,SHELF-B19,19.71,51.65,3109
2024-01-26T10:20:00,1,SHELF-B19,20.55,57.62,3109
2024-01-26T10:40:00,1,SHELF-B19,20.26,44.48,3109
2024-01-26T11:00:00,1,SHELF-B19,19.43,42.16,3109
2024-01-26T11:20:00,1,SHELF-B19,19.19,43.06,3109
2024-01-26T11:40:00,1,SHELF-B19,19.78,52.44,3109
2024-01-26T12:00:00,1,SHELF-B19,20.62,49.46,3109
2024-01-26T12:20:00,1,SHELF-B19,20.11,55.44,3109
2024-01-26T12:40:00,1,SHELF-B19,20.76,57.10,3109
2024-01-26T13:00:00,1,SHELF-B19,21.35,46.88,3109
2024-01-26T13:20:00,1,SHELF-B19,20.74,45.63,3109
2024-01-26T13:40:00,1,SHELF-B19,19.50,46.55,3109
2024-01-26T14:00:00,1,SHELF-B19,21.43,43.13,3109
2024-01-26T14:20:00,1,SHELF-B19,20.16,42.27,3109
2024-01-26T14:40:00,1,SHELF-B19,20.59,51.20,3109
2024-01-26T15:00:00,1,SHELF-B19,20.33,56.42,3109
2024-01-26T15:20:00,1,SHELF-B19,21.37,49.52,3109
2024-01-26T15:40:00,1,SHELF-B19,19.75,51.81,3109
2024-01-26T16:00:00,1,SHELF-B19,20.68,47.24,3109
2024-01-26T16:20:00,1,SHELF-B19,21.15,46.75,3109
2024-01-26T16:40:00,1,SHELF-B19,21.29,52.67,3109
2024-01-26T17:00:00,1,SHELF-B19,21.33,46.75,3109
2024-01-26T17:20:00,1,SHELF-B19,19.96,51.94,3109
2024-01-26T17:40:00,1,SHELF-B19,21.35,44.42,3109
2024-01-26T18:00:00,1,SHELF-B19,21.09,45.74,3109
2024-01-26T18:20:00,1,SHELF-B19,21.72,42.50,3109
2024-01-26T18:40:00,1,SHELF-B19,21.92,57.89,3109
2024-01-26T19:00:00,1,SHELF-B19,21.04,57.08,3109
2024-01-26T19:20:00,1,SHELF-B19,20.39,57.09,3109
2024-01-26T19:40:00,1,SHELF-B19,21.30,51.93,3109
2024-01-26T20:00:00,1,SHELF-B19,20.56,57.00,3109
2024-01-26T20:20:00,1,SHELF-B19,22.19,55.24,3109
2024-01-26T20:40:00,1,SHELF-B19,21.40,57.56,3109
2024-01-26T21:00:00,1,SHELF-B19,22.07,52.38,3109
2024-01-26T21:20:00,1,SHELF-B19,22.15,48.44,3109
2024-01-26T21:40:00,1,SHELF-B19,20.70,42.07,3109
2024-01-26T22:00:00,1,SHELF-B19,21.51,47.83,3109
2024-01-26T22:20:00,1,SHELF-B19,21.81,42.04,3109
2024-01-26T22:40:00,1,SHELF-B19,21.79,48.54,3109
2024-01-26T23:00:00,1,SHELF-B19,22.56,48.89,3109
2024-01-26T23:20:00,1,SHELF-B19,21.35,49.68,3109
2024-01-26T23:40:00,1,SHELF-B19,22.20,52.43,3109
2024-01-26T00:00:00,1,SHELF-E06,19.09,54.34,3237
2024-01-26T00:20:00,1,SHELF-E06,19.51,42.11,3237
2024-01-26T00:40:00,1,SHELF-E06,18.30,57.03,3237
2024-01-26T01:00:00,1,SHELF-E06,18.91,43.93,3237
2024-01-26T01:20:00,1,SHELF-E06,18.26,45.61,3237
2024-01-26T01:40:00,1,SHELF-E06,18.08,45.11,3237
2024-01-26T02:00:00,1,SHELF-E06,19.38,47.05,3237
2024-01-26T02:20:00,1,SHELF-E06,18.87,42.20,3237
2024-01-26T02:40:00,1,SHELF-E06,19.05,49.93,3237
2024-01-26T03:00:00,1,SHELF-E06,19.47,43.17,3237
2024-01-26T03:20:00,1,SHELF-E06,20.16,47.59,3237
2024-01-26T03:40:00,1,SHELF-E06,18.63,43.38,3237
2024-01-26T04:00:00,1,SHELF-E06,19.46,52.61,3237
2024-01-26T04:20:00,1,SHELF-E06,20.24,44.35,3237
2024-01-26T04:40:00,1,SHELF-E06,18.97,51.95,3237
2024-01-26T05:00:00,1,SHELF-E06,20.10,51.56,3237
2024-01-26T05:20:00,1,SHELF-E06,18.57,45.17,3237
2024-01-26T05:40:00,1,SHELF-E06,19.40,45.36,3237
2024-01-26T06:00:00,1,SHELF-E06,18.64,46.77,3237
2024-01-26T06:20:00,1,SHELF-E06,18.93,46.70,3237
2024-01-26T06:40:00,1,SHELF-E06,20.55,46.40,3237
2024-01-26T07:00:00,1,SHELF-E06,19.58,50.80,3237
2024-01-26T07:20:00,1,SHELF-E06,18.68,46.33,3237
2024-01-26T07:40:00,1,SHELF-E06,19.55,49.10,3237
2024-01-26T08:00:00,1,SHELF-E06,20.73,48.66,3237
2024-01-26T08:20:00,1,SHELF-E06,19.07,45.61,3237
2024-01-26T08:40:00,1,SHELF-E06,20.78,56.77,3237
2024-01-26T09:00:00,1,SHELF-E06,20.70,53.07,3237
2024-01-26T09:20:00,1,SHELF-E06,19.87,47.14,3237
2024-01-26T09:40:00,1,SHELF-E06,20.49,51.73,3237
2024-01-26T10:00:00,1,SHELF-E06,20.63,52.08,3237
2024-01-26T10:20:00,1,SHELF-E06,21.01,53.01,3237
2024-01-26T10:40:00,1,SHELF-E06,20.76,57.60,3237
2024-01-26T11:00:00,1,SHELF-E06,19.36,53.12,3237
2024-01-26T11:20:00,1,SHELF-E06,21.10,44.66,3237
2024-01-26T11:40:00,1,SHELF-E06,20.26,47.55,3237
2024-01-26T12:00:00,1,SHELF-E06,19.84,48.14,3237
2024-01-26T12:20:00,1,SHELF-E06,21.25,42.59,3237
2024-01-26T12:40:00,1,SHELF-E06,20.94,50.93,3237
2024-01-26T13:00:00,1,SHELF-E06,20.14,42.02,3237
2024-01-26T13:20:00,1,SHELF-E06,20.13,53.87,3237
2024-01-26T13:40:00,1,SHELF-E06,20.89,54.92,3237
2024-01-26T14:00:00,1,SHELF-E06,20.20,55.36,3237
2024-01-26T14:20:00,1,SHELF-E06,20.08,53.49,3237
2024-01-26T14:40:00,1,SHELF-E06,20.80,52.71,3237
2024-01-26T15:00:00,1,SHELF-E06,20.18,52.66,3237
2024-01-26T15:20:00,1,SHELF-E06,21.53,42.75,3237
2024-01-26T15:40:00,1,SHELF-E06,20.67,49.56,3237
2024-01-26T16:00:00,1,SHELF-E06,19.91,42.18,3237
2024-01-26T16:20:00,1,SHELF-E06,20.30,55.26,3237
2024-01-26T16:40:00,1,SHELF-E06,19.83,46.98,3237
2024-01-26T17:00:00,1,SHELF-E06,21.72,43.88,3237
2024-01-26T17:20:00,1,SHELF-E06,20.49,42.29,3237
2024-01-26T17:40:00,1,SHELF-E06,21.45,51.67,3237
2024-01-26T18:00:00,1,SHELF-E06,21.63,50.73,3237
2024-01-26T18:20:00,1,SHELF-E06,20.41,54.87,3237
2024-01-26T18:40:00,1,SHELF-E06,20.11,45.34,3237
2024-01-26T19:00:00,1,SHELF-E06,20.95,54.30,3237
2024-01-26T19:20:00,1,SHELF-E06,21.72,53.81,3237
2024-01-26T19:40:00,1,SHELF-E06,20.26,50.22,3237
2024-01-26T20:00:00,1,SHELF-E06,22.14,50.70,3237
2024-01-26T20:20:00,1,SHELF-E06,21.11,57.18,3237
2024-01-26T20:40:00,1,SHELF-E06,21.56,53.09,3237
2024-01-26T21:00:00,1,SHELF-E06,20.47,49.12,3237
2024-01-26T21:20:00,1,SHELF-E06,21.51,44.42,3237
2024-01-26T21:40:00,1,SHELF-E06,21.08,51.73,3237
2024-01-26T22:00:00,1,SHELF-E06,21.23,57.53,3237
2024-01-26T22:20:00,1,SHELF-E06,21.32,53.07,3237
2024-01-26T22:40:00,1,SHELF-E06,21.98,45.31,3237
2024-01-26T23:00:00,1,SHELF-E06,21.09,45.79,3237
2024-01-26T23:20:00,1,SHELF-E06,22.12,44.11,3237
2024-01-26T23:40:00,1,SHELF-E06,20.79,45.04,3237
2024-01-26T00:00:00,1,SHELF-F18,18.41,55.60,3169
2024-01-26T00:20:00,1,SHELF-F18,18.81,50.12,3169
2024-01-26T00:40:00,1,SHELF-F18,17.91,54.30,3169
2024-01-26T01:00:00,1,SHELF-F18,18.80,42.68,3169
2024-01-26T01:20:00,1,SHELF-F18,19.37,51.68,3169
2024-01-26T01:40:00,1,SHELF-F18,18.90,57.50,3169
2024-01-26T02:00:00,1,SHELF-F18,19.25,42.66,3169
2024-01-26T02:20:00,1,SHELF-F18,19.42,43.88,3169
2024-01-26T02:40:00,1,SHELF-F18,19.46,43.48,3169
2024-01-26T03:00:00,1,SHELF-F18,19.86,55.16,3169
2024-01-26T03:20:00,1,SHELF-F18,19.44,57.67,3169
2024-01-26T03:40:00,1,SHELF-F18,19.91,43.26,3169
2024-01-26T04:00:00,1,SHELF-F18,18.71,55.70,3169
2024-01-26T04:20:00,1,SHELF-F18,18.60,48.24,3169
2024-01-26T04:40:00,1,SHELF-F18,18.51,47.36,3169
2024-01-26T05:00:00,1,SHELF-F18,18.98,47.42,3169
2024-01-26T05:20:00,1,SHELF-F18,18.53,44.61,3169
2024-01-26T05:40:00,1,SHELF-F18,19.23,44.98,3169
2024-01-26T06:00:00,1,SHELF-F18,18.80,51.50,3169
2024-01-26T06:20:00,1,SHELF-F18,19.36,46.72,3169
2024-01-26T06:40:00,1,SHELF-F18,19.47,52.94,3169
2024-01-26T07:00:00,1,SHELF-F18,20.66,44.35,3169
2024-01-26T07:20:00,1,SHELF-F18,19.31,51.61,3169
2024-01-26T07:40:00,1,SHELF-F18,19.62,42.11,3169
2024-01-26T08:00:00,1,SHELF-F18,19.76,46.36,3169
2024-01-26T08:20:00,1,SHELF-F18,20.23,46.74,3169
2024-01-26T08:40:00,1,SHELF-F18,20.26,57.34,3169
2024-01-26T09:00:00,1,SHELF-F18,19.05,50.51,3169
2024-01-26T09:20:00,1,SHELF-F18,20.72,54.36,3169
2024-01-26T09:40:00,1,SHELF-F18,20.77,56.33,3169
2024-01-26T10:00:00,1,SHELF-F18,19.22,54.01,3169
2024-01-26T10:20:00,1,SHELF-F18,19.64,53.93,3169
2024-01-26T10:40:00,1,SHELF-F18,20.70,51.16,3169
2024-01-26T11:00:00,1,SHELF-F18,20.64,51.23,3169
2024-01-26T11:20:00,1,SHELF-F18,20.03,54.68,3169
2024-01-26T11:40:00,1,SHELF-F18,20.79,57.96,3169
2024-01-26T12:00:00,1,SHELF-F18,19.57,48.52,3169
2024-01-26T12:20:00,1,SHELF-F18,19.80,53.25,3169
2024-01-26T12:40:00,1,SHELF-F18,20.46,56.77,3169
2024-01-26T13:00:00,1,SHELF-F18,20.16,57.62,3169
2024-01-26T13:20:00,1,SHELF-F18,19.71,48.15,3169
2024-01-26T13:40:00,1,SHELF-F18,20.91,46.82,3169
2024-01-26T14:00:00,1,SHELF-F18,19.82,49.78,3169
2024-01-26T14:20:00,1,SHELF-F18,20.67,49.17,3169
2024-01-26T14:40:00,1,SHELF-F18,19.99,48.21,3169
2024-01-26T15:00:00,1,SHELF-F18,20.49,47.29,3169
2024-01-26T15:20:00,1,SHELF-F18,21.31,48.29,3169
2024-01-26T15:40:00,1,SHELF-F18,19.77,48.33,3169
2024-01-26T16:00:00,1,SHELF-F18,20.68,42.13,3169
2024-01-26T16:20:00,1,SHELF-F18,19.90,53.69,3169
2024-01-26T16:40:00,1,SHELF-F18,21.58,43.40,3169
2024-01-26T17:00:00,1,SHELF-F18,21.20,46.26,3169
2024-01-26T17:20:00,1,SHELF-F18,19.95,50.72,3169
2024-01-26T17:40:00,1,SHELF-F18,20.17,55.75,3169
2024-01-26T18:00:00,1,SHELF-F18,21.23,51.48,3169
2024-01-26T18:20:00,1,SHELF-F18,22.03,42.94,3169
2024-01-26T18:40:00,1,SHELF-F18,21.54,52.23,3169
2024-01-26T19:00:00,1,SHELF-F18,20.47,44.16,3169
2024-01-26T19:20:00,1,SHELF-F18,21.40,47.42,3169
2024-01-26T19:40:00,1,SHELF-F18,21.56,54.28,3169
2024-01-26T20:00:00,1,SHELF-F18,21.23,47.94,3169
2024-01-26T20:20:00,1,SHELF-F18,21.24,51.56,3169
2024-01-26T20:40:00,1,SHELF-F18,20.77,43.79,3169
2024-01-26T21:00:00,1,SHELF-F18,21.73,44.99,3169
2024-01-26T21:20:00,1,SHELF-F18,21.22,42.79,3169
2024-01-26T21:40:00,1,SHELF-F18,21.87,48.89,3169
2024-01-26T22:00:00,1,SHELF-F18,20.82,57.47,3169
2024-01-26T22:20:00,1,SHELF-F18,21.26,55.04,3169
2024-01-26T22:40:00,1,SHELF-F18,21.54,46.72,3169
2024-01-26T23:00:00,1,SHELF-F18,21.33,54.98,3169
2024-01-26T23:20:00,1,SHELF-F18,22.65,51.45,3169
2024-01-26T23:40:00,1,SHELF-F18,20.96,47.10,3169
2024-01-27T00:00:00,1,SHELF-D12,18.92,51.68,3239
2024-01-27T00:20:00,1,SHELF-D12,19.19,56.81,3239
2024-01-27T00:40:00,1,SHELF-D12,18.26,43.45,3239
2024-01-27T01:00:00,1,SHELF-D12,19.05,52.09,3239
2024-01-27T01:20:00,1,SHELF-D12,18.17,50.77,3239
2024-01-27T01:40:00,1,SHELF-D12,18.71,52.07,3239
2024-01-27T02:00:00,1,SHELF-D12,19.12,46.53,3239
2024-01-27T02:20:00,1,SHELF-D12,19.74,46.53,3239
2024-01-27T02:40:00,1,SHELF-D12,18.72,57.69,3239
2024-01-27T03:00:00,1,SHELF-D12,18.50,44.69,3239
2024-01-27T03:20:00,1,SHELF-D12,19.77,47.94,3239
2024-01-27T03:40:00,1,SHELF-D12,18.43,51.86,3239
2024-01-27T04:00:00,1,SHELF-D12,18.41,53.19,3239
2024-01-27T04:20:00,1,SHELF-D12,19.07,45.76,3239
2024-01-27T04:40:00,1,SHELF-D12,19.93,43.64,3239
2024-01-27T05:00:00,1,SHELF-D12,19.27,44.23,3239
2024-01-27T05:20:00,1,SHELF-D12,19.52,42.49,3239
2024-01-27T05:40:00,1,SHELF-D12,18.45,49.18,3239
2024-01-27T06:00:00,1,SHELF-D12,19.84,54.12,3239
2024-01-27T06:20:00,1,SHELF-D12,20.36,48.50,3239
2024-01-27T06:40:00,1,SHELF-D12,18.82,47.65,3239
2024-01-27T07:00:00,1,SHELF-D12,20.67,47.86,3239
2024-01-27T07:20:00,1,SHELF-D12,19.41,43.14,3239
2024-01-27T07:40:00,1,SHELF-D12,20.59,52.89,3239
2024-01-27T08:00:00,1,SHELF-D12,18.94,45.69,3239
2024-01-27T08:20:00,1,SHELF-D12,20.26,57.22,3239
2024-01-27T08:40:00,1,SHELF-D12,19.65,54.94,3239
2024-01-27T09:00:00,1,SHELF-D12,19.56,42.86,3239
2024-01-27T09:20:00,1,SHELF-D12,19.99,51.15,3239
2024-01-27T09:40:00,1,SHELF-D12,19.68,44.87,3239
2024-01-27T10:00:00,1,SHELF-D12,19.66,45.35,3239
2024-01-27T10:20:00,1,SHELF-D12,20.24,46.92,3239
2024-01-27T10:40:00,1,SHELF-D12,20.19,42.91,3239
2024-01-27T11:00:00,1,SHELF-D12,19.93,46.23,3239
2024-01-27T11:20:00,1,SHELF-D12,20.67,45.42,3239
2024-01-27T11:40:00,1,SHELF-D12,20.54,47.12,3239
2024-01-27T12:00:00,1,SHELF-D12,21.19,56.69,3239
2024-01-27T12:20:00,1,SHELF-D12,20.47,47.11,3239
2024-01-27T12:40:00,1,SHELF-D12,20.23,51.16,3239
2024-01-27T13:00:00,1,SHELF-D12,20.90,54.14,3239
2024-01-27T13:20:00,1,SHELF-D12,21.30,52.20,3239
2024-01-27T13:40:00,1,SHELF-D12,20.50,48.96,3239
2024-01-27T14:00:00,1,SHELF-D12,21.04,46.81,3239
2024-01-27T14:20:00,1,SHELF-D12,20.99,51.29,3239
2024-01-27T14:40:00,1,SHELF-D12,20.42,48.21,3239
2024-01-27T15:00:00,1,SHELF-D12,19.93,45.76,3239
2024-01-27T15:20:00,1,SHELF-D12,21.44,53.42,3239
2024-01-27T15:40:00,1,SHELF-D12,20.67,52.04,3239
2024-01-27T16:00:00,1,SHELF-D12,20.93,48.34,3239
2024-01-27T16:20:00,1,SHELF-D12,21.72,47.99,3239
2024-01-27T16:40:00,1,SHELF-D12,20.75,54.35,3239
2024-01-27T17:00:00,1,SHELF-D12,21.87,57.90,3239
2024-01-27T17:20:00,1,SHELF-D12,21.32,55.56,3239
2024-01-27T17:40:00,1,SHELF-D12,21.54,43.42,3239
2024-01-27T18:00:00,1,SHELF-D12,20.59,55.69,3239
2024-01-27T18:20:00,1,SHELF-D12,21.67,43.60,3239
2024-01-27T18:40:00,1,SHELF-D12,20.43,42.41,3239
2024-01-27T19:00:00,1,SHELF-D12,20.90,49.82,3239
2024-01-27T19:20:00,1,SHELF-D12,20.62,55.60,3239
2024-01-27T19:40:00,1,SHELF-D12,20.47,53.30,3239
2024-01-27T20:00:00,1,SHELF-D12,21.70,45.40,3239
2024-01-27T20:20:00,1,SHELF-D12,21.67,45.37,3239
2024-01-27T20:40:00,1,SHELF-D12,22.30,48.48,3239
2024-01-27T21:00:00,1,SHELF-D12,20.95,44.98,3239
2024-01-27T21:20:00,1,SHELF-D12,21.55,44.13,3239
2024-01-27T21:40:00,1,SHELF-D12,20.91,44.62,3239
2024-01-27T22:00:00,1,SHELF-D12,21.35,54.86,3239
2024-01-27T22:20:00,1,SHELF-D12,22.49,48.02,3239
2024-01-27T22:40:00,1,SHELF-D12,22.28,52.44,3239
2024-01-27T23:00:00,1,SHELF-D12,21.20,49.03,3239
2024-01-27T23:20:00,1,SHELF-D12,22.52,51.95,3239
2024-01-27T23:40:00,1,SHELF-D12,22.10,45.58,3239
2024-01-27T00:00:00,1,SHELF-A19,19.54,52.43,3184
2024-01-27T00:20:00,1,SHELF-A19,17.90,45.81,3184
2024-01-27T00:40:00,1,SHELF-A19,18.17,51.20,3184
2024-01-27T01:00:00,1,SHELF-A19,18.44,57.87,3184
2024-01-27T01:20:00,1,SHELF-A19,18.06,51.87,3184
2024-01-27T01:40:00,1,SHELF-A19,18.39,54.77,3184
2024-01-27T02:00:00,1,SHELF-A19,19.09,46.69,3184
2024-01-27T02:20:00,1,SHELF-A19,18.48,46.75,3184
2024-01-27T02:40:00,1,SHELF-A19,19.38,51.67,3184
2024-01-27T03:00:00,1,SHELF-A19,19.23,56.23,3184
2024-01-27T03:20:00,1,SHELF-A19,18.20,52.76,3184
2024-01-27T03:40:00,1,SHELF-A19,18.85,47.14,3184
2024-01-27T04:00:00,1,SHELF-A19,18.48,55.48,3184
2024-01-27T04:20:00,1,SHELF-A19,19.69,44.03,3184
2024-01-27T04:40:00,1,SHELF-A19,19.09,56.64,3184
2024-01-27T05:00:00,1,SHELF-A19,19.32,48.98,3184
2024-01-27T05:20:00,1,SHELF-A19,19.81,51.96,3184
2024-01-27T05:40:00,1,SHELF-A19,18.84,57.35,3184
2024-01-27T06:00:00,1,SHELF-A19,18.81,42.06,3184
2024-01-27T06:20:00,1,SHELF-A19,20.22,54.62,3184
2024-01-27T06:40:00,1,SHELF-A19,20.53,45.42,3184
2024-01-27T07:00:00,1,SHELF-A19,18.99,54.38,3184
2024-01-27T07:20:00,1,SHELF-A19,19.55,52.01,3184
2024-01-27T07:40:00,1,SHELF-A19,20.24,56.62,3184
2024-01-27T08:00:00,1,SHELF-A19,19.79,49.48,3184
2024-01-27T08:20:00,1,SHELF-A19,19.24,57.03,3184
2024-01-27T08:40:00,1,SHELF-A19,19.64,53.62,3184
2024-01-27T09:00:00,1,SHELF-A19,20.33,42.54,3184
2024-01-27T09:20:00,1,SHELF-A19,19.73,56.86,3184
2024-01-27T09:40:00,1,SHELF-A19,20.39,42.45,3184
2024-01-27T10:00:00,1,SHELF-A19,20.66,42.06,3184
2024-01-27T10:20:00,1,SHELF-A19,20.17,42.84,3184
2024-01-27T10:40:00,1,SHELF-A19,19.81,42.55,3184
2024-01-27T11:00:00,1,SHELF-A19,20.41,44.71,3184
2024-01-27T11:20:00,1,SHELF-A19,20.19,46.87,3184
2024-01-27T11:40:00,1,SHELF-A19,20.44,43.36,3184
2024-01-27T12:00:00,1,SHELF-A19,20.96,52.25,3184
2024-01-27T12:20:00,1,SHELF-A19,20.89,46.76,3184
2024-01-27T12:40:00,1,SHELF-A19,19.41,56.36,3184
2024-01-27T13:00:00,1,SHELF-A19,19.97,52.81,3184
2024-01-27T13:20:00,1,SHELF-A19,21.17,49.57,3184
2024-01-27T13:40:00,1,SHELF-A19,20.95,50.10,3184
2024-01-27T14:00:00,1,SHELF-A19,20.41,48.72,3184
2024-01-27T14:20:00,1,SHELF-A19,20.30,56.82,3184
2024-01-27T14:40:00,1,SHELF-A19,21.24,48.88,3184
2024-01-27T15:00:00,1,SHELF-A19,20.00,55.48,3184
2024-01-27T15:20:00,1,SHELF-A19,20.17,48.48,3184
2024-01-27T15:40:00,1,SHELF-A19,21.29,52.60,3184
2024-01-27T16:00:00,1,SHELF-A19,20.52,55.55,3184
2024-01-27T16:20:00,1,SHELF-A19,21.43,48.46,3184
2024-01-27T16:40:00,1,SHELF-A19,21.72,46.20,3184
2024-01-27T17:00:00,1,SHELF-A19,20.76,43.14,3184
2024-01-27T17:20:00,1,SHELF-A19,21.08,46.28,3184
2024-01-27T17:40:00,1,SHELF-A19,21.12,52.33,3184
2024-01-27T18:00:00,1,SHELF-A19,20.48,50.36,3184
2024-01-27T18:20:00,1,SHELF-A19,20.49,51.39,3184
2024-01-27T18:40:00,1,SHELF-A19,21.60,52.87,3184
2024-01-27T19:00:00,1,SHELF-A19,21.68,55.42,3184
2024-01-27T19:20:00,1,SHELF-A19,21.60,55.47,3184
2024-01-27T19:40:00,1,SHELF-A19,21.38,43.24,3184
2024-01-27T20:00:00,1,SHELF-A19,21.51,53.30,3184
2024-01-27T20:20:00,1,SHELF-A19,21.16,51.43,3184
2024-01-27T20:40:00,1,SHELF-A19,21.55,47.04,3184
2024-01-27T21:00:00,1,SHELF-A19,21.06,55.87,3184
2024-01-27T21:20:00,1,SHELF-A19,21.63,54.81,3184
2024-01-27T21:40:00,1,SHELF-A19,20.85,55.18,3184
2024-01-27T22:00:00,1,SHELF-A19,22.11,48.98,3184
2024-01-27T22:20:00,1,SHELF-A19,20.99,44.11,3184
2024-01-27T22:40:00,1,SHELF-A19,21.00,51.45,3184
2024-01-27T23:00:00,1,SHELF-A19,22.47,43.62,3184
2024-01-27T23:20:00,1,SHELF-A19,20.88,53.50,3184
2024-01-27T23:40:00,1,SHELF-A19,21.85,56.95,3184
2024-01-27T00:00:00,1,SHELF-B19,19.42,43.19,3184
2024-01-27T00:20:00,1,SHELF-B19,19.54,43.67,3184
2024-01-27T00:40:00,1,SHELF-B19,19.04,51.00,3184
2024-01-27T01:00:00,1,SHELF-B19,18.61,46.02,3184
2024-01-27T01:20:00,1,SHELF-B19,17.94,43.17,3184
2024-01-27T01:40:00,1,SHELF-B19,19.30,48.99,3184
2024-01-27T02:00:00,1,SHELF-B19,19.46,56.71,3184
2024-01-27T02:20:00,1,SHELF-B19,18.38,56.55,3184
2024-01-27T02:40:00,1,SHELF-B19,19.69,57.55,3184
2024-01-27T03:00:00,1,SHELF-B19,19.59,46.87,3184
2024-01-27T03:20:00,1,SHELF-B19,19.18,44.76,3184
2024-01-27T03:40:00,1,SHELF-B19,19.96,52.19,3184
2024-01-27T04:00:00,1,SHELF-B19,18.99,53.44,3184
2024-01-27T04:20:00,1,SHELF-B19,19.80,53.14,3184
2024-01-27T04:40:00,1,SHELF-B19,18.44,50.21,3184
2024-01-27T05:00:00,1,SHELF-B19,19.44,44.26,3184
2024-01-27T05:20:00,1,SHELF-B19,20.36,45.28,3184
2024-01-27T05:40:00,1,SHELF-B19,19.48,50.74,3184
2024-01-27T06:00:00,1,SHELF-B19,19.52,47.28,3184
2024-01-27T06:20:00,1,SHELF-B19,19.65,55.57,3184
2024-01-27T06:40:00,1,SHELF-B19,18.69,50.35,3184
2024-01-27T07:00:00,1,SHELF-B19,19.45,43.23,3184
2024-01-27T07:20:00,1,SHELF-B19,20.15,53.17,3184
2024-01-27T07:40:00,1,SHELF-B19,19.19,52.28,3184
2024-01-27T08:00:00,1,SHELF-B19,19.61,49.48,3184
2024-01-27T08:20:00,1,SHELF-B19,20.77,51.59,3184
2024-01-27T08:40:00,1,SHELF-B19,20.75,57.50,3184
2024-01-27T09:00:00,1,SHELF-B19,19.72,54.05,3184
2024-01-27T09:20:00,1,SHELF-B19,19.58,48.85,3184
2024-01-27T09:40:00,1,SHELF-B19,19.82,46.31,3184
2024-01-27T10:00:00,1,SHELF-B19,20.61,48.19,3184
2024-01-27T10:20:00,1,SHELF-B19,20.82,50.67,3184
2024-01-27T10:40:00,1,SHELF-B19,21.00,55.70,3184
2024-01-27T11:00:00,1,SHELF-B19,20.90,49.12,3184
2024-01-27T11:20:00,1,SHELF-B19,19.59,54.86,3184
2024-01-27T11:40:00,1,SHELF-B19,19.28,50.69,3184
2024-01-27T12:00:00,1,SHELF-B19,20.46,44.25,3184
2024-01-27T12:20:00,1,SHELF-B19,19.48,48.41,3184
2024-01-27T12:40:00,1,SHELF-B19,19.32,48.70,3184
2024-01-27T13:00:00,1,SHELF-B19,20.15,47.10,3184
2024-01-27T13:20:00,1,SHELF-B19,20.33,50.11,3184
2024-01-27T13:40:00,1,SHELF-B19,21.33,47.29,3184
2024-01-27T14:00:00,1,SHELF-B19,20.89,50.36,3184
2024-01-27T14:20:00,1,SHELF-B19,20.35,47.24,3184
2024-01-27T14:40:00,1,SHELF-B19,21.07,56.22,3184
2024-01-27T15:00:00,1,SHELF-B19,20.39,57.86,3184
2024-01-27T15:20:00,1,SHELF-B19,20.03,49.52,3184
2024-01-27T15:40:00,1,SHELF-B19,20.23,42.11,3184
2024-01-27T16:00:00,1,SHELF-B19,20.58,49.14,3184
2024-01-27T16:20:00,1,SHELF-B19,20.85,54.95,3184
2024-01-27T16:40:00,1,SHELF-B19,21.42,55.69,3184
2024-01-27T17:00:00,1,SHELF-B19,20.52,42.92,3184
2024-01-27T17:20:00,1,SHELF-B19,20.08,48.12,3184
2024-01-27T17:40:00,1,SHELF-B19,20.44,43.70,3184
2024-01-27T18:00:00,1,SHELF-B19,20.41,46.11,3184
2024-01-27T18:20:00,1,SHELF-B19,20.66,43.10,3184
2024-01-27T18:40:00,1,SHELF-B19,21.08,51.79,3184
2024-01-27T19:00:00,1,SHELF-B19,22.05,42.08,3184
2024-01-27T19:20:00,1,SHELF-B19,21.79,55.33,3184
2024-01-27T19:40:00,1,SHELF-B19,20.59,48.50,3184
2024-01-27T20:00:00,1,SHELF-B19,21.38,48.81,3184
2024-01-27T20:20:00,1,SHELF-B19,21.33,45.73,3184
2024-01-27T20:40:00,1,SHELF-B19,20.94,49.52,3184
2024-01-27T21:00:00,1,SHELF-B19,20.52,43.02,3184
2024-01-27T21:20:00,1,SHELF-B19,20.47,45.92,3184
2024-01-27T21:40:00,1,SHELF-B19,20.82,56.11,3184
2024-01-27T22:00:00,1,SHELF-B19,21.15,56.99,3184
2024-01-27T22:20:00,1,SHELF-B19,20.87,45.39,3184
2024-01-27T22:40:00,1,SHELF-B19,21.84,42.97,3184
2024-01-27T23:00:00,1,SHELF-B19,20.77,53.10,3184
2024-01-27T23:20:00,1,SHELF-B19,22.15,50.65,3184
2024-01-27T23:40:00,1,SHELF-B19,22.15,45.57,3184
2024-01-27T00:00:00,1,SHELF-E06,19.36,46.45,3203
2024-01-27T00:20:00,1,SHELF-E06,17.95,46.31,3203
2024-01-27T00:40:00,1,SHELF-E06,18.96,51.34,3203
2024-01-27T01:00:00,1,SHELF-E06,18.80,43.06,3203
2024-01-27T01:20:00,1,SHELF-E06,19.15,51.54,3203
2024-01-27T01:40:00,1,SHELF-E06,19.67,56.71,3203
2024-01-27T02:00:00,1,SHELF-E06,19.85,56.04,3203
2024-01-27T02:20:00,1,SHELF-E06,18.33,46.36,3203
2024-01-27T02:40:00,1,SHELF-E06,20.04,50.88,3203
2024-01-27T03:00:00,1,SHELF-E06,18.40,47.80,3203
2024-01-27T03:20:00,1,SHELF-E06,19.40,50.43,3203
2024-01-27T03:40:00,1,SHELF-E06,18.78,56.63,3203
2024-01-27T04:00:00,1,SHELF-E06,19.24,47.66,3203
2024-01-27T04:20:00,1,SHELF-E06,19.85,54.03,3203
2024-01-27T04:40:00,1,SHELF-E06,19.29,57.81,3203
2024-01-27T05:00:00,1,SHELF-E06,20.38,42.23,3203
2024-01-27T05:20:00,1,SHELF-E06,19.08,52.24,3203
2024-01-27T05:40:00,1,SHELF-E06,20.34,51.17,3203
2024-01-27T06:00:00,1,SHELF-E06,19.91,56.21,3203
2024-01-27T06:20:00,1,SHELF-E06,19.73,52.05,3203
2024-01-27T06:40:00,1,SHELF-E06,19.65,44.25,3203
2024-01-27T07:00:00,1,SHELF-E06,20.65,42.02,3203
2024-01-27T07:20:00,1,SHELF-E06,20.12,46.02,3203
2024-01-27T07:40:00,1,SHELF-E06,18.98,55.95,3203
2024-01-27T08:00:00,1,SHELF-E06,20.52,54.82,3203
2024-01-27T08:20:00,1,SHELF-E06,20.75,47.66,3203
2024-01-27T08:40:00,1,SHELF-E06,19.87,57.60,3203
2024-01-27T09:00:00,1,SHELF-E06,19.21,50.33,3203
2024-01-27T09:20:00,1,SHELF-E06,20.15,55.94,3203
2024-01-27T09:40:00,1,SHELF-E06,19.87,55.51,3203
2024-01-27T10:00:00,1,SHELF-E06,19.36,45.64,3203
2024-01-27T10:20:00,1,SHELF-E06,20.18,49.04,3203
2024-01-27T10:40:00,1,SHELF-E06,19.98,46.57,3203
2024-01-27T11:00:00,1,SHELF-E06,20.06,47.80,3203
2024-01-27T11:20:00,1,SHELF-E06,19.91,57.18,3203
2024-01-27T11:40:00,1,SHELF-E06,20.50,43.07,3203
2024-01-27T12:00:00,1,SHELF-E06,21.11,53.81,3203
2024-01-27T12:20:00,1,SHELF-E06,21.29,52.99,3203
2024-01-27T12:40:00,1,SHELF-E06,20.75,45.22,3203
2024-01-27T13:00:00,1,SHELF-E06,20.43,54.07,3203
2024-01-27T13:20:00,1,SHELF-E06,19.69,51.70,3203
2024-01-27T13:40:00,1,SHELF-E06,21.01,50.32,3203
2024-01-27T14:00:00,1,SHELF-E06,20.35,50.23,3203
2024-01-27T14:20:00,1,SHELF-E06,21.43,43.70,3203
2024-01-27T14:40:00,1,SHELF-E06,20.40,45.92,3203
2024-01-27T15:00:00,1,SHELF-E06,21.22,44.69,3203
2024-01-27T15:20:00,1,SHELF-E06,21.47,42.50,3203
2024-01-27T15:40:00,1,SHELF-E06,20.97,53.56,3203
2024-01-27T16:00:00,1,SHELF-E06,20.56,51.96,3203
2024-01-27T16:20:00,1,SHELF-E06,20.37,49.35,3203
2024-01-27T16:40:00,1,SHELF-E06,21.48,46.68,3203
2024-01-27T17:00:00,1,SHELF-E06,20.97,43.58,3203
2024-01-27T17:20:00,1,SHELF-E06,21.90,45.08,3203
2024-01-27T17:40:00,1,SHELF-E06,19.94,48.45,3203
2024-01-27T18:00:00,1,SHELF-E06,21.74,45.42,3203
2024-01-27T18:20:00,1,SHELF-E06,21.99,56.64,3203
2024-01-27T18:40:00,1,SHELF-E06,20.23,43.48,3203
2024-01-27T19:00:00,1,SHELF-E06,21.81,56.77,3203
2024-01-27T19:20:00,1,SHELF-E06,21.78,43.45,3203
2024-01-27T19:40:00,1,SHELF-E06,21.26,44.39,3203
2024-01-27T20:00:00,1,SHELF-E06,21.87,56.18,3203
2024-01-27T20:20:00,1,SHELF-E06,21.95,55.15,3203
2024-01-27T20:40:00,1,SHELF-E06,21.43,48.63,3203
2024-01-27T21:00:00,1,SHELF-E06,21.53,55.38,3203
2024-01-27T21:20:00,1,SHELF-E06,22.30,56.85,3203
2024-01-27T21:40:00,1,SHELF-E06,20.90,49.36,3203
2024-01-27T22:00:00,1,SHELF-E06,20.85,52.46,3203
2024-01-27T22:20:00,1,SHELF-E06,20.80,51.99,3203
2024-01-27T22:40:00,1,SHELF-E06,22.45,42.43,3203
2024-01-27T23:00:00,1,SHELF-E06,20.99,44.74,3203
2024-01-27T23:20:00,1,SHELF-E06,21.63,55.24,3203
2024-01-27T23:40:00,1,SHELF-E06,20.80,53.33,3203
2024-01-27T00:00:00,1,SHELF-F18,19.76,47.06,3243
2024-01-27T00:20:00,1,SHELF-F18,18.35,54.79,3243
2024-01-27T00:40:00,1,SHELF-F18,18.89,52.20,3243
2024-01-27T01:00:00,1,SHELF-F18,18.04,56.22,3243
2024-01-27T01:20:00,1,SHELF-F18,18.49,49.46,3243
2024-01-27T01:40:00,1,SHELF-F18,18.83,47.17,3243
2024-01-27T02:00:00,1,SHELF-F18,18.58,52.03,3243
2024-01-27T02:20:00,1,SHELF-F18,18.95,49.94,3243
2024-01-27T02:40:00,1,SHELF-F18,18.69,51.49,3243
2024-01-27T03:00:00,1,SHELF-F18,18.34,55.10,3243
2024-01-27T03:20:00,1,SHELF-F18,19.91,50.65,3243
2024-01-27T03:40:00,1,SHELF-F18,19.55,55.49,3243
2024-01-27T04:00:00,1,SHELF-F18,19.81,49.40,3243
2024-01-27T04:20:00,1,SHELF-F18,18.44,51.33,3243
2024-01-27T04:40:00,1,SHELF-F18,18.95,51.64,3243
2024-01-27T05:00:00,1,SHELF-F18,19.55,46.84,3243
2024-01-27T05:20:00,1,SHELF-F18,19.45,51.74,3243
2024-01-27T05:40:00,1,SHELF-F18,19.86,48.25,3243
2024-01-27T06:00:00,1,SHELF-F18,19.37,50.80,3243
2024-01-27T06:20:00,1,SHELF-F18,19.57,50.81,3243
2024-01-27T06:40:00,1,SHELF-F18,19.44,45.29,3243
2024-01-27T07:00:00,1,SHELF-F18,18.73,44.49,3243
2024-01-27T07:20:00,1,SHELF-F18,18.72,49.66,3243
2024-01-27T07:40:00,1,SHELF-F18,18.84,45.80,3243
2024-01-27T08:00:00,1,SHELF-F18,19.61,43.74,3243
2024-01-27T08:20:00,1,SHELF-F18,19.04,52.11,3243
2024-01-27T08:40:00,1,SHELF-F18,20.14,42.45,3243
2024-01-27T09:00:00,1,SHELF-F18,20.63,53.81,3243
2024-01-27T09:20:00,1,SHELF-F18,20.03,54.92,3243
2024-01-27T09:40:00,1,SHELF-F18,19.13,56.85,3243
2024-01-27T10:00:00,1,SHELF-F18,20.35,50.64,3243
2024-01-27T10:20:00,1,SHELF-F18,20.34,55.56,3243
2024-01-27T10:40:00,1,SHELF-F18,20.63,43.57,3243
2024-01-27T11:00:00,1,SHELF-F18,20.72,55.05,3243
2024-01-27T11:20:00,1,SHELF-F18,19.24,55.24,3243
2024-01-27T11:40:00,1,SHELF-F18,19.20,48.43,3243
2024-01-27T12:00:00,1,SHELF-F18,20.74,55.60,3243
2024-01-27T12:20:00,1,SHELF-F18,20.50,55.97,3243
2024-01-27T12:40:00,1,SHELF-F18,19.40,51.38,3243
2024-01-27T13:00:00,1,SHELF-F18,19.87,54.47,3243
2024-01-27T13:20:00,1,SHELF-F18,20.61,44.30,3243
2024-01-27T13:40:00,1,SHELF-F18,20.54,56.30,3243
2024-01-27T14:00:00,1,SHELF-F18,20.01,56.48,3243
2024-01-27T14:20:00,1,SHELF-F18,20.58,56.88,3243
2024-01-27T14:40:00,1,SHELF-F18,20.43,46.86,3243
2024-01-27T15:00:00,1,SHELF-F18,21.49,56.74,3243
2024-01-27T15:20:00,1,SHELF-F18,20.17,47.06,3243
2024-01-27T15:40:00,1,SHELF-F18,20.52,47.25,3243
2024-01-27T16:00:00,1,SHELF-F18,20.83,48.62,3243
2024-01-27T16:20:00,1,SHELF-F18,20.84,53.67,3243
2024-01-27T16:40:00,1,SHELF-F18,20.26,57.59,3243
2024-01-27T17:00:00,1,SHELF-F18,20.61,53.05,3243
2024-01-27T17:20:00,1,SHELF-F18,19.96,49.79,3243
2024-01-27T17:40:00,1,SHELF-F18,20.40,43.62,3243
2024-01-27T18:00:00,1,SHELF-F18,20.40,54.89,3243
2024-01-27T18:20:00,1,SHELF-F18,21.86,45.49,3243
2024-01-27T18:40:00,1,SHELF-F18,20.70,47.44,3243
2024-01-27T19:00:00,1,SHELF-F18,20.27,55.51,3243
2024-01-27T19:20:00,1,SHELF-F18,20.82,52.82,3243
2024-01-27T19:40:00,1,SHELF-F18,20.25,44.03,3243
2024-01-27T20:00:00,1,SHELF-F18,20.49,49.66,3243
2024-01-27T20:20:00,1,SHELF-F18,21.51,56.03,3243
2024-01-27T20:40:00,1,SHELF-F18,20.75,46.38,3243
2024-01-27T21:00:00,1,SHELF-F18,22.08,46.21,3243
2024-01-27T21:20:00,1,SHELF-F18,21.06,57.71,3243
2024-01-27T21:40:00,1,SHELF-F18,21.51,43.67,3243
2024-01-27T22:00:00,1,SHELF-F18,20.71,43.02,3243
2024-01-27T22:20:00,1,SHELF-F18,22.33,57.22,3243
2024-01-27T22:40:00,1,SHELF-F18,21.86,53.22,3243
2024-01-27T23:00:00,1,SHELF-F18,22.19,56.98,3243
2024-01-27T23:20:00,1,SHELF-F18,22.64,54.69,3243
2024-01-27T23:40:00,1,SHELF-F18,22.38,45.18,3243
2024-01-28T00:00:00,1,SHELF-D12,19.79,43.82,3183
2024-01-28T00:20:00,1,SHELF-D12,19.06,48.30,3183
2024-01-28T00:40:00,1,SHELF-D12,19.68,50.54,3183
2024-01-28T01:00:00,1,SHELF-D12,18.08,42.60,3183
2024-01-28T01:20:00,1,SHELF-D12,19.21,56.05,3183
2024-01-28T01:40:00,1,SHELF-D12,18.83,49.14,3183
2024-01-28T02:00:00,1,SHELF-D12,18.16,56.12,3183
2024-01-28T02:20:00,1,SHELF-D12,18.52,57.58,3183
2024-01-28T02:40:00,1,SHELF-D12,19.67,52.04,3183
2024-01-28T03:00:00,1,SHELF-D12,18.90,50.20,3183
2024-01-28T03:20:00,1,SHELF-D12,18.71,57.62,3183
2024-01-28T03:40:00,1,SHELF-D12,19.33,46.70,3183
2024-01-28T04:00:00,1,SHELF-D12,20.14,57.83,3183
2024-01-28T04:20:00,1,SHELF-D12,19.95,48.77,3183
2024-01-28T04:40:00,1,SHELF-D12,20.02,57.26,3183
2024-01-28T05:00:00,1,SHELF-D12,20.06,43.06,3183
2024-01-28T05:20:00,1,SHELF-D12,18.87,44.16,3183
2024-01-28T05:40:00,1,SHELF-D12,19.07,45.50,3183
2024-01-28T06:00:00,1,SHELF-D12,19.55,52.59,3183
2024-01-28T06:20:00,1,SHELF-D12,20.29,47.68,3183
2024-01-28T06:40:00,1,SHELF-D12,20.45,47.86,3183
2024-01-28T07:00:00,1,SHELF-D12,20.10,44.56,3183
2024-01-28T07:20:00,1,SHELF-D12,20.50,52.71,3183
2024-01-28T07:40:00,1,SHELF-D12,20.01,45.74,3183
2024-01-28T08:00:00,1,SHELF-D12,19.83,57.39,3183
2024-01-28T08:20:00,1,SHELF-D12,20.36,45.33,3183
2024-01-28T08:40:00,1,SHELF-D12,18.88,51.04,3183
2024-01-28T09:00:00,1,SHELF-D12,19.11,50.95,3183
2024-01-28T09:20:00,1,SHELF-D12,20.78,52.59,3183
2024-01-28T09:40:00,1,SHELF-D12,20.22,57.93,3183
2024-01-28T10:00:00,1,SHELF-D12,19.51,44.80,3183
2024-01-28T10:20:00,1,SHELF-D12,19.24,55.67,3183
2024-01-28T10:40:00,1,SHELF-D12,20.53,43.10,3183
2024-01-28T11:00:00,1,SHELF-D12,19.88,53.82,3183
2024-01-28T11:20:00,1,SHELF-D12,20.26,51.33,3183
2024-01-28T11:40:00,1,SHELF-D12,20.78,42.38,3183
2024-01-28T12:00:00,1,SHELF-D12,20.24,45.32,3183
2024-01-28T12:20:00,1,SHELF-D12,19.89,48.15,3183
2024-01-28T12:40:00,1,SHELF-D12,20.25,46.07,3183
2024-01-28T13:00:00,1,SHELF-D12,19.79,43.96,3183
2024-01-28T13:20:00,1,SHELF-D12,20.92,51.16,3183
2024-01-28T13:40:00,1,SHELF-D12,20.52,52.40,3183
2024-01-28T14:00:00,1,SHELF-D12,21.40,49.79,3183
2024-01-28T14:20:00,1,SHELF-D12,21.04,56.77,3183
2024-01-28T14:40:00,1,SHELF-D12,20.78,48.80,3183
2024-01-28T15:00:00,1,SHELF-D12,20.57,47.39,3183
2024-01-28T15:20:00,1,SHELF-D12,21.58,56.36,3183
2024-01-28T15:40:00,1,SHELF-D12,19.84,52.63,3183
2024-01-28T16:00:00,1,SHELF-D12,20.62,50.83,3183
2024-01-28T16:20:00,1,SHELF-D12,21.10,57.08,3183
2024-01-28T16:40:00,1,SHELF-D12,21.59,43.58,3183
2024-01-28T17:00:00,1,SHELF-D12,21.51,46.80,3183
2024-01-28T17:20:00,1,SHELF-D12,20.48,49.67,3183
2024-01-28T17:40:00,1,SHELF-D12,21.33,42.94,3183
2024-01-28T18:00:00,1,SHELF-D12,21.24,55.08,3183
2024-01-28T18:20:00,1,SHELF-D12,20.46,49.79,3183
2024-01-28T18:40:00,1,SHELF-D12,20.96,42.41,3183
2024-01-28T19:00:00,1,SHELF-D12,22.18,51.46,3183
2024-01-28T19:20:00,1,SHELF-D12,21.62,44.01,3183
2024-01-28T19:40:00,1,SHELF-D12,20.99,52.63,3183
2024-01-28T20:00:00,1,SHELF-D12,22.30,57.54,3183
2024-01-28T20:20:00,1,SHELF-D12,21.85,42.46,3183
2024-01-28T20:40:00,1,SHELF-D12,20.61,57.39,3183
2024-01-28T21:00:00,1,SHELF-D12,21.70,57.51,3183
2024-01-28T21:20:00,1,SHELF-D12,21.93,51.20,3183
2024-01-28T21:40:00,1,SHELF-D12,21.72,48.15,3183
2024-01-28T22:00:00,1,SHELF-D12,22.20,43.87,3183
2024-01-28T22:20:00,1,SHELF-D12,22.34,48.65,3183
2024-01-28T22:40:00,1,SHELF-D12,21.46,43.97,3183
2024-01-28T23:00:00,1,SHELF-D12,22.18,57.84,3183
2024-01-28T23:20:00,1,SHELF-D12,21.51,57.24,3183
2024-01-28T23:40:00,1,SHELF-D12,20.69,57.96,3183
2024-01-28T00:00:00,1,SHELF-A19,18.60,45.85,3237
2024-01-28T00:20:00,1,SHELF-A19,18.16,57.20,3237
2024-01-28T00:40:00,1,SHELF-A19,17.87,54.69,3237
2024-01-28T01:00:00,1,SHELF-A19,19.61,44.14,3237
2024-01-28T01:20:00,1,SHELF-A19,19.33,45.52,3237
2024-01-28T01:40:00,1,SHELF-A19,19.16,50.71,3237
2024-01-28T02:00:00,1,SHELF-A19,18.20,57.82,3237
2024-01-28T02:20:00,1,SHELF-A19,19.51,57.55,3237
2024-01-28T02:40:00,1,SHELF-A19,19.17,56.26,3237
2024-01-28T03:00:00,1,SHELF-A19,19.16,51.88,3237
2024-01-28T03:20:00,1,SHELF-A19,18.21,49.59,3237
2024-01-28T03:40:00,1,SHELF-A19,19.09,43.15,3237
2024-01-28T04:00:00,1,SHELF-A19,18.61,46.87,3237
2024-01-28T04:20:00,1,SHELF-A19,19.94,43.92,3237
2024-01-28T04:40:00,1,SHELF-A19,18.90,51.87,3237
2024-01-28T05:00:00,1,SHELF-A19,18.86,54.43,3237
2024-01-28T05:20:00,1,SHELF-A19,19.13,49.33,3237
2024-01-28T05:40:00,1,SHELF-A19,20.14,56.53,3237
2024-01-28T06:00:00,1,SHELF-A19,19.43,46.91,3237
2024-01-28T06:20:00,1,SHELF-A19,20.29,48.03,3237
2024-01-28T06:40:00,1,SHELF-A19,18.66,50.79,3237
2024-01-28T07:00:00,1,SHELF-A19,19.18,54.03,3237
2024-01-28T07:20:00,1,SHELF-A19,19.44,43.06,3237
2024-01-28T07:40:00,1,SHELF-A19,19.85,54.01,3237
2024-01-28T08:00:00,1,SHELF-A19,20.28,52.29,3237
2024-01-28T08:20:00,1,SHELF-A19,20.59,52.14,3237
2024-01-28T08:40:00,1,SHELF-A19,19.52,54.13,3237
2024-01-28T09:00:00,1,SHELF-A19,20.21,49.78,3237
2024-01-28T09:20:00,1,SHELF-A19,19.81,55.61,3237
2024-01-28T09:40:00,1,SHELF-A19,19.46,43.48,3237
2024-01-28T10:00:00,1,SHELF-A19,20.27,42.42,3237
2024-01-28T10:20:00,1,SHELF-A19,20.91,57.50,3237
2024-01-28T10:40:00,1,SHELF-A19,20.90,50.76,3237
2024-01-28T11:00:00,1,SHELF-A19,19.19,44.86,3237
2024-01-28T11:20:00,1,SHELF-A19,20.79,47.49,3237
2024-01-28T11:40:00,1,SHELF-A19,20.64,57.66,3237
2024-01-28T12:00:00,1,SHELF-A19,20.97,54.51,3237
2024-01-28T12:20:00,1,SHELF-A19,19.85,46.62,3237
2024-01-28T12:40:00,1,SHELF-A19,20.67,56.00,3237
2024-01-28T13:00:00,1,SHELF-A19,20.23,44.25,3237
2024-01-28T13:20:00,1,SHELF-A19,20.50,50.58,3237
2024-01-28T13:40:00,1,SHELF-A19,20.58,46.81,3237
2024-01-28T14:00:00,1,SHELF-A19,21.07,57.31,3237
2024-01-28T14:20:00,1,SHELF-A19,19.69,56.80,3237
2024-01-28T14:40:00,1,SHELF-A19,20.11,53.70,3237
2024-01-28T15:00:00,1,SHELF-A19,21.07,47.98,3237
2024-01-28T15:20:00,1,SHELF-A19,20.65,51.28,3237
2024-01-28T15:40:00,1,SHELF-A19,20.08,47.72,3237
2024-01-28T16:00:00,1,SHELF-A19,20.04,53.15,3237
2024-01-28T16:20:00,1,SHELF-A19,20.98,50.42,3237
2024-01-28T16:40:00,1,SHELF-A19,20.74,55.18,3237
2024-01-28T17:00:00,1,SHELF-A19,20.36,44.14,3237
2024-01-28T17:20:00,1,SHELF-A19,21.31,46.63,3237
2024-01-28T17:40:00,1,SHELF-A19,21.10,46.57,3237
2024-01-28T18:00:00,1,SHELF-A19,20.94,52.41,3237
2024-01-28T18:20:00,1,SHELF-A19,20.91,50.22,3237
2024-01-28T18:40:00,1,SHELF-A19,20.16,50.45,3237
2024-01-28T19:00:00,1,SHELF-A19,20.93,42.83,3237
2024-01-28T19:20:00,1,SHELF-A19,20.38,53.15,3237
2024-01-28T19:40:00,1,SHELF-A19,21.14,45.89,3237
2024-01-28T20:00:00,1,SHELF-A19,20.93,51.32,3237
2024-01-28T20:20:00,1,SHELF-A19,20.96,57.01,3237
2024-01-28T20:40:00,1,SHELF-A19,20.81,48.93,3237
2024-01-28T21:00:00,1,SHELF-A19,21.50,44.73,3237
2024-01-28T21:20:00,1,SHELF-A19,20.64,54.80,3237
2024-01-28T21:40:00,1,SHELF-A19,21.40,50.78,3237
2024-01-28T22:00:00,1,SHELF-A19,21.66,43.56,3237
2024-01-28T22:20:00,1,SHELF-A19,21.79,48.49,3237
2024-01-28T22:40:00,1,SHELF-A19,21.61,48.77,3237
2024-01-28T23:00:00,1,SHELF-A19,20.94,54.18,3237
2024-01-28T23:20:00,1,SHELF-A19,22.36,48.50,3237
2024-01-28T23:40:00,1,SHELF-A19,21.78,55.41,3237
2024-01-28T00:00:00,1,SHELF-B19,19.54,55.15,3082
2024-01-28T00:20:00,1,SHELF-B19,19.12,45.91,3082
2024-01-28T00:40:00,1,SHELF-B19,19.42,43.15,3082
2024-01-28T01:00:00,1,SHELF-B19,19.82,44.87,3082
2024-01-28T01:20:00,1,SHELF-B19,19.42,42.20,3082
2024-01-28T01:40:00,1,SHELF-B19,18.00,44.95,3082
2024-01-28T02:00:00,1,SHELF-B19,18.17,57.34,3082
2024-01-28T02:20:00,1,SHELF-B19,18.92,47.36,3082
2024-01-28T02:40:00,1,SHELF-B19,19.35,57.08,3082
2024-01-28T03:00:00,1,SHELF-B19,20.00,42.30,3082
2024-01-28T03:20:00,1,SHELF-B19,18.84,55.30,3082
2024-01-28T03:40:00,1,SHELF-B19,18.52,53.85,3082
2024-01-28T04:00:00,1,SHELF-B19,18.50,54.61,3082
2024-01-28T04:20:00,1,SHELF-B19,18.36,48.54,3082
2024-01-28T04:40:00,1,SHELF-B19,18.38,47.04,3082
2024-01-28T05:00:00,1,SHELF-B19,18.94,53.82,3082
2024-01-28T05:20:00,1,SHELF-B19,19.57,42.31,3082
2024-01-28T05:40:00,1,SHELF-B19,20.40,48.43,3082
2024-01-28T06:00:00,1,SHELF-B19,20.34,45.29,3082
2024-01-28T06:20:00,1,SHELF-B19,20.04,44.25,3082
2024-01-28T06:40:00,1,SHELF-B19,18.83,44.19,3082
2024-01-28T07:00:00,1,SHELF-B19,18.76,57.86,3082
2024-01-28T07:20:00,1,SHELF-B19,19.15,57.64,3082
2024-01-28T07:40:00,1,SHELF-B19,18.94,52.64,3082
2024-01-28T08:00:00,1,SHELF-B19,18.90,48.04,3082
2024-01-28T08:20:00,1,SHELF-B19,20.12,43.53,3082
2024-01-28T08:40:00,1,SHELF-B19,20.13,51.82,3082
2024-01-28T09:00:00,1,SHELF-B19,19.03,43.21,3082
2024-01-28T09:20:00,1,SHELF-B19,20.45,46.10,3082
2024-01-28T09:40:00,1,SHELF-B19,19.55,45.58,3082
2024-01-28T10:00:00,1,SHELF-B19,19.26,45.65,3082
2024-01-28T10:20:00,1,SHELF-B19,19.41,44.90,3082
2024-01-28T10:40:00,1,SHELF-B19,19.82,57.57,3082
2024-01-28T11:00:00,1,SHELF-B19,20.78,44.53,3082
2024-01-28T11:20:00,1,SHELF-B19,20.65,46.07,3082
2024-01-28T11:40:00,1,SHELF-B19,20.85,48.59,3082
2024-01-28T12:00:00,1,SHELF-B19,19.87,44.02,3082
2024-01-28T12:20:00,1,SHELF-B19,19.92,50.01,3082
2024-01-28T12:40:00,1,SHELF-B19,19.90,54.87,3082
2024-01-28T13:00:00,1,SHELF-B19,20.65,48.85,3082
2024-01-28T13:20:00,1,SHELF-B19,19.44,46.22,3082
2024-01-28T13:40:00,1,SHELF-B19,20.46,48.87,3082
2024-01-28T14:00:00,1,SHELF-B19,20.09,53.93,3082
2024-01-28T14:20:00,1,SHELF-B19,21.02,51.33,3082
2024-01-28T14:40:00,1,SHELF-B19,20.27,49.00,3082
2024-01-28T15:00:00,1,SHELF-B19,20.59,52.72,3082
2024-01-28T15:20:00,1,SHELF-B19,20.93,55.87,3082
2024-01-28T15:40:00,1,SHELF-B19,20.17,52.59,3082
2024-01-28T16:00:00,1,SHELF-B19,20.91,52.00,3082
2024-01-28T16:20:00,1,SHELF-B19,20.16,49.55,3082
2024-01-28T16:40:00,1,SHELF-B19,20.27,48.48,3082
2024-01-28T17:00:00,1,SHELF-B19,21.48,47.35,3082
2024-01-28T17:20:00,1,SHELF-B19,20.29,48.14,3082
2024-01-28T17:40:00,1,SHELF-B19,21.85,47.93,3082
2024-01-28T18:00:00,1,SHELF-B19,20.72,55.55,3082
2024-01-28T18:20:00,1,SHELF-B19,20.59,54.22,3082
2024-01-28T18:40:00,1,SHELF-B19,20.84,44.52,3082
2024-01-28T19:00:00,1,SHELF-B19,21.76,55.96,3082
2024-01-28T19:20:00,1,SHELF-B19,21.20,51.91,3082
2024-01-28T19:40:00,1,SHELF-B19,21.02,46.80,3082
2024-01-28T20:00:00,1,SHELF-B19,20.84,54.52,3082
2024-01-28T20:20:00,1,SHELF-B19,21.05,45.99,3082
2024-01-28T20:40:00,1,SHELF-B19,22.01,53.17,3082
2024-01-28T21:00:00,1,SHELF-B19,20.75,56.05,3082
2024-01-28T21:20:00,1,SHELF-B19,21.99,57.18,3082
2024-01-28T21:40:00,1,SHELF-B19,22.28,48.30,3082
2024-01-28T22:00:00,1,SHELF-B19,22.00,52.67,3082
2024-01-28T22:20:00,1,SHELF-B19,21.23,50.98,3082
2024-01-28T22:40:00,1,SHELF-B19,21.96,53.20,3082
2024-01-28T23:00:00,1,SHELF-B19,21.50,54.19,3082
2024-01-28T23:20:00,1,SHELF-B19,22.44,51.23,3082
2024-01-28T23:40:00,1,SHELF-B19,22.46,53.97,3082
2024-01-28T00:00:00,1,SHELF-E06,18.39,56.04,3085
2024-01-28T00:20:00,1,SHELF-E06,19.22,57.84,3085
2024-01-28T00:40:00,1,SHELF-E06,18.80,51.48,3085
2024-01-28T01:00:00,1,SHELF-E06,18.53,47.42,3085
2024-01-28T01:20:00,1,SHELF-E06,18.10,52.26,3085
2024-01-28T01:40:00,1,SHELF-E06,19.66,53.17,3085
2024-01-28T02:00:00,1,SHELF-E06,18.89,45.14,3085
2024-01-28T02:20:00,1,SHELF-E06,19.31,56.90,3085
2024-01-28T02:40:00,1,SHELF-E06,18.71,45.40,3085
2024-01-28T03:00:00,1,SHELF-E06,19.50,48.57,3085
2024-01-28T03:20:00,1,SHELF-E06,18.84,53.99,3085
2024-01-28T03:40:00,1,SHELF-E06,18.68,51.24,3085
2024-01-28T04:00:00,1,SHELF-E06,19.13,43.62,3085
2024-01-28T04:20:00,1,SHELF-E06,19.77,44.35,3085
2024-01-28T04:40:00,1,SHELF-E06,19.44,51.44,3085
2024-01-28T05:00:00,1,SHELF-E06,18.91,51.73,3085
2024-01-28T05:20:00,1,SHELF-E06,20.21,50.74,3085
2024-01-28T05:40:00,1,SHELF-E06,19.75,48.64,3085
2024-01-28T06:00:00,1,SHELF-E06,19.27,45.59,3085
2024-01-28T06:20:00,1,SHELF-E06,20.45,43.33,3085
2024-01-28T06:40:00,1,SHELF-E06,19.34,54.51,3085
2024-01-28T07:00:00,1,SHELF-E06,19.99,53.11,3085
2024-01-28T07:20:00,1,SHELF-E06,18.86,45.92,3085
2024-01-28T07:40:00,1,SHELF-E06,19.68,45.33,3085
2024-01-28T08:00:00,1,SHELF-E06,19.07,42.94,3085
2024-01-28T08:20:00,1,SHELF-E06,20.19,54.40,3085
2024-01-28T08:40:00,1,SHELF-E06,20.35,57.09,3085
2024-01-28T09:00:00,1,SHELF-E06,19.48,51.82,3085
2024-01-28T09:20:00,1,SHELF-E06,20.56,57.34,3085
2024-01-28T09:40:00,1,SHELF-E06,20.74,42.31,3085
2024-01-28T10:00:00,1,SHELF-E06,20.85,48.19,3085
2024-01-28T10:20:00,1,SHELF-E06,19.61,45.33,3085
2024-01-28T10:40:00,1,SHELF-E06,19.32,43.96,3085
2024-01-28T11:00:00,1,SHELF-E06,19.75,54.54,3085
2024-01-28T11:20:00,1,SHELF-E06,20.37,46.77,3085
2024-01-28T11:40:00,1,SHELF-E06,20.73,48.35,3085
2024-01-28T12:00:00,1,SHELF-E06,19.95,46.45,3085
2024-01-28T12:20:00,1,SHELF-E06,19.60,51.25,3085
2024-01-28T12:40:00,1,SHELF-E06,20.97,44.63,3085
2024-01-28T13:00:00,1,SHELF-E06,21.12,46.74,3085
2024-01-28T13:20:00,1,SHELF-E06,20.93,45.28,3085
2024-01-28T13:40:00,1,SHELF-E06,21.06,51.57,3085
2024-01-28T14:00:00,1,SHELF-E06,20.48,53.97,3085
2024-01-28T14:20:00,1,SHELF-E06,20.73,54.90,3085
2024-01-28T14:40:00,1,SHELF-E06,20.82,46.81,3085
2024-01-28T15:00:00,1,SHELF-E06,20.11,55.13,3085
2024-01-28T15:20:00,1,SHELF-E06,20.21,55.54,3085
2024-01-28T15:40:00,1,SHELF-E06,19.84,52.68,3085
2024-01-28T16:00:00,1,SHELF-E06,20.17,48.62,3085
2024-01-28T16:20:00,1,SHELF-E06,21.63,53.50,3085
2024-01-28T16:40:00,1,SHELF-E06,20.94,43.41,3085
2024-01-28T17:00:00,1,SHELF-E06,20.75,57.83,3085
2024-01-28T17:20:00,1,SHELF-E06,19.98,52.91,3085
2024-01-28T17:40:00,1,SHELF-E06,21.03,45.50,3085
2024-01-28T18:00:00,1,SHELF-E06,20.50,43.78,3085
2024-01-28T18:20:00,1,SHELF-E06,20.27,48.23,3085
2024-01-28T18:40:00,1,SHELF-E06,20.40,54.56,3085
2024-01-28T19:00:00,1,SHELF-E06,21.33,43.82,3085
2024-01-28T19:20:00,1,SHELF-E06,21.73,45.95,3085
2024-01-28T19:40:00,1,SHELF-E06,21.39,53.70,3085
2024-01-28T20:00:00,1,SHELF-E06,20.38,54.07,3085
2024-01-28T20:20:00,1,SHELF-E06,20.70,45.71,3085
2024-01-28T20:40:00,1,SHELF-E06,22.25,45.45,3085
2024-01-28T21:00:00,1,SHELF-E06,22.27,48.71,3085
2024-01-28T21:20:00,1,SHELF-E06,21.40,54.80,3085
2024-01-28T21:40:00,1,SHELF-E06,22.35,46.38,3085
2024-01-28T22:00:00,1,SHELF-E06,22.15,46.50,3085
2024-01-28T22:20:00,1,SHELF-E06,22.21,50.73,3085
2024-01-28T22:40:00,1,SHELF-E06,21.94,43.42,3085
2024-01-28T23:00:00,1,SHELF-E06,20.81,43.14,3085
2024-01-28T23:20:00,1,SHELF-E06,21.55,51.61,3085
2024-01-28T23:40:00,1,SHELF-E06,20.76,57.90,3085
2024-01-28T00:00:00,1,SHELF-F18,17.99,48.41,3185
2024-01-28T00:20:00,1,SHELF-F18,19.76,51.25,3185
2024-01-28T00:40:00,1,SHELF-F18,19.23,52.61,3185
2024-01-28T01:00:00,1,SHELF-F18,18.10,42.40,3185
2024-01-28T01:20:00,1,SHELF-F18,19.63,52.50,3185
2024-01-28T01:40:00,1,SHELF-F18,19.78,56.30,3185
2024-01-28T02:00:00,1,SHELF-F18,18.13,50.47,3185
2024-01-28T02:20:00,1,SHELF-F18,19.72,48.68,3185
2024-01-28T02:40:00,1,SHELF-F18,18.89,43.91,3185
2024-01-28T03:00:00,1,SHELF-F18,20.01,57.99,3185
2024-01-28T03:20:00,1,SHELF-F18,19.68,43.16,3185
2024-01-28T03:40:00,1,SHELF-F18,19.42,42.63,3185
2024-01-28T04:00:00,1,SHELF-F18,18.89,43.95,3185
2024-01-28T04:20:00,1,SHELF-F18,20.00,45.21,3185
2024-01-28T04:40:00,1,SHELF-F18,19.31,53.88,3185
2024-01-28T05:00:00,1,SHELF-F18,19.09,50.86,3185
2024-01-28T05:20:00,1,SHELF-F18,20.21,57.94,3185
2024-01-28T05:40:00,1,SHELF-F18,18.85,45.16,3185
2024-01-28T06:00:00,1,SHELF-F18,19.41,53.13,3185
2024-01-28T06:20:00,1,SHELF-F18,19.69,52.74,3185
2024-01-28T06:40:00,1,SHELF-F18,19.53,57.03,3185
2024-01-28T07:00:00,1,SHELF-F18,19.87,45.29,3185
2024-01-28T07:20:00,1,SHELF-F18,19.77,42.94,3185
2024-01-28T07:40:00,1,SHELF-F18,19.33,49.69,3185
2024-01-28T08:00:00,1,SHELF-F18,20.52,56.14,3185
2024-01-28T08:20:00,1,SHELF-F18,20.39,43.86,3185
2024-01-28T08:40:00,1,SHELF-F18,20.56,54.52,3185
2024-01-28T09:00:00,1,SHELF-F18,19.13,52.91,3185
2024-01-28T09:20:00,1,SHELF-F18,20.79,55.07,3185
2024-01-28T09:40:00,1,SHELF-F18,20.93,46.86,3185
2024-01-28T10:00:00,1,SHELF-F18,19.99,55.88,3185
2024-01-28T10:20:00,1,SHELF-F18,19.38,56.93,3185
2024-01-28T10:40:00,1,SHELF-F18,20.17,52.48,3185
2024-01-28T11:00:00,1,SHELF-F18,19.76,43.91,3185
2024-01-28T11:20:00,1,SHELF-F18,20.86,49.35,3185
2024-01-28T11:40:00,1,SHELF-F18,20.45,47.07,3185
2024-01-28T12:00:00,1,SHELF-F18,21.12,56.94,3185
2024-01-28T12:20:00,1,SHELF-F18,19.46,56.87,3185
2024-01-28T12:40:00,1,SHELF-F18,19.73,48.98,3185
2024-01-28T13:00:00,1,SHELF-F18,21.13,47.90,3185
2024-01-28T13:20:00,1,SHELF-F18,20.19,55.76,3185
2024-01-28T13:40:00,1,SHELF-F18,19.81,43.15,3185
2024-01-28T14:00:00,1,SHELF-F18,20.67,57.42,3185
2024-01-28T14:20:00,1,SHELF-F18,19.63,52.19,3185
2024-01-28T14:40:00,1,SHELF-F18,20.16,57.53,3185
2024-01-28T15:00:00,1,SHELF-F18,21.00,48.06,3185
2024-01-28T15:20:00,1,SHELF-F18,21.25,57.98,3185
2024-01-28T15:40:00,1,SHELF-F18,20.02,52.26,3185
2024-01-28T16:00:00,1,SHELF-F18,20.05,46.54,3185
2024-01-28T16:20:00,1,SHELF-F18,19.90,53.36,3185
2024-01-28T16:40:00,1,SHELF-F18,19.97,47.37,3185
2024-01-28T17:00:00,1,SHELF-F18,20.60,48.58,3185
2024-01-28T17:20:00,1,SHELF-F18,21.26,57.45,3185
2024-01-28T17:40:00,1,SHELF-F18,20.30,43.06,3185
2024-01-28T18:00:00,1,SHELF-F18,21.15,55.03,3185
2024-01-28T18:20:00,1,SHELF-F18,20.73,57.97,3185
2024-01-28T18:40:00,1,SHELF-F18,20.41,52.50,3185
2024-01-28T19:00:00,1,SHELF-F18,21.66,56.29,3185
2024-01-28T19:20:00,1,SHELF-F18,20.19,52.13,3185
2024-01-28T19:40:00,1,SHELF-F18,20.75,53.53,3185
2024-01-28T20:00:00,1,SHELF-F18,20.44,53.32,3185
2024-01-28T20:20:00,1,SHELF-F18,21.48,51.56,3185
2024-01-28T20:40:00,1,SHELF-F18,21.53,50.33,3185
2024-01-28T21:00:00,1,SHELF-F18,22.26,47.74,3185
2024-01-28T21:20:00,1,SHELF-F18,21.21,46.52,3185
2024-01-28T21:40:00,1,SHELF-F18,21.57,57.19,3185
2024-01-28T22:00:00,1,SHELF-F18,21.00,42.93,3185
2024-01-28T22:20:00,1,SHELF-F18,21.30,51.45,3185
2024-01-28T22:40:00,1,SHELF-F18,21.82,53.69,3185
2024-01-28T23:00:00,1,SHELF-F18,21.55,47.57,3185
2024-01-28T23:20:00,1,SHELF-F18,22.01,48.43,3185
2024-01-28T23:40:00,1,SHELF-F18,21.41,54.45,3185
2024-01-29T00:00:00,1,SHELF-D12,19.58,55.63,3119
2024-01-29T00:20:00,1,SHELF-D12,18.18,52.21,3119
2024-01-29T00:40:00,1,SHELF-D12,17.98,44.50,3119
2024-01-29T01:00:00,1,SHELF-D12,18.74,54.17,3119
2024-01-29T01:20:00,1,SHELF-D12,18.66,47.87,3119
2024-01-29T01:40:00,1,SHELF-D12,18.45,55.98,3119
2024-01-29T02:00:00,1,SHELF-D12,19.01,52.61,3119
2024-01-29T02:20:00,1,SHELF-D12,18.22,55.74,3119
2024-01-29T02:40:00,1,SHELF-D12,19.37,46.39,3119
2024-01-29T03:00:00,1,SHELF-D12,19.86,42.08,3119
2024-01-29T03:20:00,1,SHELF-D12,19.82,50.15,3119
2024-01-29T03:40:00,1,SHELF-D12,20.09,48.74,3119
2024-01-29T04:00:00,1,SHELF-D12,18.67,42.65,3119
2024-01-29T04:20:00,1,SHELF-D12,19.71,49.12,3119
2024-01-29T04:40:00,1,SHELF-D12,19.92,56.03,3119
2024-01-29T05:00:00,1,SHELF-D12,18.44,52.21,3119
2024-01-29T05:20:00,1,SHELF-D12,20.06,48.55,3119
2024-01-29T05:40:00,1,SHELF-D12,19.63,52.76,3119
2024-01-29T06:00:00,1,SHELF-D12,20.53,54.87,3119
2024-01-29T06:20:00,1,SHELF-D12,18.76,44.17,3119
2024-01-29T06:40:00,1,SHELF-D12,18.84,49.55,3119
2024-01-29T07:00:00,1,SHELF-D12,19.02,50.02,3119
2024-01-29T07:20:00,1,SHELF-D12,18.91,47.62,3119
2024-01-29T07:40:00,1,SHELF-D12,20.27,44.58,3119
2024-01-29T08:00:00,1,SHELF-D12,19.27,50.84,3119
2024-01-29T08:20:00,1,SHELF-D12,19.17,50.90,3119
2024-01-29T08:40:00,1,SHELF-D12,19.38,50.58,3119
2024-01-29T09:00:00,1,SHELF-D12,19.87,55.86,3119
2024-01-29T09:20:00,1,SHELF-D12,19.98,47.73,3119
2024-01-29T09:40:00,1,SHELF-D12,20.14,51.53,3119
2024-01-29T10:00:00,1,SHELF-D12,19.12,46.37,3119
2024-01-29T10:20:00,1,SHELF-D12,19.14,54.02,3119
2024-01-29T10:40:00,1,SHELF-D12,19.59,51.69,3119
2024-01-29T11:00:00,1,SHELF-D12,19.41,47.97,3119
2024-01-29T11:20:00,1,SHELF-D12,20.75,53.27,3119
2024-01-29T11:40:00,1,SHELF-D12,21.05,47.55,3119
2024-01-29T12:00:00,1,SHELF-D12,19.37,55.65,3119
2024-01-29T12:20:00,1,SHELF-D12,20.86,45.11,3119
2024-01-29T12:40:00,1,SHELF-D12,21.24,57.10,3119
2024-01-29T13:00:00,1,SHELF-D12,21.29,44.64,3119
2024-01-29T13:20:00,1,SHELF-D12,20.72,51.47,3119
2024-01-29T13:40:00,1,SHELF-D12,21.28,42.12,3119
2024-01-29T14:00:00,1,SHELF-D12,21.42,46.63,3119
2024-01-29T14:20:00,1,SHELF-D12,20.84,56.98,3119
2024-01-29T14:40:00,1,SHELF-D12,20.28,49.83,3119
2024-01-29T15:00:00,1,SHELF-D12,21.64,51.58,3119
2024-01-29T15:20:00,1,SHELF-D12,20.61,45.84,3119
2024-01-29T15:40:00,1,SHELF-D12,19.94,50.65,3119
2024-01-29T16:00:00,1,SHELF-D12,21.51,42.38,3119
2024-01-29T16:20:00,1,SHELF-D12,20.41,51.95,3119
2024-01-29T16:40:00,1,SHELF-D12,21.63,53.40,3119
2024-01-29T17:00:00,1,SHELF-D12,20.59,46.82,3119
2024-01-29T17:20:00,1,SHELF-D12,21.16,55.95,3119
2024-01-29T17:40:00,1,SHELF-D12,20.19,54.19,3119
2024-01-29T18:00:00,1,SHELF-D12,21.58,43.53,3119
2024-01-29T18:20:00,1,SHELF-D12,21.37,46.61,3119
2024-01-29T18:40:00,1,SHELF-D12,21.17,54.80,3119
2024-01-29T19:00:00,1,SHELF-D12,20.76,56.14,3119
2024-01-29T19:20:00,1,SHELF-D12,20.44,42.58,3119
2024-01-29T19:40:00,1,SHELF-D12,20.35,50.16,3119
2024-01-29T20:00:00,1,SHELF-D12,21.42,51.76,3119
2024-01-29T20:20:00,1,SHELF-D12,20.35,45.55,3119
2024-01-29T20:40:00,1,SHELF-D12,21.00,57.70,3119
2024-01-29T21:00:00,1,SHELF-D12,21.55,53.37,3119
2024-01-29T21:20:00,1,SHELF-D12,20.48,57.93,3119
2024-01-29T21:40:00,1,SHELF-D12,21.36,51.36,3119
2024-01-29T22:00:00,1,SHELF-D12,20.79,44.33,3119
2024-01-29T22:20:00,1,SHELF-D12,21.00,52.57,3119
2024-01-29T22:40:00,1,SHELF-D12,22.01,53.50,3119
2024-01-29T23:00:00,1,SHELF-D12,21.18,56.68,3119
2024-01-29T23:20:00,1,SHELF-D12,21.16,53.53,3119
2024-01-29T23:40:00,1,SHELF-D12,21.88,42.22,3119
2024-01-29T00:00:00,1,SHELF-A19,18.91,57.33,3128
2024-01-29T00:20:00,1,SHELF-A19,19.64,54.55,3128
2024-01-29T00:40:00,1,SHELF-A19,18.99,46.90,3128
2024-01-29T01:00:00,1,SHELF-A19,19.47,50.72,3128
2024-01-29T01:20:00,1,SHELF-A19,18.49,51.21,3128
2024-01-29T01:40:00,1,SHELF-A19,19.41,55.35,3128
2024-01-29T02:00:00,1,SHELF-A19,19.26,48.88,3128
2024-01-29T02:20:00,1,SHELF-A19,19.33,53.03,3128
2024-01-29T02:40:00,1,SHELF-A19,18.78,44.45,3128
2024-01-29T03:00:00,1,SHELF-A19,19.40,50.69,3128
2024-01-29T03:20:00,1,SHELF-A19,18.21,43.07,3128
2024-01-29T03:40:00,1,SHELF-A19,18.28,47.30,3128
2024-01-29T04:00:00,1,SHELF-A19,19.23,45.74,3128
2024-01-29T04:20:00,1,SHELF-A19,19.82,47.94,3128
2024-01-29T04:40:00,1,SHELF-A19,20.10,43.33,3128
2024-01-29T05:00:00,1,SHELF-A19,19.07,49.11,3128
2024-01-29T05:20:00,1,SHELF-A19,18.62,45.56,3128
2024-01-29T05:40:00,1,SHELF-A19,19.76,43.11,3128
2024-01-29T06:00:00,1,SHELF-A19,19.73,50.83,3128
2024-01-29T06:20:00,1,SHELF-A19,18.84,45.52,3128
2024-01-29T06:40:00,1,SHELF-A19,18.60,46.49,3128
2024-01-29T07:00:00,1,SHELF-A19,19.64,48.38,3128
2024-01-29T07:20:00,1,SHELF-A19,19.91,52.24,3128
2024-01-29T07:40:00,1,SHELF-A19,20.38,46.73,3128
2024-01-29T08:00:00,1,SHELF-A19,19.41,54.38,3128
2024-01-29T08:20:00,1,SHELF-A19,19.81,56.55,3128
2024-01-29T08:40:00,1,SHELF-A19,19.45,56.02,3128
2024-01-29T09:00:00,1,SHELF-A19,18.95,46.51,3128
2024-01-29T09:20:00,1,SHELF-A19,19.30,53.90,3128
2024-01-29T09:40:00,1,SHELF-A19,20.73,44.79,3128
2024-01-29T10:00:00,1,SHELF-A19,19.66,42.08,3128
2024-01-29T10:20:00,1,SHELF-A19,19.12,43.28,3128
2024-01-29T10:40:00,1,SHELF-A19,20.48,46.93,3128
2024-01-29T11:00:00,1,SHELF-A19,20.62,47.47,3128
2024-01-29T11:20:00,1,SHELF-A19,21.07,48.37,3128
2024-01-29T11:40:00,1,SHELF-A19,19.40,50.55,3128
2024-01-29T12:00:00,1,SHELF-A19,19.94,46.51,3128
2024-01-29T12:20:00,1,SHELF-A19,21.22,56.85,3128
2024-01-29T12:40:00,1,SHELF-A19,20.08,55.35,3128
2024-01-29T13:00:00,1,SHELF-A19,20.56,48.06,3128
2024-01-29T13:20:00,1,SHELF-A19,19.76,44.63,3128
2024-01-29T13:40:00,1,SHELF-A19,20.34,45.83,3128
2024-01-29T14:00:00,1,SHELF-A19,21.08,45.55,3128
2024-01-29T14:20:00,1,SHELF-A19,19.85,54.72,3128
2024-01-29T14:40:00,1,SHELF-A19,20.91,46.66,3128
2024-01-29T15:00:00,1,SHELF-A19,20.05,45.56,3128
2024-01-29T15:20:00,1,SHELF-A19,19.85,52.24,3128
2024-01-29T15:40:00,1,SHELF-A19,21.53,44.23,3128
2024-01-29T16:00:00,1,SHELF-A19,20.58,42.74,3128
2024-01-29T16:20:00,1,SHELF-A19,19.85,55.25,3128
2024-01-29T16:40:00,1,SHELF-A19,21.02,48.28,3128
2024-01-29T17:00:00,1,SHELF-A19,21.74,53.04,3128
2024-01-29T17:20:00,1,SHELF-A19,21.13,49.08,3128
2024-01-29T17:40:00,1,SHELF-A19,20.13,46.73,3128
2024-01-29T18:00:00,1,SHELF-A19,20.37,44.22,3128
2024-01-29T18:20:00,1,SHELF-A19,20.32,46.83,3128
2024-01-29T18:40:00,1,SHELF-A19,20.87,50.67,3128
2024-01-29T19:00:00,1,SHELF-A19,21.72,56.48,3128
2024-01-29T19:20:00,1,SHELF-A19,20.90,45.85,3128
2024-01-29T19:40:00,1,SHELF-A19,20.53,48.50,3128
2024-01-29T20:00:00,1,SHELF-A19,21.52,49.60,3128
2024-01-29T20:20:00,1,SHELF-A19,22.29,42.08,3128
2024-01-29T20:40:00,1,SHELF-A19,20.75,44.02,3128
2024-01-29T21:00:00,1,SHELF-A19,21.14,42.53,3128
2024-01-29T21:20:00,1,SHELF-A19,20.86,55.42,3128
2024-01-29T21:40:00,1,SHELF-A19,21.61,50.00,3128
2024-01-29T22:00:00,1,SHELF-A19,21.16,54.48,3128
2024-01-29T22:20:00,1,SHELF-A19,22.20,42.12,3128
2024-01-29T22:40:00,1,SHELF-A19,20.86,48.69,3128
2024-01-29T23:00:00,1,SHELF-A19,22.03,42.78,3128
2024-01-29T23:20:00,1,SHELF-A19,21.84,52.29,3128
2024-01-29T23:40:00,1,SHELF-A19,21.11,51.90,3128
2024-01-29T00:00:00,1,SHELF-B19,19.02,43.36,3169
2024-01-29T00:20:00,1,SHELF-B19,17.93,42.93,3169
2024-01-29T00:40:00,1,SHELF-B19,17.85,53.34,3169
2024-01-29T01:00:00,1,SHELF-B19,19.23,48.88,3169
2024-01-29T01:20:00,1,SHELF-B19,18.69,44.95,3169
2024-01-29T01:40:00,1,SHELF-B19,18.61,53.45,3169
2024-01-29T02:00:00,1,SHELF-B19,19.41,53.20,3169
2024-01-29T02:20:00,1,SHELF-B19,18.19,53.84,3169
2024-01-29T02:40:00,1,SHELF-B19,18.77,51.60,3169
2024-01-29T03:00:00,1,SHELF-B19,18.19,49.19,3169
2024-01-29T03:20:00,1,SHELF-B19,20.18,54.99,3169
2024-01-29T03:40:00,1,SHELF-B19,18.47,42.01,3169
2024-01-29T04:00:00,1,SHELF-B19,19.90,47.51,3169
2024-01-29T04:20:00,1,SHELF-B19,19.92,45.48,3169
2024-01-29T04:40:00,1,SHELF-B19,19.79,43.33,3169
2024-01-29T05:00:00,1,SHELF-B19,19.20,52.04,3169
2024-01-29T05:20:00,1,SHELF-B19,19.36,54.51,3169
2024-01-29T05:40:00,1,SHELF-B19,19.97,46.56,3169
2024-01-29T06:00:00,1,SHELF-B19,19.31,49.06,3169
2024-01-29T06:20:00,1,SHELF-B19,19.13,45.92,3169
2024-01-29T06:40:00,1,SHELF-B19,18.58,53.84,3169
2024-01-29T07:00:00,1,SHELF-B19,19.91,57.12,3169
2024-01-29T07:20:00,1,SHELF-B19,19.39,52.84,3169
2024-01-29T07:40:00,1,SHELF-B19,20.08,43.67,3169
2024-01-29T08:00:00,1,SHELF-B19,18.97,49.22,3169
2024-01-29T08:20:00,1,SHELF-B19,19.81,57.51,3169
2024-01-29T08:40:00,1,SHELF-B19,20.23,47.44,3169
2024-01-29T09:00:00,1,SHELF-B19,19.62,52.54,3169
2024-01-29T09:20:00,1,SHELF-B19,20.23,54.15,3169
2024-01-29T09:40:00,1,SHELF-B19,19.07,42.42,3169
2024-01-29T10:00:00,1,SHELF-B19,20.21,50.86,3169
2024-01-29T10:20:00,1,SHELF-B19,20.70,52.37,3169
2024-01-29T10:40:00,1,SHELF-B19,20.01,42.88,3169
2024-01-29T11:00:00,1,SHELF-B19,20.51,54.75,3169
2024-01-29T11:20:00,1,SHELF-B19,20.43,44.49,3169
2024-01-29T11:40:00,1,SHELF-B19,19.67,52.80,3169
2024-01-29T12:00:00,1,SHELF-B19,20.09,52.02,3169
2024-01-29T12:20:00,1,SHELF-B19,20.67,49.07,3169
2024-01-29T12:40:00,1,SHELF-B19,20.08,55.21,3169
2024-01-29T13:00:00,1,SHELF-B19,20.70,45.27,3169
2024-01-29T13:20:00,1,SHELF-B19,19.92,44.42,3169
2024-01-29T13:40:00,1,SHELF-B19,20.80,43.97,3169
2024-01-29T14:00:00,1,SHELF-B19,20.27,44.48,3169
2024-01-29T14:20:00,1,SHELF-B19,21.30,48.06,3169
2024-01-29T14:40:00,1,SHELF-B19,20.83,53.53,3169
2024-01-29T15:00:00,1,SHELF-B19,20.98,47.88,3169
2024-01-29T15:20:00,1,SHELF-B19,20.12,49.97,3169
2024-01-29T15:40:00,1,SHELF-B19,19.85,55.53,3169
2024-01-29T16:00:00,1,SHELF-B19,21.02,45.08,3169
2024-01-29T16:20:00,1,SHELF-B19,19.89,57.02,3169
2024-01-29T16:40:00,1,SHELF-B19,20.30,55.28,3169
2024-01-29T17:00:00,1,SHELF-B19,21.48,45.93,3169
2024-01-29T17:20:00,1,SHELF-B19,21.44,51.03,3169
2024-01-29T17:40:00,1,SHELF-B19,21.33,55.98,3169
2024-01-29T18:00:00,1,SHELF-B19,21.46,43.17,3169
2024-01-29T18:20:00,1,SHELF-B19,20.34,49.00,3169
2024-01-29T18:40:00,1,SHELF-B19,21.26,52.02,3169
2024-01-29T19:00:00,1,SHELF-B19,21.89,48.08,3169
2024-01-29T19:20:00,1,SHELF-B19,20.60,57.53,3169
2024-01-29T19:40:00,1,SHELF-B19,21.69,50.57,3169
2024-01-29T20:00:00,1,SHELF-B19,20.82,49.85,3169
2024-01-29T20:20:00,1,SHELF-B19,21.42,54.82,3169
2024-01-29T20:40:00,1,SHELF-B19,21.30,47.48,3169
2024-01-29T21:00:00,1,SHELF-B19,20.58,57.77,3169
2024-01-29T21:20:00,1,SHELF-B19,22.22,56.71,3169
2024-01-29T21:40:00,1,SHELF-B19,20.71,43.51,3169
2024-01-29T22:00:00,1,SHELF-B19,22.12,52.68,3169
2024-01-29T22:20:00,1,SHELF-B19,20.62,48.21,3169
2024-01-29T22:40:00,1,SHELF-B19,21.26,53.21,3169
2024-01-29T23:00:00,1,SHELF-B19,21.47,44.94,3169
2024-01-29T23:20:00,1,SHELF-B19,21.57,54.69,3169
2024-01-29T23:40:00,1,SHELF-B19,21.12,56.20,3169
2024-01-29T00:00:00,1,SHELF-E06,19.42,49.81,3060
2024-01-29T00:20:00,1,SHELF-E06,19.79,47.05,3060
2024-01-29T00:40:00,1,SHELF-E06,18.50,57.40,3060
2024-01-29T01:00:00,1,SHELF-E06,19.75,49.82,3060
2024-01-29T01:20:00,1,SHELF-E06,19.60,52.76,3060
2024-01-29T01:40:00,1,SHELF-E06,18.56,54.02,3060
2024-01-29T02:00:00,1,SHELF-E06,19.28,57.64,3060
2024-01-29T02:20:00,1,SHELF-E06,18.58,49.06,3060
2024-01-29T02:40:00,1,SHELF-E06,18.64,48.81,3060
2024-01-29T03:00:00,1,SHELF-E06,18.51,55.03,3060
2024-01-29T03:20:00,1,SHELF-E06,19.34,53.33,3060
2024-01-29T03:40:00,1,SHELF-E06,19.84,42.35,3060
2024-01-29T04:00:00,1,SHELF-E06,19.12,44.21,3060
2024-01-29T04:20:00,1,SHELF-E06,18.32,48.61,3060
2024-01-29T04:40:00,1,SHELF-E06,18.57,51.08,3060
2024-01-29T05:00:00,1,SHELF-E06,19.09,50.54,3060
2024-01-29T05:20:00,1,SHELF-E06,19.10,43.76,3060
2024-01-29T05:40:00,1,SHELF-E06,20.07,42.87,3060
2024-01-29T06:00:00,1,SHELF-E06,19.40,44.02,3060
2024-01-29T06:20:00,1,SHELF-E06,19.45,48.69,3060
2024-01-29T06:40:00,1,SHELF-E06,19.54,51.56,3060
2024-01-29T07:00:00,1,SHELF-E06,19.15,47.11,3060
2024-01-29T07:20:00,1,SHELF-E06,18.73,49.05,3060
2024-01-29T07:40:00,1,SHELF-E06,20.24,46.12,3060
2024-01-29T08:00:00,1,SHELF-E06,20.56,55.86,3060
2024-01-29T08:20:00,1,SHELF-E06,18.95,51.21,3060
2024-01-29T08:40:00,1,SHELF-E06,19.41,55.90,3060
2024-01-29T09:00:00,1,SHELF-E06,20.25,56.42,3060
2024-01-29T09:20:00,1,SHELF-E06,19.30,54.60,3060
2024-01-29T09:40:00,1,SHELF-E06,19.52,49.89,3060
2024-01-29T10:00:00,1,SHELF-E06,20.16,55.71,3060
2024-01-29T10:20:00,1,SHELF-E06,20.93,53.19,3060
2024-01-29T10:40:00,1,SHELF-E06,20.52,42.10,3060
2024-01-29T11:00:00,1,SHELF-E06,21.00,57.56,3060
2024-01-29T11:20:00,1,SHELF-E06,20.63,49.42,3060
2024-01-29T11:40:00,1,SHELF-E06,20.94,47.98,3060
2024-01-29T12:00:00,1,SHELF-E06,21.04,46.66,3060
2024-01-29T12:20:00,1,SHELF-E06,20.62,49.34,3060
2024-01-29T12:40:00,1,SHELF-E06,19.71,52.40,3060
2024-01-29T13:00:00,1,SHELF-E06,20.49,43.50,3060
2024-01-29T13:20:00,1,SHELF-E06,20.34,52.89,3060
2024-01-29T13:40:00,1,SHELF-E06,21.33,57.76,3060
2024-01-29T14:00:00,1,SHELF-E06,19.85,45.89,3060
2024-01-29T14:20:00,1,SHELF-E06,20.45,53.70,3060
2024-01-29T14:40:00,1,SHELF-E06,19.87,42.90,3060
2024-01-29T15:00:00,1,SHELF-E06,20.82,53.25,3060
2024-01-29T15:20:00,1,SHELF-E06,20.32,53.48,3060
2024-01-29T15:40:00,1,SHELF-E06,20.47,48.40,3060
2024-01-29T16:00:00,1,SHELF-E06,21.27,42.19,3060
2024-01-29T16:20:00,1,SHELF-E06,20.20,52.08,3060
2024-01-29T16:40:00,1,SHELF-E06,21.15,55.58,3060
2024-01-29T17:00:00,1,SHELF-E06,21.50,54.93,3060
2024-01-29T17:20:00,1,SHELF-E06,20.79,42.07,3060
2024-01-29T17:40:00,1,SHELF-E06,20.07,44.21,3060
2024-01-29T18:00:00,1,SHELF-E06,21.65,44.42,3060
2024-01-29T18:20:00,1,SHELF-E06,21.70,55.46,3060
2024-01-29T18:40:00,1,SHELF-E06,21.84,53.52,3060
2024-01-29T19:00:00,1,SHELF-E06,21.22,50.05,3060
2024-01-29T19:20:00,1,SHELF-E06,20.72,48.20,3060
2024-01-29T19:40:00,1,SHELF-E06,20.69,57.44,3060
2024-01-29T20:00:00,1,SHELF-E06,21.39,45.27,3060
2024-01-29T20:20:00,1,SHELF-E06,21.81,48.77,3060
2024-01-29T20:40:00,1,SHELF-E06,21.21,51.22,3060
2024-01-29T21:00:00,1,SHELF-E06,20.48,54.64,3060
2024-01-29T21:20:00,1,SHELF-E06,20.77,57.64,3060
2024-01-29T21:40:00,1,SHELF-E06,21.51,48.49,3060
2024-01-29T22:00:00,1,SHELF-E06,22.01,52.21,3060
2024-01-29T22:20:00,1,SHELF-E06,21.95,48.10,3060
2024-01-29T22:40:00,1,SHELF-E06,22.26,52.24,3060
2024-01-29T23:00:00,1,SHELF-E06,21.19,56.68,3060
2024-01-29T23:20:00,1,SHELF-E06,22.46,56.03,3060
2024-01-29T23:40:00,1,SHELF-E06,21.88,42.38,3060
2024-01-29T00:00:00,1,SHELF-F18,19.64,46.48,3138
2024-01-29T00:20:00,1,SHELF-F18,19.24,42.83,3138
2024-01-29T00:40:00,1,SHELF-F18,19.54,44.33,3138
2024-01-29T01:00:00,1,SHELF-F18,19.18,54.22,3138
2024-01-29T01:20:00,1,SHELF-F18,18.12,51.02,3138
2024-01-29T01:40:00,1,SHELF-F18,18.36,42.80,3138
2024-01-29T02:00:00,1,SHELF-F18,19.36,56.24,3138
2024-01-29T02:20:00,1,SHELF-F18,18.06,43.73,3138
2024-01-29T02:40:00,1,SHELF-F18,18.72,48.26,3138
2024-01-29T03:00:00,1,SHELF-F18,19.13,54.59,3138
2024-01-29T03:20:00,1,SHELF-F18,19.24,53.05,3138
2024-01-29T03:40:00,1,SHELF-F18,19.60,42.96,3138
2024-01-29T04:00:00,1,SHELF-F18,20.06,45.47,3138
2024-01-29T04:20:00,1,SHELF-F18,19.36,50.15,3138
2024-01-29T04:40:00,1,SHELF-F18,19.59,53.65,3138
2024-01-29T05:00:00,1,SHELF-F18,18.50,46.08,3138
2024-01-29T05:20:00,1,SHELF-F18,18.57,46.51,3138
2024-01-29T05:40:00,1,SHELF-F18,18.98,43.02,3138
2024-01-29T06:00:00,1,SHELF-F18,19.37,56.30,3138
2024-01-29T06:20:00,1,SHELF-F18,19.24,52.99,3138
2024-01-29T06:40:00,1,SHELF-F18,20.22,45.05,3138
2024-01-29T07:00:00,1,SHELF-F18,19.95,43.65,3138
2024-01-29T07:20:00,1,SHELF-F18,19.71,45.48,3138
2024-01-29T07:40:00,1,SHELF-F18,19.30,47.12,3138
2024-01-29T08:00:00,1,SHELF-F18,19.82,45.15,3138
2024-01-29T08:20:00,1,SHELF-F18,20.06,42.19,3138
2024-01-29T08:40:00,1,SHELF-F18,20.65,50.26,3138
2024-01-29T09:00:00,1,SHELF-F18,19.57,46.51,3138
2024-01-29T09:20:00,1,SHELF-F18,19.15,55.45,3138
2024-01-29T09:40:00,1,SHELF-F18,19.83,46.20,3138
2024-01-29T10:00:00,1,SHELF-F18,19.24,56.83,3138
2024-01-29T10:20:00,1,SHELF-F18,19.13,56.22,3138
2024-01-29T10:40:00,1,SHELF-F18,20.64,52.51,3138
2024-01-29T11:00:00,1,SHELF-F18,19.99,51.70,3138
2024-01-29T11:20:00,1,SHELF-F18,20.57,52.33,3138
2024-01-29T11:40:00,1,SHELF-F18,19.59,53.23,3138
2024-01-29T12:00:00,1,SHELF-F18,20.18,43.71,3138
2024-01-29T12:20:00,1,SHELF-F18,20.34,48.23,3138
2024-01-29T12:40:00,1,SHELF-F18,21.27,50.28,3138
2024-01-29T13:00:00,1,SHELF-F18,20.28,43.36,3138
2024-01-29T13:20:00,1,SHELF-F18,20.58,55.23,3138
2024-01-29T13:40:00,1,SHELF-F18,20.20,47.70,3138
2024-01-29T14:00:00,1,SHELF-F18,21.03,50.34,3138
2024-01-29T14:20:00,1,SHELF-F18,20.89,44.56,3138
2024-01-29T14:40:00,1,SHELF-F18,19.69,55.92,3138
2024-01-29T15:00:00,1,SHELF-F18,21.12,55.84,3138
2024-01-29T15:20:00,1,SHELF-F18,20.35,57.66,3138
2024-01-29T15:40:00,1,SHELF-F18,20.10,45.03,3138
2024-01-29T16:00:00,1,SHELF-F18,20.52,50.63,3138
2024-01-29T16:20:00,1,SHELF-F18,20.98,48.75,3138
2024-01-29T16:40:00,1,SHELF-F18,20.69,44.40,3138
2024-01-29T17:00:00,1,SHELF-F18,20.67,47.84,3138
2024-01-29T17:20:00,1,SHELF-F18,20.41,45.96,3138
2024-01-29T17:40:00,1,SHELF-F18,21.24,54.33,3138
2024-01-29T18:00:00,1,SHELF-F18,21.08,46.52,3138
2024-01-29T18:20:00,1,SHELF-F18,20.83,52.55,3138
2024-01-29T18:40:00,1,SHELF-F18,20.25,56.49,3138
2024-01-29T19:00:00,1,SHELF-F18,21.58,47.36,3138
2024-01-29T19:20:00,1,SHELF-F18,20.27,52.90,3138
2024-01-29T19:40:00,1,SHELF-F18,21.26,46.28,3138
2024-01-29T20:00:00,1,SHELF-F18,21.16,50.77,3138
2024-01-29T20:20:00,1,SHELF-F18,21.52,45.33,3138
2024-01-29T20:40:00,1,SHELF-F18,21.94,54.42,3138
2024-01-29T21:00:00,1,SHELF-F18,20.45,54.62,3138
2024-01-29T21:20:00,1,SHELF-F18,21.11,44.52,3138
2024-01-29T21:40:00,1,SHELF-F18,22.08,44.86,3138
2024-01-29T22:00:00,1,SHELF-F18,22.07,48.88,3138
2024-01-29T22:20:00,1,SHELF-F18,21.68,52.36,3138
2024-01-29T22:40:00,1,SHELF-F18,21.07,43.11,3138
2024-01-29T23:00:00,1,SHELF-F18,21.42,53.82,3138
2024-01-29T23:20:00,1,SHELF-F18,20.81,47.12,3138
2024-01-29T23:40:00,1,SHELF-F18,22.43,47.93,3138
2024-01-30T00:00:00,1,SHELF-D12,18.66,57.49,3118
2024-01-30T00:20:00,1,SHELF-D12,17.82,50.71,3118
2024-01-30T00:40:00,1,SHELF-D12,19.44,57.06,3118
2024-01-30T01:00:00,1,SHELF-D12,17.95,56.66,3118
2024-01-30T01:20:00,1,SHELF-D12,19.78,44.00,3118
2024-01-30T01:40:00,1,SHELF-D12,19.38,42.13,3118
2024-01-30T02:00:00,1,SHELF-D12,18.97,55.26,3118
2024-01-30T02:20:00,1,SHELF-D12,19.17,53.44,3118
2024-01-30T02:40:00,1,SHELF-D12,18.39,49.74,3118
2024-01-30T03:00:00,1,SHELF-D12,19.13,49.29,3118
2024-01-30T03:20:00,1,SHELF-D12,19.68,54.09,3118
2024-01-30T03:40:00,1,SHELF-D12,18.42,54.16,3118
2024-01-30T04:00:00,1,SHELF-D12,18.89,47.10,3118
2024-01-30T04:20:00,1,SHELF-D12,19.69,49.69,3118
2024-01-30T04:40:00,1,SHELF-D12,19.32,48.24,3118
2024-01-30T05:00:00,1,SHELF-D12,18.43,51.64,3118
2024-01-30T05:20:00,1,SHELF-D12,18.45,56.52,3118
2024-01-30T05:40:00,1,SHELF-D12,18.73,42.77,3118
2024-01-30T06:00:00,1,SHELF-D12,18.84,55.72,3118
2024-01-30T06:20:00,1,SHELF-D12,18.84,46.72,3118
2024-01-30T06:40:00,1,SHELF-D12,19.14,45.47,3118
2024-01-30T07:00:00,1,SHELF-D12,20.04,42.83,3118
2024-01-30T07:20:00,1,SHELF-D12,20.16,49.73,3118
2024-01-30T07:40:00,1,SHELF-D12,20.33,52.60,3118
2024-01-30T08:00:00,1,SHELF-D12,20.78,43.50,3118
2024-01-30T08:20:00,1,SHELF-D12,20.05,56.85,3118
2024-01-30T08:40:00,1,SHELF-D12,20.23,48.84,3118
2024-01-30T09:00:00,1,SHELF-D12,19.17,51.27,3118
2024-01-30T09:20:00,1,SHELF-D12,20.19,43.73,3118
2024-01-30T09:40:00,1,SHELF-D12,19.66,51.76,3118
2024-01-30T10:00:00,1,SHELF-D12,19.76,48.38,3118
2024-01-30T10:20:00,1,SHELF-D12,20.60,48.51,3118
2024-01-30T10:40:00,1,SHELF-D12,19.14,51.75,3118
2024-01-30T11:00:00,1,SHELF-D12,20.55,50.38,3118
2024-01-30T11:20:00,1,SHELF-D12,19.65,46.60,3118
2024-01-30T11:40:00,1,SHELF-D12,19.71,42.28,3118
2024-01-30T12:00:00,1,SHELF-D12,20.73,44.44,3118
2024-01-30T12:20:00,1,SHELF-D12,21.18,55.43,3118
2024-01-30T12:40:00,1,SHELF-D12,21.20,57.78,3118
2024-01-30T13:00:00,1,SHELF-D12,20.19,53.40,3118
2024-01-30T13:20:00,1,SHELF-D12,19.83,49.34,3118
2024-01-30T13:40:00,1,SHELF-D12,19.83,53.11,3118
2024-01-30T14:00:00,1,SHELF-D12,19.81,43.41,3118
2024-01-30T14:20:00,1,SHELF-D12,19.71,46.13,3118
2024-01-30T14:40:00,1,SHELF-D12,21.53,53.25,3118
2024-01-30T15:00:00,1,SHELF-D12,20.60,47.79,3118
2024-01-30T15:20:00,1,SHELF-D12,20.25,52.75,3118
2024-01-30T15:40:00,1,SHELF-D12,20.53,54.20,3118
2024-01-30T16:00:00,1,SHELF-D12,20.48,54.62,3118
2024-01-30T16:20:00,1,SHELF-D12,20.98,43.32,3118
2024-01-30T16:40:00,1,SHELF-D12,21.70,42.59,3118
2024-01-30T17:00:00,1,SHELF-D12,21.34,42.70,3118
2024-01-30T17:20:00,1,SHELF-D12,20.73,55.26,3118
2024-01-30T17:40:00,1,SHELF-D12,20.24,42.14,3118
2024-01-30T18:00:00,1,SHELF-D12,21.07,44.15,3118
2024-01-30T18:20:00,1,SHELF-D12,20.75,51.15,3118
2024-01-30T18:40:00,1,SHELF-D12,20.48,46.19,3118
2024-01-30T19:00:00,1,SHELF-D12,21.12,47.38,3118
2024-01-30T19:20:00,1,SHELF-D12,21.09,50.90,3118
2024-01-30T19:40:00,1,SHELF-D12,21.89,45.53,3118
2024-01-30T20:00:00,1,SHELF-D12,20.89,50.01,3118
2024-01-30T20:20:00,1,SHELF-D12,20.72,49.87,3118
2024-01-30T20:40:00,1,SHELF-D12,20.49,44.99,3118
2024-01-30T21:00:00,1,SHELF-D12,21.00,48.45,3118
2024-01-30T21:20:00,1,SHELF-D12,21.57,55.09,3118
2024-01-30T21:40:00,1,SHELF-D12,21.20,57.52,3118
2024-01-30T22:00:00,1,SHELF-D12,21.98,56.79,3118
2024-01-30T22:20:00,1,SHELF-D12,22.53,48.20,3118
2024-01-30T22:40:00,1,SHELF-D12,21.12,55.31,3118
2024-01-30T23:00:00,1,SHELF-D12,22.31,42.37,3118
2024-01-30T23:20:00,1,SHELF-D12,21.10,57.08,3118
2024-01-30T23:40:00,1,SHELF-D12,22.58,53.08,3118
2024-01-30T00:00:00,1,SHELF-A19,18.62,47.84,3210
2024-01-30T00:20:00,1,SHELF-A19,19.37,44.27,3210
2024-01-30T00:40:00,1,SHELF-A19,18.59,47.33,3210
2024-01-30T01:00:00,1,SHELF-A19,19.65,51.48,3210
2024-01-30T01:20:00,1,SHELF-A19,18.27,53.53,3210
2024-01-30T01:40:00,1,SHELF-A19,19.27,46.64,3210
2024-01-30T02:00:00,1,SHELF-A19,18.14,42.55,3210
2024-01-30T02:20:00,1,SHELF-A19,19.82,52.80,3210
2024-01-30T02:40:00,1,SHELF-A19,18.34,50.74,3210
2024-01-30T03:00:00,1,SHELF-A19,19.51,43.38,3210
2024-01-30T03:20:00,1,SHELF-A19,19.52,48.03,3210
2024-01-30T03:40:00,1,SHELF-A19,18.22,43.38,3210
2024-01-30T04:00:00,1,SHELF-A19,18.36,54.25,3210
2024-01-30T04:20:00,1,SHELF-A19,18.87,55.18,3210
2024-01-30T04:40:00,1,SHELF-A19,19.30,43.83,3210
2024-01-30T05:00:00,1,SHELF-A19,20.34,45.25,3210
2024-01-30T05:20:00,1,SHELF-A19,18.55,52.32,3210
2024-01-30T05:40:00,1,SHELF-A19,19.88,57.81,3210
2024-01-30T06:00:00,1,SHELF-A19,19.20,48.73,3210
2024-01-30T06:20:00,1,SHELF-A19,19.87,45.47,3210
2024-01-30T06:40:00,1,SHELF-A19,19.75,54.20,3210
2024-01-30T07:00:00,1,SHELF-A19,20.48,54.99,3210
2024-01-30T07:20:00,1,SHELF-A19,18.86,42.93,3210
2024-01-30T07:40:00,1,SHELF-A19,20.13,51.43,3210
2024-01-30T08:00:00,1,SHELF-A19,19.86,51.52,3210
2024-01-30T08:20:00,1,SHELF-A19,19.28,50.85,3210
2024-01-30T08:40:00,1,SHELF-A19,19.85,53.63,3210
2024-01-30T09:00:00,1,SHELF-A19,20.55,46.96,3210
2024-01-30T09:20:00,1,SHELF-A19,20.58,57.47,3210
2024-01-30T09:40:00,1,SHELF-A19,19.28,52.30,3210
2024-01-30T10:00:00,1,SHELF-A19,20.95,47.37,3210
2024-01-30T10:20:00,1,SHELF-A19,20.96,43.03,3210
2024-01-30T10:40:00,1,SHELF-A19,20.15,57.09,3210
2024-01-30T11:00:00,1,SHELF-A19,20.69,52.00,3210
2024-01-30T11:20:00,1,SHELF-A19,19.28,53.83,3210
2024-01-30T11:40:00,1,SHELF-A19,19.28,46.20,3210
2024-01-30T12:00:00,1,SHELF-A19,19.75,49.10,3210
2024-01-30T12:20:00,1,SHELF-A19,20.16,45.88,3210
2024-01-30T12:40:00,1,SHELF-A19,20.14,44.73,3210
2024-01-30T13:00:00,1,SHELF-A19,21.27,42.40,3210
2024-01-30T13:20:00,1,SHELF-A19,21.01,43.32,3210
2024-01-30T13:40:00,1,SHELF-A19,21.40,52.79,3210
2024-01-30T14:00:00,1,SHELF-A19,20.42,43.07,3210
2024-01-30T14:20:00,1,SHELF-A19,21.26,55.84,3210
2024-01-30T14:40:00,1,SHELF-A19,20.70,54.48,3210
2024-01-30T15:00:00,1,SHELF-A19,21.47,57.70,3210
2024-01-30T15:20:00,1,SHELF-A19,21.22,55.55,3210
2024-01-30T15:40:00,1,SHELF-A19,21.43,56.58,3210
2024-01-30T16:00:00,1,SHELF-A19,20.25,57.90,3210
2024-01-30T16:20:00,1,SHELF-A19,21.53,43.41,3210
2024-01-30T16:40:00,1,SHELF-A19,21.77,52.89,3210
2024-01-30T17:00:00,1,SHELF-A19,21.83,52.79,3210
2024-01-30T17:20:00,1,SHELF-A19,21.42,42.13,3210
2024-01-30T17:40:00,1,SHELF-A19,21.16,49.96,3210
2024-01-30T18:00:00,1,SHELF-A19,20.46,49.17,3210
2024-01-30T18:20:00,1,SHELF-A19,21.07,57.66,3210
2024-01-30T18:40:00,1,SHELF-A19,20.25,51.35,3210
2024-01-30T19:00:00,1,SHELF-A19,20.43,46.93,3210
2024-01-30T19:20:00,1,SHELF-A19,21.52,51.70,3210
2024-01-30T19:40:00,1,SHELF-A19,21.13,48.53,3210
2024-01-30T20:00:00,1,SHELF-A19,22.03,52.36,3210
2024-01-30T20:20:00,1,SHELF-A19,21.82,43.66,3210
2024-01-30T20:40:00,1,SHELF-A19,21.93,48.83,3210
2024-01-30T21:00:00,1,SHELF-A19,21.81,43.57,3210
2024-01-30T21:20:00,1,SHELF-A19,21.42,48.37,3210
2024-01-30T21:40:00,1,SHELF-A19,22.23,52.53,3210
2024-01-30T22:00:00,1,SHELF-A19,21.64,57.33,3210
2024-01-30T22:20:00,1,SHELF-A19,21.38,45.78,3210
2024-01-30T22:40:00,1,SHELF-A19,21.65,56.50,3210
2024-01-30T23:00:00,1,SHELF-A19,22.02,42.39,3210
2024-01-30T23:20:00,1,SHELF-A19,22.14,48.34,3210
2024-01-30T23:40:00,1,SHELF-A19,22.23,52.24,3210
2024-01-30T00:00:00,1,SHELF-B19,19.66,44.75,3159
2024-01-30T00:20:00,1,SHELF-B19,18.13,48.80,3159
2024-01-30T00:40:00,1,SHELF-B19,18.68,50.24,3159
2024-01-30T01:00:00,1,SHELF-B19,19.31,42.18,3159
2024-01-30T01:20:00,1,SHELF-B19,19.33,45.12,3159
2024-01-30T01:40:00,1,SHELF-B19,19.22,43.37,3159
2024-01-30T02:00:00,1,SHELF-B19,18.85,55.07,3159
2024-01-30T02:20:00,1,SHELF-B19,18.40,50.80,3159
2024-01-30T02:40:00,1,SHELF-B19,19.34,52.82,3159
2024-01-30T03:00:00,1,SHELF-B19,19.61,57.48,3159
2024-01-30T03:20:00,1,SHELF-B19,18.18,46.66,3159
2024-01-30T03:40:00,1,SHELF-B19,19.35,54.93,3159
2024-01-30T04:00:00,1,SHELF-B19,19.44,43.70,3159
2024-01-30T04:20:00,1,SHELF-B19,18.95,51.96,3159
2024-01-30T04:40:00,1,SHELF-B19,19.27,44.44,3159
2024-01-30T05:00:00,1,SHELF-B19,19.08,51.65,3159
2024-01-30T05:20:00,1,SHELF-B19,19.42,46.74,3159
2024-01-30T05:40:00,1,SHELF-B19,19.53,45.01,3159
2024-01-30T06:00:00,1,SHELF-B19,19.67,57.35,3159
2024-01-30T06:20:00,1,SHELF-B19,19.62,47.07,3159
2024-01-30T06:40:00,1,SHELF-B19,20.41,56.70,3159
2024-01-30T07:00:00,1,SHELF-B19,20.57,46.65,3159
2024-01-30T07:20:00,1,SHELF-B19,20.23,43.75,3159
2024-01-30T07:40:00,1,SHELF-B19,20.58,48.20,3159
2024-01-30T08:00:00,1,SHELF-B19,19.77,51.32,3159
2024-01-30T08:20:00,1,SHELF-B19,19.95,57.25,3159
2024-01-30T08:40:00,1,SHELF-B19,19.09,57.32,3159
2024-01-30T09:00:00,1,SHELF-B19,20.66,55.88,3159
2024-01-30T09:20:00,1,SHELF-B19,19.63,43.49,3159
2024-01-30T09:40:00,1,SHELF-B19,20.00,43.28,3159
2024-01-30T10:00:00,1,SHELF-B19,19.29,57.63,3159
2024-01-30T10:20:00,1,SHELF-B19,20.11,42.63,3159
2024-01-30T10:40:00,1,SHELF-B19,20.80,47.78,3159
2024-01-30T11:00:00,1,SHELF-B19,19.27,53.49,3159
2024-01-30T11:20:00,1,SHELF-B19,19.55,46.32,3159
2024-01-30T11:40:00,1,SHELF-B19,20.59,44.90,3159
2024-01-30T12:00:00,1,SHELF-B19,21.20,50.98,3159
2024-01-30T12:20:00,1,SHELF-B19,21.09,47.59,3159
2024-01-30T12:40:00,1,SHELF-B19,20.23,42.80,3159
2024-01-30T13:00:00,1,SHELF-B19,19.90,42.27,3159
2024-01-30T13:20:00,1,SHELF-B19,19.72,45.14,3159
2024-01-30T13:40:00,1,SHELF-B19,19.68,53.70,3159
2024-01-30T14:00:00,1,SHELF-B19,19.86,52.14,3159
2024-01-30T14:20:00,1,SHELF-B19,19.69,50.11,3159
2024-01-30T14:40:00,1,SHELF-B19,21.23,42.58,3159
2024-01-30T15:00:00,1,SHELF-B19,20.23,51.15,3159
2024-01-30T15:20:00,1,SHELF-B19,21.62,48.42,3159
2024-01-30T15:40:00,1,SHELF-B19,20.97,47.51,3159
2024-01-30T16:00:00,1,SHELF-B19,21.80,44.59,3159
2024-01-30T16:20:00,1,SHELF-B19,21.51,48.53,3159
2024-01-30T16:40:00,1,SHELF-B19,20.23,43.91,3159
2024-01-30T17:00:00,1,SHELF-B19,21.05,48.15,3159
2024-01-30T17:20:00,1,SHELF-B19,21.71,42.22,3159
2024-01-30T17:40:00,1,SHELF-B19,21.84,52.22,3159
2024-01-30T18:00:00,1,SHELF-B19,20.10,44.18,3159
2024-01-30T18:20:00,1,SHELF-B19,20.58,44.76,3159
2024-01-30T18:40:00,1,SHELF-B19,20.83,53.37,3159
2024-01-30T19:00:00,1,SHELF-B19,20.46,53.23,3159
2024-01-30T19:20:00,1,SHELF-B19,21.33,47.82,3159
2024-01-30T19:40:00,1,SHELF-B19,21.12,54.68,3159
2024-01-30T20:00:00,1,SHELF-B19,21.58,57.91,3159
2024-01-30T20:20:00,1,SHELF-B19,21.70,47.23,3159
2024-01-30T20:40:00,1,SHELF-B19,22.08,53.05,3159
2024-01-30T21:00:00,1,SHELF-B19,22.05,54.20,3159
2024-01-30T21:20:00,1,SHELF-B19,21.04,57.14,3159
2024-01-30T21:40:00,1,SHELF-B19,22.35,47.88,3159
2024-01-30T22:00:00,1,SHELF-B19,21.37,54.43,3159
2024-01-30T22:20:00,1,SHELF-B19,21.55,42.80,3159
2024-01-30T22:40:00,1,SHELF-B19,21.32,56.45,3159
2024-01-30T23:00:00,1,SHELF-B19,22.26,47.79,3159
2024-01-30T23:20:00,1,SHELF-B19,21.29,57.04,3159
2024-01-30T23:40:00,1,SHELF-B19,21.12,47.28,3159
2024-01-30T00:00:00,1,SHELF-E06,18.37,52.49,3058
2024-01-30T00:20:00,1,SHELF-E06,19.60,57.60,3058
2024-01-30T00:40:00,1,SHELF-E06,19.13,48.70,3058
2024-01-30T01:00:00,1,SHELF-E06,19.79,50.23,3058
2024-01-30T01:20:00,1,SHELF-E06,19.27,55.96,3058
2024-01-30T01:40:00,1,SHELF-E06,18.95,54.58,3058
2024-01-30T02:00:00,1,SHELF-E06,19.18,55.70,3058
2024-01-30T02:20:00,1,SHELF-E06,19.38,56.83,3058
2024-01-30T02:40:00,1,SHELF-E06,19.37,57.12,3058
2024-01-30T03:00:00,1,SHELF-E06,19.44,55.67,3058
2024-01-30T03:20:00,1,SHELF-E06,19.85,45.45,3058
2024-01-30T03:40:00,1,SHELF-E06,20.14,55.28,3058
2024-01-30T04:00:00,1,SHELF-E06,19.34,45.85,3058
2024-01-30T04:20:00,1,SHELF-E06,18.37,52.61,3058
2024-01-30T04:40:00,1,SHELF-E06,19.23,47.84,3058
2024-01-30T05:00:00,1,SHELF-E06,19.37,56.79,3058
2024-01-30T05:20:00,1,SHELF-E06,20.23,46.65,3058
2024-01-30T05:40:00,1,SHELF-E06,18.75,56.14,3058
2024-01-30T06:00:00,1,SHELF-E06,19.37,54.87,3058
2024-01-30T06:20:00,1,SHELF-E06,19.68,52.51,3058
2024-01-30T06:40:00,1,SHELF-E06,19.86,46.81,3058
2024-01-30T07:00:00,1,SHELF-E06,20.43,53.66,3058
2024-01-30T07:20:00,1,SHELF-E06,20.68,53.05,3058
2024-01-30T07:40:00,1,SHELF-E06,20.42,42.51,3058
2024-01-30T08:00:00,1,SHELF-E06,18.86,53.58,3058
2024-01-30T08:20:00,1,SHELF-E06,19.42,54.80,3058
2024-01-30T08:40:00,1,SHELF-E06,19.53,53.53,3058
2024-01-30T09:00:00,1,SHELF-E06,20.12,50.51,3058
2024-01-30T09:20:00,1,SHELF-E06,19.73,44.64,3058
2024-01-30T09:40:00,1,SHELF-E06,20.58,42.82,3058
2024-01-30T10:00:00,1,SHELF-E06,19.45,44.76,3058
2024-01-30T10:20:00,1,SHELF-E06,21.03,51.66,3058
2024-01-30T10:40:00,1,SHELF-E06,19.45,42.73,3058
2024-01-30T11:00:00,1,SHELF-E06,20.12,45.64,3058
2024-01-30T11:20:00,1,SHELF-E06,20.66,56.51,3058
2024-01-30T11:40:00,1,SHELF-E06,20.87,51.44,3058
2024-01-30T12:00:00,1,SHELF-E06,19.85,54.62,3058
2024-01-30T12:20:00,1,SHELF-E06,20.00,52.06,3058
2024-01-30T12:40:00,1,SHELF-E06,20.68,45.87,3058
2024-01-30T13:00:00,1,SHELF-E06,21.28,43.01,3058
2024-01-30T13:20:00,1,SHELF-E06,19.71,50.95,3058
2024-01-30T13:40:00,1,SHELF-E06,20.14,47.67,3058
2024-01-30T14:00:00,1,SHELF-E06,20.91,53.03,3058
2024-01-30T14:20:00,1,SHELF-E06,20.83,46.80,3058
2024-01-30T14:40:00,1,SHELF-E06,20.24,52.53,3058
2024-01-30T15:00:00,1,SHELF-E06,21.60,43.51,3058
2024-01-30T15:20:00,1,SHELF-E06,20.10,45.63,3058
2024-01-30T15:40:00,1,SHELF-E06,19.81,56.54,3058
2024-01-30T16:00:00,1,SHELF-E06,21.00,54.35,3058
2024-01-30T16:20:00,1,SHELF-E06,21.18,52.95,3058
2024-01-30T16:40:00,1,SHELF-E06,21.46,54.01,3058
2024-01-30T17:00:00,1,SHELF-E06,21.17,55.32,3058
2024-01-30T17:20:00,1,SHELF-E06,20.59,43.26,3058
2024-01-30T17:40:00,1,SHELF-E06,21.38,56.49,3058
2024-01-30T18:00:00,1,SHELF-E06,20.28,45.82,3058
2024-01-30T18:20:00,1,SHELF-E06,20.76,42.47,3058
2024-01-30T18:40:00,1,SHELF-E06,22.05,44.67,3058
2024-01-30T19:00:00,1,SHELF-E06,20.90,56.16,3058
2024-01-30T19:20:00,1,SHELF-E06,21.82,44.38,3058
2024-01-30T19:40:00,1,SHELF-E06,21.05,52.81,3058
2024-01-30T20:00:00,1,SHELF-E06,22.12,54.90,3058
2024-01-30T20:20:00,1,SHELF-E06,21.00,53.07,3058
2024-01-30T20:40:00,1,SHELF-E06,21.35,49.93,3058
2024-01-30T21:00:00,1,SHELF-E06,21.49,50.86,3058
2024-01-30T21:20:00,1,SHELF-E06,21.79,47.58,3058
2024-01-30T21:40:00,1,SHELF-E06,21.12,43.28,3058
2024-01-30T22:00:00,1,SHELF-E06,21.82,48.90,3058
2024-01-30T22:20:00,1,SHELF-E06,20.64,51.66,3058
2024-01-30T22:40:00,1,SHELF-E06,22.38,43.29,3058
2024-01-30T23:00:00,1,SHELF-E06,21.15,43.50,3058
2024-01-30T23:20:00,1,SHELF-E06,21.64,56.43,3058
2024-01-30T23:40:00,1,SHELF-E06,21.29,55.26,3058
2024-01-30T00:00:00,1,SHELF-F18,19.32,45.52,3122
2024-01-30T00:20:00,1,SHELF-F18,18.72,42.50,3122
2024-01-30T00:40:00,1,SHELF-F18,19.34,44.17,3122
2024-01-30T01:00:00,1,SHELF-F18,18.31,55.52,3122
2024-01-30T01:20:00,1,SHELF-F18,18.76,45.20,3122
2024-01-30T01:40:00,1,SHELF-F18,18.82,48.16,3122
2024-01-30T02:00:00,1,SHELF-F18,20.05,44.25,3122
2024-01-30T02:20:00,1,SHELF-F18,18.23,47.08,3122
2024-01-30T02:40:00,1,SHELF-F18,19.01,57.41,3122
2024-01-30T03:00:00,1,SHELF-F18,19.62,54.20,3122
2024-01-30T03:20:00,1,SHELF-F18,19.68,54.18,3122
2024-01-30T03:40:00,1,SHELF-F18,18.70,43.62,3122
2024-01-30T04:00:00,1,SHELF-F18,19.81,42.46,3122
2024-01-30T04:20:00,1,SHELF-F18,18.82,43.90,3122
2024-01-30T04:40:00,1,SHELF-F18,20.26,52.48,3122
2024-01-30T05:00:00,1,SHELF-F18,19.22,42.23,3122
2024-01-30T05:20:00,1,SHELF-F18,19.68,42.95,3122
2024-01-30T05:40:00,1,SHELF-F18,19.57,43.34,3122
2024-01-30T06:00:00,1,SHELF-F18,20.22,45.85,3122
2024-01-30T06:20:00,1,SHELF-F18,20.14,45.76,3122
2024-01-30T06:40:00,1,SHELF-F18,19.79,47.38,3122
2024-01-30T07:00:00,1,SHELF-F18,18.83,53.92,3122
2024-01-30T07:20:00,1,SHELF-F18,20.56,46.97,3122
2024-01-30T07:40:00,1,SHELF-F18,18.75,47.28,3122
2024-01-30T08:00:00,1,SHELF-F18,20.04,51.44,3122
2024-01-30T08:20:00,1,SHELF-F18,19.09,55.13,3122
2024-01-30T08:40:00,1,SHELF-F18,20.64,53.26,3122
2024-01-30T09:00:00,1,SHELF-F18,19.77,45.64,3122
2024-01-30T09:20:00,1,SHELF-F18,20.54,57.16,3122
2024-01-30T09:40:00,1,SHELF-F18,20.84,45.45,3122
2024-01-30T10:00:00,1,SHELF-F18,20.62,55.24,3122
2024-01-30T10:20:00,1,SHELF-F18,20.12,50.90,3122
2024-01-30T10:40:00,1,SHELF-F18,20.97,46.94,3122
2024-01-30T11:00:00,1,SHELF-F18,19.87,56.97,3122
2024-01-30T11:20:00,1,SHELF-F18,20.50,52.40,3122
2024-01-30T11:40:00,1,SHELF-F18,19.30,47.91,3122
2024-01-30T12:00:00,1,SHELF-F18,20.94,48.41,3122
2024-01-30T12:20:00,1,SHELF-F18,20.04,55.74,3122
2024-01-30T12:40:00,1,SHELF-F18,19.60,44.81,3122
2024-01-30T13:00:00,1,SHELF-F18,20.88,43.71,3122
2024-01-30T13:20:00,1,SHELF-F18,19.94,49.54,3122
2024-01-30T13:40:00,1,SHELF-F18,20.97,49.07,3122
2024-01-30T14:00:00,1,SHELF-F18,20.49,51.70,3122
2024-01-30T14:20:00,1,SHELF-F18,19.69,53.49,3122
2024-01-30T14:40:00,1,SHELF-F18,20.14,42.39,3122
2024-01-30T15:00:00,1,SHELF-F18,20.25,46.14,3122
2024-01-30T15:20:00,1,SHELF-F18,21.47,50.34,3122
2024-01-30T15:40:00,1,SHELF-F18,21.10,52.35,3122
2024-01-30T16:00:00,1,SHELF-F18,20.31,56.13,3122
2024-01-30T16:20:00,1,SHELF-F18,20.55,56.65,3122
2024-01-30T16:40:00,1,SHELF-F18,19.98,42.61,3122
2024-01-30T17:00:00,1,SHELF-F18,21.24,44.51,3122
2024-01-30T17:20:00,1,SHELF-F18,21.90,49.74,3122
2024-01-30T17:40:00,1,SHELF-F18,20.17,52.28,3122
2024-01-30T18:00:00,1,SHELF-F18,20.70,48.53,3122
2024-01-30T18:20:00,1,SHELF-F18,21.42,43.84,3122
2024-01-30T18:40:00,1,SHELF-F18,21.40,49.48,3122
2024-01-30T19:00:00,1,SHELF-F18,20.44,56.45,3122
2024-01-30T19:20:00,1,SHELF-F18,22.10,54.94,3122
2024-01-30T19:40:00,1,SHELF-F18,22.00,45.42,3122
2024-01-30T20:00:00,1,SHELF-F18,20.63,43.78,3122
2024-01-30T20:20:00,1,SHELF-F18,21.16,52.96,3122
2024-01-30T20:40:00,1,SHELF-F18,20.47,42.86,3122
2024-01-30T21:00:00,1,SHELF-F18,21.44,45.66,3122
2024-01-30T21:20:00,1,SHELF-F18,21.67,44.51,3122
2024-01-30T21:40:00,1,SHELF-F18,21.62,45.94,3122
2024-01-30T22:00:00,1,SHELF-F18,21.69,43.21,3122
2024-01-30T22:20:00,1,SHELF-F18,21.20,45.49,3122
2024-01-30T22:40:00,1,SHELF-F18,21.48,54.45,3122
2024-01-30T23:00:00,1,SHELF-F18,20.91,42.43,3122
2024-01-30T23:20:00,1,SHELF-F18,20.96,50.22,3122
2024-01-30T23:40:00,1,SHELF-F18,21.59,42.02,3122
2024-01-31T00:00:00,1,SHELF-D12,18.39,55.61,3204
2024-01-31T00:20:00,1,SHELF-D12,19.29,55.45,3204
2024-01-31T00:40:00,1,SHELF-D12,17.97,55.81,3204
2024-01-31T01:00:00,1,SHELF-D12,18.05,46.39,3204
2024-01-31T01:20:00,1,SHELF-D12,18.03,54.94,3204
2024-01-31T01:40:00,1,SHELF-D12,18.29,44.09,3204
2024-01-31T02:00:00,1,SHELF-D12,19.35,53.88,3204
2024-01-31T02:20:00,1,SHELF-D12,19.10,50.97,3204
2024-01-31T02:40:00,1,SHELF-D12,19.17,42.55,3204
2024-01-31T03:00:00,1,SHELF-D12,18.61,57.04,3204
2024-01-31T03:20:00,1,SHELF-D12,19.46,56.09,3204
2024-01-31T03:40:00,1,SHELF-D12,18.52,47.06,3204
2024-01-31T04:00:00,1,SHELF-D12,19.11,54.18,3204
2024-01-31T04:20:00,1,SHELF-D12,18.40,52.38,3204
2024-01-31T04:40:00,1,SHELF-D12,18.40,42.14,3204
2024-01-31T05:00:00,1,SHELF-D12,19.99,54.62,3204
2024-01-31T05:20:00,1,SHELF-D12,18.98,52.96,3204
2024-01-31T05:40:00,1,SHELF-D12,19.35,47.57,3204
2024-01-31T06:00:00,1,SHELF-D12,19.81,50.58,3204
2024-01-31T06:20:00,1,SHELF-D12,20.00,45.84,3204
2024-01-31T06:40:00,1,SHELF-D12,19.41,50.08,3204
2024-01-31T07:00:00,1,SHELF-D12,18.77,56.22,3204
2024-01-31T07:20:00,1,SHELF-D12,20.34,52.64,3204
2024-01-31T07:40:00,1,SHELF-D12,19.58,43.15,3204
2024-01-31T08:00:00,1,SHELF-D12,20.55,47.02,3204
2024-01-31T08:20:00,1,SHELF-D12,19.30,46.49,3204
2024-01-31T08:40:00,1,SHELF-D12,18.93,50.73,3204
2024-01-31T09:00:00,1,SHELF-D12,19.25,42.05,3204
2024-01-31T09:20:00,1,SHELF-D12,19.40,52.52,3204
2024-01-31T09:40:00,1,SHELF-D12,19.27,54.74,3204
2024-01-31T10:00:00,1,SHELF-D12,19.41,54.34,3204
2024-01-31T10:20:00,1,SHELF-D12,20.54,52.96,3204
2024-01-31T10:40:00,1,SHELF-D12,19.21,54.04,3204
2024-01-31T11:00:00,1,SHELF-D12,19.96,43.94,3204
2024-01-31T11:20:00,1,SHELF-D12,20.74,48.58,3204
2024-01-31T11:40:00,1,SHELF-D12,20.01,42.14,3204
2024-01-31T12:00:00,1,SHELF-D12,20.38,52.83,3204
2024-01-31T12:20:00,1,SHELF-D12,20.67,52.38,3204
2024-01-31T12:40:00,1,SHELF-D12,20.71,57.85,3204
2024-01-31T13:00:00,1,SHELF-D12,20.91,51.60,3204
2024-01-31T13:20:00,1,SHELF-D12,20.36,50.16,3204
2024-01-31T13:40:00,1,SHELF-D12,20.85,52.37,3204
2024-01-31T14:00:00,1,SHELF-D12,20.41,44.95,3204
2024-01-31T14:20:00,1,SHELF-D12,19.64,47.66,3204
2024-01-31T14:40:00,1,SHELF-D12,19.72,53.18,3204
2024-01-31T15:00:00,1,SHELF-D12,19.88,42.81,3204
2024-01-31T15:20:00,1,SHELF-D12,20.63,42.14,3204
2024-01-31T15:40:00,1,SHELF-D12,19.91,45.86,3204
2024-01-31T16:00:00,1,SHELF-D12,20.93,55.94,3204
2024-01-31T16:20:00,1,SHELF-D12,19.86,52.47,3204
2024-01-31T16:40:00,1,SHELF-D12,20.87,51.71,3204
2024-01-31T17:00:00,1,SHELF-D12,20.14,45.47,3204
2024-01-31T17:20:00,1,SHELF-D12,19.95,47.94,3204
2024-01-31T17:40:00,1,SHELF-D12,21.46,56.11,3204
2024-01-31T18:00:00,1,SHELF-D12,21.23,43.29,3204
2024-01-31T18:20:00,1,SHELF-D12,20.59,52.28,3204
2024-01-31T18:40:00,1,SHELF-D12,20.78,56.96,3204
2024-01-31T19:00:00,1,SHELF-D12,21.02,49.56,3204
2024-01-31T19:20:00,1,SHELF-D12,21.42,47.51,3204
2024-01-31T19:40:00,1,SHELF-D12,20.96,43.84,3204
2024-01-31T20:00:00,1,SHELF-D12,20.68,48.84,3204
2024-01-31T20:20:00,1,SHELF-D12,20.46,49.03,3204
2024-01-31T20:40:00,1,SHELF-D12,21.78,54.97,3204
2024-01-31T21:00:00,1,SHELF-D12,21.81,52.81,3204
2024-01-31T21:20:00,1,SHELF-D12,21.43,54.00,3204
2024-01-31T21:40:00,1,SHELF-D12,22.13,45.85,3204
2024-01-31T22:00:00,1,SHELF-D12,21.27,43.70,3204
2024-01-31T22:20:00,1,SHELF-D12,22.04,54.24,3204
2024-01-31T22:40:00,1,SHELF-D12,21.32,54.42,3204
2024-01-31T23:00:00,1,SHELF-D12,21.77,57.04,3204
2024-01-31T23:20:00,1,SHELF-D12,21.43,49.91,3204
2024-01-31T23:40:00,1,SHELF-D12,21.60,45.13,3204
2024-01-31T00:00:00,1,SHELF-A19,18.76,46.58,3174
2024-01-31T00:20:00,1,SHELF-A19,19.79,44.65,3174
2024-01-31T00:40:00,1,SHELF-A19,18.09,53.00,3174
2024-01-31T01:00:00,1,SHELF-A19,19.79,54.18,3174
2024-01-31T01:20:00,1,SHELF-A19,18.51,48.09,3174
2024-01-31T01:40:00,1,SHELF-A19,18.07,46.75,3174
2024-01-31T02:00:00,1,SHELF-A19,18.84,48.10,3174
2024-01-31T02:20:00,1,SHELF-A19,19.05,45.28,3174
2024-01-31T02:40:00,1,SHELF-A19,18.49,46.75,3174
2024-01-31T03:00:00,1,SHELF-A19,19.54,43.15,3174
2024-01-31T03:20:00,1,SHELF-A19,19.10,54.47,3174
2024-01-31T03:40:00,1,SHELF-A19,19.55,44.79,3174
2024-01-31T04:00:00,1,SHELF-A19,19.65,47.99,3174
2024-01-31T04:20:00,1,SHELF-A19,18.90,45.63,3174
2024-01-31T04:40:00,1,SHELF-A19,19.51,57.85,3174
2024-01-31T05:00:00,1,SHELF-A19,19.91,45.32,3174
2024-01-31T05:20:00,1,SHELF-A19,20.28,46.19,3174
2024-01-31T05:40:00,1,SHELF-A19,18.49,46.00,3174
2024-01-31T06:00:00,1,SHELF-A19,19.18,50.62,3174
2024-01-31T06:20:00,1,SHELF-A19,19.69,51.49,3174
2024-01-31T06:40:00,1,SHELF-A19,20.36,56.83,3174
2024-01-31T07:00:00,1,SHELF-A19,19.12,50.82,3174
2024-01-31T07:20:00,1,SHELF-A19,20.24,45.70,3174
2024-01-31T07:40:00,1,SHELF-A19,18.74,50.66,3174
2024-01-31T08:00:00,1,SHELF-A19,19.78,51.65,3174
2024-01-31T08:20:00,1,SHELF-A19,20.09,48.43,3174
2024-01-31T08:40:00,1,SHELF-A19,19.26,55.49,3174
2024-01-31T09:00:00,1,SHELF-A19,20.46,51.23,3174
2024-01-31T09:20:00,1,SHELF-A19,19.29,57.23,3174
2024-01-31T09:40:00,1,SHELF-A19,20.49,53.31,3174
2024-01-31T10:00:00,1,SHELF-A19,20.95,43.82,3174
2024-01-31T10:20:00,1,SHELF-A19,20.35,49.72,3174
2024-01-31T10:40:00,1,SHELF-A19,19.17,47.28,3174
2024-01-31T11:00:00,1,SHELF-A19,19.63,43.03,3174
2024-01-31T11:20:00,1,SHELF-A19,21.00,42.80,3174
2024-01-31T11:40:00,1,SHELF-A19,20.67,52.97,3174
2024-01-31T12:00:00,1,SHELF-A19,20.47,43.31,3174
2024-01-31T12:20:00,1,SHELF-A19,20.21,44.05,3174
2024-01-31T12:40:00,1,SHELF-A19,19.62,49.68,3174
2024-01-31T13:00:00,1,SHELF-A19,20.47,42.33,3174
2024-01-31T13:20:00,1,SHELF-A19,20.51,49.14,3174
2024-01-31T13:40:00,1,SHELF-A19,20.60,57.82,3174
2024-01-31T14:00:00,1,SHELF-A19,20.36,42.85,3174
2024-01-31T14:20:00,1,SHELF-A19,21.21,47.35,3174
2024-01-31T14:40:00,1,SHELF-A19,20.45,51.81,3174
2024-01-31T15:00:00,1,SHELF-A19,21.26,53.63,3174
2024-01-31T15:20:00,1,SHELF-A19,21.00,55.32,3174
2024-01-31T15:40:00,1,SHELF-A19,20.64,46.56,3174
2024-01-31T16:00:00,1,SHELF-A19,21.04,51.99,3174
2024-01-31T16:20:00,1,SHELF-A19,19.92,44.58,3174
2024-01-31T16:40:00,1,SHELF-A19,21.54,43.70,3174
2024-01-31T17:00:00,1,SHELF-A19,20.18,46.47,3174
2024-01-31T17:20:00,1,SHELF-A19,21.64,54.65,3174
2024-01-31T17:40:00,1,SHELF-A19,21.91,47.70,3174
2024-01-31T18:00:00,1,SHELF-A19,21.53,50.85,3174
2024-01-31T18:20:00,1,SHELF-A19,21.13,43.63,3174
2024-01-31T18:40:00,1,SHELF-A19,21.94,57.49,3174
2024-01-31T19:00:00,1,SHELF-A19,21.05,49.88,3174
2024-01-31T19:20:00,1,SHELF-A19,21.45,52.96,3174
2024-01-31T19:40:00,1,SHELF-A19,22.10,53.31,3174
2024-01-31T20:00:00,1,SHELF-A19,21.12,45.89,3174
2024-01-31T20:20:00,1,SHELF-A19,22.29,45.20,3174
2024-01-31T20:40:00,1,SHELF-A19,20.50,51.54,3174
2024-01-31T21:00:00,1,SHELF-A19,22.39,47.86,3174
2024-01-31T21:20:00,1,SHELF-A19,21.14,55.09,3174
2024-01-31T21:40:00,1,SHELF-A19,21.92,54.05,3174
2024-01-31T22:00:00,1,SHELF-A19,20.76,51.55,3174
2024-01-31T22:20:00,1,SHELF-A19,21.78,45.49,3174
2024-01-31T22:40:00,1,SHELF-A19,22.39,50.11,3174
2024-01-31T23:00:00,1,SHELF-A19,20.86,55.43,3174
2024-01-31T23:20:00,1,SHELF-A19,21.11,55.65,3174
2024-01-31T23:40:00,1,SHELF-A19,22.10,52.37,3174
2024-01-31T00:00:00,1,SHELF-B19,17.91,50.49,3189
2024-01-31T00:20:00,1,SHELF-B19,19.70,53.16,3189
2024-01-31T00:40:00,1,SHELF-B19,18.04,45.31,3189
2024-01-31T01:00:00,1,SHELF-B19,19.58,49.99,3189
2024-01-31T01:20:00,1,SHELF-B19,18.78,49.90,3189
2024-01-31T01:40:00,1,SHELF-B19,18.31,52.93,3189
2024-01-31T02:00:00,1,SHELF-B19,18.40,48.22,3189
2024-01-31T02:20:00,1,SHELF-B19,19.66,53.06,3189
2024-01-31T02:40:00,1,SHELF-B19,18.90,43.93,3189
2024-01-31T03:00:00,1,SHELF-B19,19.86,43.23,3189
2024-01-31T03:20:00,1,SHELF-B19,19.41,50.43,3189
2024-01-31T03:40:00,1,SHELF-B19,18.72,42.59,3189
2024-01-31T04:00:00,1,SHELF-B19,20.00,46.97,3189
2024-01-31T04:20:00,1,SHELF-B19,19.51,42.90,3189
2024-01-31T04:40:00,1,SHELF-B19,19.26,44.61,3189
2024-01-31T05:00:00,1,SHELF-B19,19.15,46.73,3189
2024-01-31T05:20:00,1,SHELF-B19,19.46,47.33,3189
2024-01-31T05:40:00,1,SHELF-B19,18.88,53.12,3189
2024-01-31T06:00:00,1,SHELF-B19,20.37,55.13,3189
2024-01-31T06:20:00,1,SHELF-B19,19.03,51.56,3189
2024-01-31T06:40:00,1,SHELF-B19,19.73,54.14,3189
2024-01-31T07:00:00,1,SHELF-B19,18.93,49.71,3189
2024-01-31T07:20:00,1,SHELF-B19,19.24,53.72,3189
2024-01-31T07:40:00,1,SHELF-B19,19.89,44.47,3189
2024-01-31T08:00:00,1,SHELF-B19,20.63,54.44,3189
2024-01-31T08:20:00,1,SHELF-B19,20.59,43.69,3189
2024-01-31T08:40:00,1,SHELF-B19,20.43,43.12,3189
2024-01-31T09:00:00,1,SHELF-B19,20.13,53.84,3189
2024-01-31T09:20:00,1,SHELF-B19,19.58,56.09,3189
2024-01-31T09:40:00,1,SHELF-B19,19.07,53.82,3189
2024-01-31T10:00:00,1,SHELF-B19,21.02,57.18,3189
2024-01-31T10:20:00,1,SHELF-B19,19.57,49.90,3189
2024-01-31T10:40:00,1,SHELF-B19,19.90,44.87,3189
2024-01-31T11:00:00,1,SHELF-B19,21.05,55.10,3189
2024-01-31T11:20:00,1,SHELF-B19,21.17,53.31,3189
2024-01-31T11:40:00,1,SHELF-B19,19.99,42.60,3189
2024-01-31T12:00:00,1,SHELF-B19,20.70,48.32,3189
2024-01-31T12:20:00,1,SHELF-B19,20.45,46.18,3189
2024-01-31T12:40:00,1,SHELF-B19,19.82,55.20,3189
2024-01-31T13:00:00,1,SHELF-B19,20.88,50.88,3189
2024-01-31T13:20:00,1,SHELF-B19,20.07,43.50,3189
2024-01-31T13:40:00,1,SHELF-B19,20.21,54.42,3189
2024-01-31T14:00:00,1,SHELF-B19,20.76,42.14,3189
2024-01-31T14:20:00,1,SHELF-B19,21.10,49.52,3189
2024-01-31T14:40:00,1,SHELF-B19,20.36,52.58,3189
2024-01-31T15:00:00,1,SHELF-B19,20.36,57.33,3189
2024-01-31T15:20:00,1,SHELF-B19,19.77,51.39,3189
2024-01-31T15:40:00,1,SHELF-B19,21.07,46.89,3189
2024-01-31T16:00:00,1,SHELF-B19,21.57,51.27,3189
2024-01-31T16:20:00,1,SHELF-B19,20.74,52.07,3189
2024-01-31T16:40:00,1,SHELF-B19,21.64,42.51,3189
2024-01-31T17:00:00,1,SHELF-B19,21.90,51.78,3189
2024-01-31T17:20:00,1,SHELF-B19,21.67,53.24,3189
2024-01-31T17:40:00,1,SHELF-B19,20.85,52.18,3189
2024-01-31T18:00:00,1,SHELF-B19,21.84,47.26,3189
2024-01-31T18:20:00,1,SHELF-B19,21.95,56.81,3189
2024-01-31T18:40:00,1,SHELF-B19,20.89,50.13,3189
2024-01-31T19:00:00,1,SHELF-B19,20.32,45.30,3189
2024-01-31T19:20:00,1,SHELF-B19,22.11,49.53,3189
2024-01-31T19:40:00,1,SHELF-B19,22.05,49.25,3189
2024-01-31T20:00:00,1,SHELF-B19,21.26,44.18,3189
2024-01-31T20:20:00,1,SHELF-B19,21.27,45.62,3189
2024-01-31T20:40:00,1,SHELF-B19,20.90,42.18,3189
2024-01-31T21:00:00,1,SHELF-B19,22.27,46.89,3189
2024-01-31T21:20:00,1,SHELF-B19,21.73,52.34,3189
2024-01-31T21:40:00,1,SHELF-B19,21.90,57.12,3189
2024-01-31T22:00:00,1,SHELF-B19,20.75,51.87,3189
2024-01-31T22:20:00,1,SHELF-B19,22.32,55.43,3189
2024-01-31T22:40:00,1,SHELF-B19,21.02,54.95,3189
2024-01-31T23:00:00,1,SHELF-B19,21.51,56.60,3189
2024-01-31T23:20:00,1,SHELF-B19,21.05,45.76,3189
2024-01-31T23:40:00,1,SHELF-B19,21.31,56.43,3189
2024-01-31T00:00:00,1,SHELF-E06,19.59,43.60,3064
2024-01-31T00:20:00,1,SHELF-E06,19.39,46.64,3064
2024-01-31T00:40:00,1,SHELF-E06,18.14,54.17,3064
2024-01-31T01:00:00,1,SHELF-E06,19.04,55.65,3064
2024-01-31T01:20:00,1,SHELF-E06,18.24,57.76,3064
2024-01-31T01:40:00,1,SHELF-E06,17.99,53.09,3064
2024-01-31T02:00:00,1,SHELF-E06,18.55,55.39,3064
2024-01-31T02:20:00,1,SHELF-E06,18.79,53.16,3064
2024-01-31T02:40:00,1,SHELF-E06,18.67,48.58,3064
2024-01-31T03:00:00,1,SHELF-E06,19.59,57.01,3064
2024-01-31T03:20:00,1,SHELF-E06,18.42,53.77,3064
2024-01-31T03:40:00,1,SHELF-E06,19.03,43.04,3064
2024-01-31T04:00:00,1,SHELF-E06,18.98,57.84,3064
2024-01-31T04:20:00,1,SHELF-E06,18.32,54.84,3064
2024-01-31T04:40:00,1,SHELF-E06,18.88,46.94,3064
2024-01-31T05:00:00,1,SHELF-E06,19.14,51.94,3064
2024-01-31T05:20:00,1,SHELF-E06,19.67,43.04,3064
2024-01-31T05:40:00,1,SHELF-E06,18.82,42.62,3064
2024-01-31T06:00:00,1,SHELF-E06,19.18,52.18,3064
2024-01-31T06:20:00,1,SHELF-E06,19.16,47.20,3064
2024-01-31T06:40:00,1,SHELF-E06,18.74,52.14,3064
2024-01-31T07:00:00,1,SHELF-E06,18.79,56.55,3064
2024-01-31T07:20:00,1,SHELF-E06,19.04,55.76,3064
2024-01-31T07:40:00,1,SHELF-E06,20.02,55.15,3064
2024-01-31T08:00:00,1,SHELF-E06,18.95,52.29,3064
2024-01-31T08:20:00,1,SHELF-E06,19.44,47.11,3064
2024-01-31T08:40:00,1,SHELF-E06,19.34,53.99,3064
2024-01-31T09:00:00,1,SHELF-E06,20.12,44.81,3064
2024-01-31T09:20:00,1,SHELF-E06,20.20,44.79,3064
2024-01-31T09:40:00,1,SHELF-E06,19.89,53.38,3064
2024-01-31T10:00:00,1,SHELF-E06,19.92,52.62,3064
2024-01-31T10:20:00,1,SHELF-E06,21.06,51.60,3064
2024-01-31T10:40:00,1,SHELF-E06,20.61,51.12,3064
2024-01-31T11:00:00,1,SHELF-E06,19.65,50.60,3064
2024-01-31T11:20:00,1,SHELF-E06,19.37,46.00,3064
2024-01-31T11:40:00,1,SHELF-E06,20.85,52.00,3064
2024-01-31T12:00:00,1,SHELF-E06,20.39,54.07,3064
2024-01-31T12:20:00,1,SHELF-E06,20.53,42.26,3064
2024-01-31T12:40:00,1,SHELF-E06,20.55,45.69,3064
2024-01-31T13:00:00,1,SHELF-E06,21.02,44.03,3064
2024-01-31T13:20:00,1,SHELF-E06,20.74,55.74,3064
2024-01-31T13:40:00,1,SHELF-E06,20.02,48.06,3064
2024-01-31T14:00:00,1,SHELF-E06,20.90,50.20,3064
2024-01-31T14:20:00,1,SHELF-E06,19.93,48.56,3064
2024-01-31T14:40:00,1,SHELF-E06,19.96,46.80,3064
2024-01-31T15:00:00,1,SHELF-E06,20.72,51.67,3064
2024-01-31T15:20:00,1,SHELF-E06,21.59,46.12,3064
2024-01-31T15:40:00,1,SHELF-E06,20.63,43.64,3064
2024-01-31T16:00:00,1,SHELF-E06,21.72,50.43,3064
2024-01-31T16:20:00,1,SHELF-E06,20.68,51.80,3064
2024-01-31T16:40:00,1,SHELF-E06,21.27,50.12,3064
2024-01-31T17:00:00,1,SHELF-E06,21.48,47.79,3064
2024-01-31T17:20:00,1,SHELF-E06,20.51,46.55,3064
2024-01-31T17:40:00,1,SHELF-E06,21.39,44.83,3064
2024-01-31T18:00:00,1,SHELF-E06,21.95,57.12,3064
2024-01-31T18:20:00,1,SHELF-E06,21.17,47.50,3064
2024-01-31T18:40:00,1,SHELF-E06,20.96,45.27,3064
2024-01-31T19:00:00,1,SHELF-E06,21.83,42.35,3064
2024-01-31T19:20:00,1,SHELF-E06,21.91,44.61,3064
2024-01-31T19:40:00,1,SHELF-E06,21.70,50.95,3064
2024-01-31T20:00:00,1,SHELF-E06,22.11,50.37,3064
2024-01-31T20:20:00,1,SHELF-E06,21.55,47.97,3064
2024-01-31T20:40:00,1,SHELF-E06,20.85,57.77,3064
2024-01-31T21:00:00,1,SHELF-E06,21.39,52.10,3064
2024-01-31T21:20:00,1,SHELF-E06,20.45,51.11,3064
2024-01-31T21:40:00,1,SHELF-E06,22.05,51.68,3064
2024-01-31T22:00:00,1,SHELF-E06,22.48,46.53,3064
2024-01-31T22:20:00,1,SHELF-E06,20.98,51.62,3064
2024-01-31T22:40:00,1,SHELF-E06,22.24,49.53,3064
2024-01-31T23:00:00,1,SHELF-E06,21.34,46.14,3064
2024-01-31T23:20:00,1,SHELF-E06,20.93,50.79,3064
2024-01-31T23:40:00,1,SHELF-E06,21.09,42.60,3064
2024-01-31T00:00:00,1,SHELF-F18,19.40,47.44,3191
2024-01-31T00:20:00,1,SHELF-F18,18.08,50.14,3191
2024-01-31T00:40:00,1,SHELF-F18,18.72,56.95,3191
2024-01-31T01:00:00,1,SHELF-F18,19.90,53.83,3191
2024-01-31T01:20:00,1,SHELF-F18,19.15,48.43,3191
2024-01-31T01:40:00,1,SHELF-F18,18.69,57.41,3191
2024-01-31T02:00:00,1,SHELF-F18,18.92,51.42,3191
2024-01-31T02:20:00,1,SHELF-F18,19.28,46.13,3191
2024-01-31T02:40:00,1,SHELF-F18,18.09,53.21,3191
2024-01-31T03:00:00,1,SHELF-F18,19.10,55.65,3191
2024-01-31T03:20:00,1,SHELF-F18,19.47,55.95,3191
2024-01-31T03:40:00,1,SHELF-F18,19.92,48.93,3191
2024-01-31T04:00:00,1,SHELF-F18,18.41,55.54,3191
2024-01-31T04:20:00,1,SHELF-F18,19.55,56.53,3191
2024-01-31T04:40:00,1,SHELF-F18,18.47,57.41,3191
2024-01-31T05:00:00,1,SHELF-F18,18.86,50.38,3191
2024-01-31T05:20:00,1,SHELF-F18,20.02,57.22,3191
2024-01-31T05:40:00,1,SHELF-F18,20.30,49.17,3191
2024-01-31T06:00:00,1,SHELF-F18,19.23,49.69,3191
2024-01-31T06:20:00,1,SHELF-F18,19.27,48.91,3191
2024-01-31T06:40:00,1,SHELF-F18,19.21,52.44,3191
2024-01-31T07:00:00,1,SHELF-F18,18.84,53.65,3191
2024-01-31T07:20:00,1,SHELF-F18,19.53,42.32,3191
2024-01-31T07:40:00,1,SHELF-F18,18.87,49.86,3191
2024-01-31T08:00:00,1,SHELF-F18,19.39,51.01,3191
2024-01-31T08:20:00,1,SHELF-F18,20.25,44.89,3191
2024-01-31T08:40:00,1,SHELF-F18,19.38,45.32,3191
2024-01-31T09:00:00,1,SHELF-F18,20.86,51.77,3191
2024-01-31T09:20:00,1,SHELF-F18,20.21,48.96,3191
2024-01-31T09:40:00,1,SHELF-F18,19.97,42.30,3191
2024-01-31T10:00:00,1,SHELF-F18,21.01,56.82,3191
2024-01-31T10:20:00,1,SHELF-F18,19.71,56.55,3191
2024-01-31T10:40:00,1,SHELF-F18,20.35,54.50,3191
2024-01-31T11:00:00,1,SHELF-F18,20.00,53.32,3191
2024-01-31T11:20:00,1,SHELF-F18,20.76,45.67,3191
2024-01-31T11:40:00,1,SHELF-F18,19.87,42.73,3191
2024-01-31T12:00:00,1,SHELF-F18,20.96,53.99,3191
2024-01-31T12:20:00,1,SHELF-F18,19.84,44.85,3191
2024-01-31T12:40:00,1,SHELF-F18,20.43,43.15,3191
2024-01-31T13:00:00,1,SHELF-F18,21.10,50.59,3191
2024-01-31T13:20:00,1,SHELF-F18,19.77,47.30,3191
2024-01-31T13:40:00,1,SHELF-F18,20.32,46.81,3191
2024-01-31T14:00:00,1,SHELF-F18,19.62,44.08,3191
2024-01-31T14:20:00,1,SHELF-F18,19.67,55.80,3191
2024-01-31T14:40:00,1,SHELF-F18,21.28,50.62,3191
2024-01-31T15:00:00,1,SHELF-F18,21.43,57.98,3191
2024-01-31T15:20:00,1,SHELF-F18,20.54,44.76,3191
2024-01-31T15:40:00,1,SHELF-F18,20.44,55.29,3191
2024-01-31T16:00:00,1,SHELF-F18,20.84,54.63,3191
2024-01-31T16:20:00,1,SHELF-F18,21.07,54.17,3191
2024-01-31T16:40:00,1,SHELF-F18,20.31,52.35,3191
2024-01-31T17:00:00,1,SHELF-F18,21.08,54.14,3191
2024-01-31T17:20:00,1,SHELF-F18,20.75,50.95,3191
2024-01-31T17:40:00,1,SHELF-F18,20.04,48.17,3191
2024-01-31T18:00:00,1,SHELF-F18,20.70,47.61,3191
2024-01-31T18:20:00,1,SHELF-F18,20.10,55.44,3191
2024-01-31T18:40:00,1,SHELF-F18,20.10,43.27,3191
2024-01-31T19:00:00,1,SHELF-F18,21.71,49.03,3191
2024-01-31T19:20:00,1,SHELF-F18,21.34,51.62,3191
2024-01-31T19:40:00,1,SHELF-F18,20.35,54.90,3191
2024-01-31T20:00:00,1,SHELF-F18,21.60,42.02,3191
2024-01-31T20:20:00,1,SHELF-F18,20.90,56.73,3191
2024-01-31T20:40:00,1,SHELF-F18,22.03,44.36,3191
2024-01-31T21:00:00,1,SHELF-F18,22.17,53.33,3191
2024-01-31T21:20:00,1,SHELF-F18,21.35,50.39,3191
2024-01-31T21:40:00,1,SHELF-F18,21.95,42.78,3191
2024-01-31T22:00:00,1,SHELF-F18,20.99,47.24,3191
2024-01-31T22:20:00,1,SHELF-F18,20.85,57.13,3191
2024-01-31T22:40:00,1,SHELF-F18,22.05,45.45,3191
2024-01-31T23:00:00,1,SHELF-F18,21.29,46.50,3191
2024-01-31T23:20:00,1,SHELF-F18,21.94,46.13,3191
2024-01-31T23:40:00,1,SHELF-F18,21.70,51.56,3191
